"brand","reference","reviewStatus","front","movement","caseback","braceletClasp","sources","origins"
"Tudor","12510","reviewed","reviewed gap — No verified photograph in inspected source set; further research open.","reviewed gap — No verified photograph in inspected source set; further research open.","reviewed gap — No verified photograph in inspected source set; further research open.","reviewed gap — No verified photograph in inspected source set; further research open.","https://www.tudorwatch.com/en/inside-tudor/history","rules"
"Tudor","25407","unreviewed","unresolved — no verified source","unresolved — no verified source","unresolved — no verified source","unresolved — no verified source","","rules"
"Tudor","25407N","reviewed","verified","reviewed gap — No verified photograph in inspected source set; further source research remains open.","verified","verified","https://www.tudorwatch.com/en/watches/pelagos | https://www.tudorwatch.com/en/watches/pelagos/m25407n-0001","rules | research updates"
"Tudor","2542G257","reviewed","reviewed gap — Unresolved source/reference conflict; no verified photograph attached.","reviewed gap — Unresolved source/reference conflict; no verified photograph attached.","reviewed gap — Unresolved source/reference conflict; no verified photograph attached.","reviewed gap — Unresolved source/reference conflict; no verified photograph attached.","https://www.tudorwatch.com/en/pressroom","rules"
"Tudor","2542G267NU","reviewed","reviewed gap — Unresolved source/reference conflict; no verified photograph attached.","reviewed gap — Unresolved source/reference conflict; no verified photograph attached.","reviewed gap — Unresolved source/reference conflict; no verified photograph attached.","reviewed gap — Unresolved source/reference conflict; no verified photograph attached.","https://www.tudorwatch.com/en/pressroom","rules"
"Tudor","2543C1A7NU","reviewed","verified","reviewed gap — No verified photograph in inspected source set; further source research remains open.","verified","verified","https://www.tudorwatch.com/en/watches/pelagos","rules"
"Tudor","25600T","unreviewed","awaiting visual/source inspection","awaiting visual/source inspection","unresolved — no verified source","unresolved — no verified source","","rules"
"Tudor","25600TB","reviewed","verified","reviewed gap — No verified photograph in inspected source set; further source research remains open.","verified","verified","https://www.tudorwatch.com/en/watches/pelagos/m25600tb-0001","rules | research updates"
"Tudor","25600TN","reviewed","verified","reviewed gap — No verified photograph in inspected source set; further source research remains open.","reviewed gap — No verified photograph in inspected source set; further source research remains open.","reviewed gap — No verified photograph in inspected source set; further source research remains open.","https://www.tudorwatch.com/en/watches/pelagos/m25600tn-0001","rules | research updates"
"Tudor","25610T","unreviewed","unresolved — no verified source","unresolved — no verified source","unresolved — no verified source","unresolved — no verified source","","rules"
"Tudor","25610TNL","reviewed","verified","reviewed gap — No verified photograph in inspected source set; further source research remains open.","verified","verified","https://www.tudorwatch.com/en/watches/pelagos","rules"
"Tudor","25707","reviewed","reviewed gap — Unresolved source/reference-year boundary; no verified photograph attached.","reviewed gap — Unresolved source/reference-year boundary; no verified photograph attached.","reviewed gap — Unresolved source/reference-year boundary; no verified photograph attached.","reviewed gap — Unresolved source/reference-year boundary; no verified photograph attached.","","rules"
"Tudor","25707B/26","reviewed","reviewed gap — Unresolved source/reference-year boundary; no verified photograph attached.","reviewed gap — Unresolved source/reference-year boundary; no verified photograph attached.","reviewed gap — Unresolved source/reference-year boundary; no verified photograph attached.","reviewed gap — Unresolved source/reference-year boundary; no verified photograph attached.","https://www.tudorwatch.com/en/pelagos-fxd-navy","rules"
"Tudor","25707KN","reviewed","verified","reviewed gap — No verified photograph in inspected source set; further source research remains open.","reviewed gap — No verified photograph in inspected source set; further source research remains open.","verified","https://www.tudorwatch.com/en/pressroom","rules"
"Tudor","25717N","reviewed","verified","reviewed gap — No verified photograph in inspected source set; further source research remains open.","reviewed gap — No verified photograph in inspected source set; further source research remains open.","reviewed gap — No verified photograph in inspected source set; further source research remains open.","https://www.tudorwatch.com/en/pelagos-fxd-navy","rules"
"Tudor","25807K","unreviewed","unresolved — no verified source","unresolved — no verified source","unresolved — no verified source","unresolved — no verified source","https://www.tudorwatch.com/en/pressroom","rules"
"Tudor","25807KN","unreviewed","unresolved — no verified source","unresolved — no verified source","unresolved — no verified source","unresolved — no verified source","https://www.tudorwatch.com/en/pressroom","rules"
"Tudor","35200","reviewed","verified","reviewed gap — No opened movement photographed; category remains empty.","verified","verified","https://www.tudorwatch.com/en/watches/clair-de-rose/m35200-0004","rules"
"Tudor","35500","reviewed","verified","reviewed gap — No opened movement photographed; category remains empty.","verified","verified","https://www.tudorwatch.com/en/watches/clair-de-rose/m35500-0001","rules"
"Tudor","35800","reviewed","verified","reviewed gap — No verified photograph in inspected source set; further research open.","verified","verified","https://www.tudorwatch.com/en/watches/clair-de-rose/m35800-0001","rules"
"Tudor","70150","reviewed","verified","reviewed gap — No verified photograph in inspected source set; further source research remains open.","reviewed gap — No verified photograph in inspected source set; further source research remains open.","verified","","rules"
"Tudor","7031/0","reviewed","verified","verified","verified","reviewed gap — No verified photograph in inspected manufacturer source set; further auction/dealer research remains open.","https://www.tudorwatch.com/en/inside-tudor/history/tudor-history-chronographs-1970","rules | research updates"
"Tudor","7032/0","reviewed","reviewed gap — No verified photograph in inspected manufacturer source set; further auction/dealer research remains open.","reviewed gap — No verified photograph in inspected manufacturer source set; further auction/dealer research remains open.","reviewed gap — No verified photograph in inspected manufacturer source set; further auction/dealer research remains open.","reviewed gap — No verified photograph in inspected manufacturer source set; further auction/dealer research remains open.","https://www.tudorwatch.com/en/inside-tudor/history/tudor-history-chronographs-1970","rules | research updates"
"Tudor","7149/0","reviewed","verified","verified","verified","reviewed gap — No verified photograph in inspected manufacturer source set; further auction/dealer research remains open.","https://www.tudorwatch.com/en/inside-tudor/history/tudor-history-chronographs-1971-to-1976","rules | research updates"
"Tudor","7169/0","reviewed","verified","verified","reviewed gap — No verified photograph in inspected manufacturer source set; further auction/dealer research remains open.","reviewed gap — No verified photograph in inspected manufacturer source set; further auction/dealer research remains open.","https://www.tudorwatch.com/en/inside-tudor/history/tudor-history-chronographs-1971-to-1976","rules | research updates"
"Tudor","74000","reviewed","reviewed gap — Unresolved gap in inspected source set; further research open.","reviewed gap — Unresolved gap in inspected source set; further research open.","reviewed gap — Unresolved gap in inspected source set; further research open.","reviewed gap — Unresolved gap in inspected source set; further research open.","https://www.tudorwatch.com/en/inside-tudor/history","rules"
"Tudor","74000N","reviewed","verified","verified","verified","verified","","rules"
"Tudor","74033","reviewed","reviewed gap — Unresolved gap in inspected source set; further research open.","reviewed gap — Unresolved gap in inspected source set; further research open.","reviewed gap — Unresolved gap in inspected source set; further research open.","reviewed gap — Unresolved gap in inspected source set; further research open.","https://www.tudorwatch.com/en/inside-tudor/history","rules"
"Tudor","76200","reviewed","verified","reviewed gap — No verified photograph in inspected source set; further research open.","reviewed gap — No verified photograph in inspected source set; further research open.","reviewed gap — No verified photograph in inspected source set; further research open.","https://www.tudorwatch.com/en/inside-tudor/history","rules"
"Tudor","76213","reviewed","verified","verified","verified","verified","https://www.tudorwatch.com/en/inside-tudor/history","rules"
"Tudor","79000B","reviewed","verified","reviewed gap — No verified photograph in inspected source set; further source research remains open.","reviewed gap — No verified photograph in inspected source set; further source research remains open.","verified","https://www.tudorwatch.com/en/watches/black-bay-54/m79000b-0001","rules"
"Tudor","79000N","reviewed","verified","reviewed gap — No verified photograph in inspected source set; further source research remains open.","verified","verified","https://www.tudorwatch.com/en/watch-family/black-bay-54 | https://www.tudorwatch.com/en/watches/black-bay-54/m79000n-0001","rules | research updates"
"Tudor","79010S","unreviewed","unresolved — no verified source","unresolved — no verified source","unresolved — no verified source","unresolved — no verified source","","rules"
"Tudor","79010SG","reviewed","verified","verified","verified","reviewed gap — No verified photograph in inspected source set; further source research remains open.","https://www.tudorwatch.com/en/pressroom/new-watches/2021/black-bay-58-925","rules"
"Tudor","79012","unreviewed","unresolved — no verified source","unresolved — no verified source","unresolved — no verified source","unresolved — no verified source","","rules"
"Tudor","79012M","reviewed","verified","reviewed gap — No verified photograph in inspected source set; further source research remains open.","verified","verified","https://www.tudorwatch.com/en/watch-family/black-bay-58","rules"
"Tudor","79030B","reviewed","verified","reviewed gap — No verified photograph in inspected source set; further source research remains open.","verified","verified","https://www.tudorwatch.com/en/watch-family/black-bay-58","rules"
"Tudor","79030N","reviewed","verified","reviewed gap — No verified photograph in inspected source set; further source research remains open.","verified","reviewed gap — No verified photograph in inspected source set; further source research remains open.","https://media.tudorwatch.com/image/upload/fl_attachment/v1/tudorwatch/pressroom/products/black-bay-58/pdf/bw18-tudor-black-bay-fifty-eight-en.pdf","rules"
"Tudor","79090","reviewed","verified","reviewed gap — No verified photograph in inspected manufacturer source set; further auction/dealer research remains open.","reviewed gap — No verified photograph in inspected manufacturer source set; further auction/dealer research remains open.","reviewed gap — No verified photograph in inspected manufacturer source set; further auction/dealer research remains open.","https://www.tudorwatch.com/en/inside-tudor/history/tudor-history-submariners-1969-to-1999","rules | research updates"
"Tudor","79160","reviewed","verified","verified","reviewed gap — No verified photograph in inspected manufacturer source set; further auction/dealer research remains open.","reviewed gap — No verified photograph in inspected manufacturer source set; further auction/dealer research remains open.","https://www.tudorwatch.com/en/inside-tudor/history/tudor-history-chronographs-1976-to-1991","rules | research updates"
"Tudor","79170","reviewed","verified","verified","reviewed gap — No verified photograph in inspected manufacturer source set; further auction/dealer research remains open.","reviewed gap — No verified photograph in inspected manufacturer source set; further auction/dealer research remains open.","https://www.tudorwatch.com/en/inside-tudor/history/tudor-history-chronographs-1976-to-1991","rules"
"Tudor","79180","reviewed","verified","reviewed gap — No verified photograph in inspected source set; further source research remains open.","verified","verified","https://www.tudorwatch.com/en/inside-tudor/history/tudor-history-chronographs-1976-to-1991","rules"
"Tudor","79190","reviewed","verified","verified","reviewed gap — No verified photograph in inspected manufacturer source set; further auction/dealer research remains open.","reviewed gap — No verified photograph in inspected manufacturer source set; further auction/dealer research remains open.","https://www.tudorwatch.com/en/inside-tudor/history/tudor-history-submariners-1969-to-1999","rules"
"Tudor","79210CNU","reviewed","verified","verified","verified","verified","https://www.tudorwatch.com/en/pressroom","rules"
"Tudor","7922","reviewed","verified","verified","reviewed gap — No verified photograph in inspected manufacturer source set; further auction/dealer research remains open.","reviewed gap — No verified photograph in inspected manufacturer source set; further auction/dealer research remains open.","https://www.tudorwatch.com/en/inside-tudor/history/tudor-history-submariners-1954-to-1968","rules | research updates"
"Tudor","79220R/B/N","reviewed","reviewed gap — Enumerated pattern reviewed; individual variant coverage documented, literal joined key withheld.","reviewed gap — Enumerated pattern reviewed; individual variant coverage documented, literal joined key withheld.","reviewed gap — Enumerated pattern reviewed; individual variant coverage documented, literal joined key withheld.","reviewed gap — Enumerated pattern reviewed; individual variant coverage documented, literal joined key withheld.","https://www.tudorwatch.com/en/inside-tudor","rules"
"Tudor","79230R/B/N","reviewed","reviewed gap — Joined pattern enumerated; individual reference coverage and unresolved blue variant documented.","reviewed gap — Joined pattern enumerated; individual reference coverage and unresolved blue variant documented.","reviewed gap — Joined pattern enumerated; individual reference coverage and unresolved blue variant documented.","reviewed gap — Joined pattern enumerated; individual reference coverage and unresolved blue variant documented.","https://www.tudorwatch.com/en/inside-tudor/watchmaking/tudor-manufacture-movement","rules"
"Tudor","7924","reviewed","verified","reviewed gap — No verified photograph in inspected manufacturer source set; further auction/dealer research remains open.","reviewed gap — No verified photograph in inspected manufacturer source set; further auction/dealer research remains open.","reviewed gap — No verified photograph in inspected manufacturer source set; further auction/dealer research remains open.","https://www.tudorwatch.com/en/inside-tudor/history/tudor-history-submariners-1954-to-1968","rules | research updates"
"Tudor","79250BA","reviewed","verified","reviewed gap — No verified photograph in inspected source set; further source research remains open.","verified","reviewed gap — No verified photograph in inspected source set; further source research remains open.","https://www.tudorwatch.com/en/watches/black-bay-bronze/m79250ba-0001","rules"
"Tudor","79260","reviewed","verified","verified","reviewed gap — No verified photograph in inspected manufacturer source set; further auction/dealer research remains open.","reviewed gap — No verified photograph in inspected manufacturer source set; further auction/dealer research remains open.","https://www.tudorwatch.com/en/inside-tudor/history/tudor-history-chronographs-1995-to-2000","rules | research updates"
"Tudor","7928","reviewed","verified","verified","reviewed gap — No verified photograph in inspected manufacturer source set; further auction/dealer research remains open.","reviewed gap — No verified photograph in inspected manufacturer source set; further auction/dealer research remains open.","https://www.tudorwatch.com/en/inside-tudor/history/tudor-history-submariners-1954-to-1968","rules | research updates"
"Tudor","79280","reviewed","verified","verified","reviewed gap — No verified photograph in inspected manufacturer source set; further auction/dealer research remains open.","reviewed gap — No verified photograph in inspected manufacturer source set; further auction/dealer research remains open.","https://www.tudorwatch.com/en/inside-tudor/history/tudor-history-chronographs-1995-to-2000","rules | research updates"
"Tudor","79330","reviewed","reviewed gap — Unresolved reference identification or actual-photograph provenance; no attachment.","reviewed gap — Unresolved reference identification or actual-photograph provenance; no attachment.","reviewed gap — Unresolved reference identification or actual-photograph provenance; no attachment.","reviewed gap — Unresolved reference identification or actual-photograph provenance; no attachment.","","rules"
"Tudor","79350","reviewed","verified","reviewed gap — No verified photograph in inspected source set; further source research remains open.","verified","verified","https://www.tudorwatch.com/en/inside-tudor/watchmaking/tudor-manufacture-movement","rules"
"Tudor","79360N","reviewed","verified","reviewed gap — No verified photograph in inspected source set; further source research remains open.","verified","verified","https://www.tudorwatch.com/en/watches/black-bay-chrono/m79360n-0013","rules | research updates"
"Tudor","79363N","reviewed","verified","reviewed gap — No verified photograph in inspected source set; further source research remains open.","reviewed gap — No verified photograph in inspected source set; further source research remains open.","reviewed gap — No verified photograph in inspected source set; further source research remains open.","https://www.tudorwatch.com/en/inside-tudor/watchmaking/tudor-manufacture-movement","rules"
"Tudor","7939A1A0NU","reviewed","verified","reviewed gap — No verified photograph in inspected source set; further source research remains open.","reviewed gap — No verified photograph in inspected source set; further source research remains open.","reviewed gap — No verified photograph in inspected source set; further source research remains open.","https://www.tudorwatch.com/en/watch-family/black-bay-58","rules"
"Tudor","7939A1A0RU","reviewed","verified","reviewed gap — No verified photograph in inspected source set; further source research remains open.","reviewed gap — No verified photograph in inspected source set; further source research remains open.","reviewed gap — No verified photograph in inspected source set; further source research remains open.","https://www.tudorwatch.com/en/watches/black-bay-58/m7939a1a0ru-0001","rules"
"Tudor","7939G1A0NRU","reviewed","verified","reviewed gap — No verified photograph in inspected source set; further source research remains open.","verified","verified","https://www.tudorwatch.com/en/watch-family/black-bay-58 | https://www.tudorwatch.com/en/watches/black-bay-58/m7939g1a0nru-0001","rules | research updates"
"Tudor","7941A1A0NU","reviewed","verified","reviewed gap — No verified photograph in inspected source set; further source research remains open.","verified","verified","https://www.tudorwatch.com/en/watches/black-bay/m7941a1a0nu-0001","rules"
"Tudor","7941A1A0RU","reviewed","verified","reviewed gap — No verified photograph in inspected source set; further source research remains open.","verified","verified","https://www.tudorwatch.com/en/watches/black-bay/m7941a1a0ru-0003","rules"
"Tudor","7943A1A0","reviewed","reviewed gap — No verified photograph in inspected source set; further source research remains open.","reviewed gap — No verified photograph in inspected source set; further source research remains open.","reviewed gap — No verified photograph in inspected source set; further source research remains open.","reviewed gap — No verified photograph in inspected source set; further source research remains open.","","rules"
"Tudor","79470","reviewed","verified","reviewed gap — No verified photograph in inspected source set; further source research remains open.","reviewed gap — No verified photograph in inspected source set; further source research remains open.","verified","https://www.tudorwatch.com/en/watches/black-bay-pro/m79470-0001","rules | research updates"
"Tudor","79600","reviewed","reviewed gap — No verified photograph in inspected source set; further source research remains open.","reviewed gap — No verified photograph in inspected source set; further source research remains open.","reviewed gap — No verified photograph in inspected source set; further source research remains open.","reviewed gap — No verified photograph in inspected source set; further source research remains open.","https://www.tudorwatch.com/en/watches/black-bay-one/m79600-0001","rules"
"Tudor","79640","reviewed","reviewed gap — No verified photograph in inspected source set; further source research remains open.","reviewed gap — No verified photograph in inspected source set; further source research remains open.","reviewed gap — No verified photograph in inspected source set; further source research remains open.","reviewed gap — No verified photograph in inspected source set; further source research remains open.","https://www.tudorwatch.com/en/watches/black-bay-one/m79640-0001","rules"
"Tudor","79660","reviewed","reviewed gap — No verified photograph in inspected source set; further source research remains open.","reviewed gap — No verified photograph in inspected source set; further source research remains open.","reviewed gap — No verified photograph in inspected source set; further source research remains open.","reviewed gap — No verified photograph in inspected source set; further source research remains open.","https://www.tudorwatch.com/en/watches/black-bay-one/m79660-0001","rules"
"Tudor","79680","reviewed","reviewed gap — No verified photograph in inspected source set; further source research remains open.","reviewed gap — No verified photograph in inspected source set; further source research remains open.","reviewed gap — No verified photograph in inspected source set; further source research remains open.","reviewed gap — No verified photograph in inspected source set; further source research remains open.","https://www.tudorwatch.com/en/watches/black-bay-one/m79680-0005","rules"
"Tudor","79733","unreviewed","unresolved — no verified source","unresolved — no verified source","unresolved — no verified source","unresolved — no verified source","","rules"
"Tudor","79830RB","reviewed","verified","reviewed gap — No verified photograph in inspected source set; further source research remains open.","reviewed gap — No verified photograph in inspected source set; further source research remains open.","verified","https://media.tudorwatch.com/image/upload/fl_attachment/v1/tudorwatch/pressroom/products/black-bay-gmt/pdf/bw18-tudor-black-bay-gmt-en.pdf","rules"
"Tudor","79930","reviewed","verified","reviewed gap — No verified photograph in inspected source set; further source research remains open.","verified","verified","https://www.tudorwatch.com/en/watch-family/ranger","rules"
"Tudor","79950","reviewed","verified","reviewed gap — No verified photograph in inspected source set; further source research remains open.","reviewed gap — No verified photograph in inspected source set; further source research remains open.","reviewed gap — No verified photograph in inspected source set; further source research remains open.","https://www.tudorwatch.com/en/watch-family/ranger | https://www.tudorwatch.com/en/watches/ranger/m79950-0001","rules | research updates"
"Tudor","91210N","reviewed","verified","verified","verified","verified","https://www.tudorwatch.com/en/pressroom","rules"
"Tudor","91450","unreviewed","unresolved — no verified source","unresolved — no verified source","unresolved — no verified source","unresolved — no verified source","https://www.tudorwatch.com/en/watches/1926","rules"
"Tudor","91550","unreviewed","unresolved — no verified source","unresolved — no verified source","unresolved — no verified source","unresolved — no verified source","https://www.tudorwatch.com/en/watches/1926/m91550-0005","rules"
"Tudor","91650","reviewed","verified","reviewed gap — No opened movement photograph; no generic T601 execution inferred.","reviewed gap — Back obscured by bracelet; complete markings and construction not supported.","verified","https://www.tudorwatch.com/en/watches/1926","rules"
"Tudor","MT5402","unreviewed","unresolved — no verified source","unresolved — no verified source","unresolved — no verified source","unresolved — no verified source","","rules"
"TUDOR","25407N-0001","reviewed","verified","reviewed gap — No verified photograph in inspected source set; further source research remains open.","verified","verified","https://www.tudorwatch.com/en/watches/pelagos/m25407n-0001","research updates"
"TUDOR","25600TB-0001","reviewed","verified","reviewed gap — No verified photograph in inspected source set; further source research remains open.","verified","verified","https://www.tudorwatch.com/en/watches/pelagos/m25600tb-0001","research updates"
"TUDOR","25600TN-0001","reviewed","verified","reviewed gap — No verified photograph in inspected source set; further source research remains open.","reviewed gap — No verified photograph in inspected source set; further source research remains open.","reviewed gap — No verified photograph in inspected source set; further source research remains open.","https://www.tudorwatch.com/en/watches/pelagos/m25600tn-0001","research updates"
"TUDOR","79000N-0001","reviewed","verified","reviewed gap — No verified photograph in inspected source set; further source research remains open.","verified","verified","https://www.tudorwatch.com/en/watches/black-bay-54/m79000n-0001","research updates"
"TUDOR","79360N-0013","unreviewed","awaiting visual/source inspection","unresolved — no verified source","unresolved — no verified source","unresolved — no verified source","https://www.tudorwatch.com/en/watches/black-bay-chrono/m79360n-0013","research updates"
"TUDOR","7939G1A0NRU-0001","reviewed","verified","reviewed gap — No verified photograph in inspected source set; further source research remains open.","verified","verified","https://www.tudorwatch.com/en/watches/black-bay-58/m7939g1a0nru-0001","research updates"
"TUDOR","79470-0001","reviewed","verified","reviewed gap — No verified photograph in inspected source set; further source research remains open.","reviewed gap — No verified photograph in inspected source set; further source research remains open.","verified","https://www.tudorwatch.com/en/watches/black-bay-pro/m79470-0001","research updates"
"TUDOR","79950-0001","reviewed","verified","reviewed gap — No verified photograph in inspected source set; further source research remains open.","reviewed gap — No verified photograph in inspected source set; further source research remains open.","reviewed gap — No verified photograph in inspected source set; further source research remains open.","https://www.tudorwatch.com/en/watches/ranger/m79950-0001","research updates"
"TUDOR","M25407N","reviewed","verified","reviewed gap — No verified photograph in inspected source set; further source research remains open.","verified","verified","https://www.tudorwatch.com/en/watches/pelagos/m25407n-0001","research updates"
"TUDOR","M25407N-0001","reviewed","verified","reviewed gap — No verified photograph in inspected source set; further source research remains open.","verified","verified","https://www.tudorwatch.com/en/watches/pelagos/m25407n-0001","research updates"
"TUDOR","M25600TB","reviewed","verified","reviewed gap — No verified photograph in inspected source set; further source research remains open.","verified","verified","https://www.tudorwatch.com/en/watches/pelagos/m25600tb-0001","research updates"
"TUDOR","M25600TB-0001","reviewed","verified","reviewed gap — No verified photograph in inspected source set; further source research remains open.","verified","verified","https://www.tudorwatch.com/en/watches/pelagos/m25600tb-0001","research updates"
"TUDOR","M25600TN","reviewed","verified","reviewed gap — No verified photograph in inspected source set; further source research remains open.","reviewed gap — No verified photograph in inspected source set; further source research remains open.","reviewed gap — No verified photograph in inspected source set; further source research remains open.","https://www.tudorwatch.com/en/watches/pelagos/m25600tn-0001","research updates"
"TUDOR","M25600TN-0001","reviewed","verified","reviewed gap — No verified photograph in inspected source set; further source research remains open.","reviewed gap — No verified photograph in inspected source set; further source research remains open.","reviewed gap — No verified photograph in inspected source set; further source research remains open.","https://www.tudorwatch.com/en/watches/pelagos/m25600tn-0001","research updates"
"TUDOR","M79000N","reviewed","verified","reviewed gap — No verified photograph in inspected source set; further source research remains open.","verified","verified","https://www.tudorwatch.com/en/watches/black-bay-54/m79000n-0001","research updates"
"TUDOR","M79000N-0001","reviewed","verified","reviewed gap — No verified photograph in inspected source set; further source research remains open.","verified","verified","https://www.tudorwatch.com/en/watches/black-bay-54/m79000n-0001","research updates"
"TUDOR","M79360N","reviewed","verified","reviewed gap — No verified photograph in inspected source set; further source research remains open.","verified","verified","https://www.tudorwatch.com/en/watches/black-bay-chrono/m79360n-0013","research updates"
"TUDOR","M79360N-0013","unreviewed","awaiting visual/source inspection","unresolved — no verified source","unresolved — no verified source","unresolved — no verified source","https://www.tudorwatch.com/en/watches/black-bay-chrono/m79360n-0013","research updates"
"TUDOR","M7939G1A0NRU","reviewed","verified","reviewed gap — No verified photograph in inspected source set; further source research remains open.","verified","verified","https://www.tudorwatch.com/en/watches/black-bay-58/m7939g1a0nru-0001","research updates"
"TUDOR","M7939G1A0NRU-0001","reviewed","verified","reviewed gap — No verified photograph in inspected source set; further source research remains open.","verified","verified","https://www.tudorwatch.com/en/watches/black-bay-58/m7939g1a0nru-0001","research updates"
"TUDOR","M79470","reviewed","verified","reviewed gap — No verified photograph in inspected source set; further source research remains open.","reviewed gap — No verified photograph in inspected source set; further source research remains open.","verified","https://www.tudorwatch.com/en/watches/black-bay-pro/m79470-0001","research updates"
"TUDOR","M79470-0001","reviewed","verified","reviewed gap — No verified photograph in inspected source set; further source research remains open.","reviewed gap — No verified photograph in inspected source set; further source research remains open.","verified","https://www.tudorwatch.com/en/watches/black-bay-pro/m79470-0001","research updates"
"TUDOR","M79950","reviewed","verified","reviewed gap — No verified photograph in inspected source set; further source research remains open.","reviewed gap — No verified photograph in inspected source set; further source research remains open.","reviewed gap — No verified photograph in inspected source set; further source research remains open.","https://www.tudorwatch.com/en/watches/ranger/m79950-0001","research updates"
"TUDOR","M79950-0001","reviewed","verified","reviewed gap — No verified photograph in inspected source set; further source research remains open.","reviewed gap — No verified photograph in inspected source set; further source research remains open.","reviewed gap — No verified photograph in inspected source set; further source research remains open.","https://www.tudorwatch.com/en/watches/ranger/m79950-0001","research updates"
"Rolex","1016","reviewed","verified","verified","verified","verified","","rules"
"Rolex","114060","reviewed","verified","reviewed gap — No verified photograph in inspected source set; further source research remains open.","verified","verified","","rules"
"Rolex","114200","unreviewed","unresolved — no verified source","unresolved — no verified source","unresolved — no verified source","unresolved — no verified source","","rules"
"Rolex","114270","reviewed","verified","verified","verified","verified","","rules"
"Rolex","114300","unreviewed","unresolved — no verified source","unresolved — no verified source","unresolved — no verified source","unresolved — no verified source","","rules"
"Rolex","116000","unreviewed","unresolved — no verified source","unresolved — no verified source","unresolved — no verified source","unresolved — no verified source","","rules"
"Rolex","116200","reviewed","verified","reviewed gap — No verified photograph in inspected source set; further source research remains open.","verified","verified","","rules"
"Rolex","116233","reviewed","verified","reviewed gap — No verified photograph in inspected source set; further source research remains open.","verified","verified","","rules"
"Rolex","116234","reviewed","verified","reviewed gap — No verified photograph in inspected source set; further source research remains open.","verified","verified","","rules"
"Rolex","116300","reviewed","verified","verified","verified","verified","","rules"
"Rolex","116333","unreviewed","unresolved — no verified source","unresolved — no verified source","unresolved — no verified source","unresolved — no verified source","","rules"
"Rolex","116334","unreviewed","unresolved — no verified source","unresolved — no verified source","unresolved — no verified source","unresolved — no verified source","","rules"
"Rolex","116400","reviewed","verified","verified","verified","verified","","rules"
"Rolex","116500","unreviewed","unresolved — no verified source","unresolved — no verified source","unresolved — no verified source","unresolved — no verified source","","rules"
"Rolex","116520","reviewed","verified","verified","verified","verified","","rules"
"Rolex","116523","reviewed","verified","verified","verified","verified","","rules"
"Rolex","116600","reviewed","verified","reviewed gap — No verified photograph in inspected source set; further source research remains open.","verified","verified","","rules"
"Rolex","116610","unreviewed","unresolved — no verified source","unresolved — no verified source","unresolved — no verified source","unresolved — no verified source","","rules"
"Rolex","116613","unreviewed","unresolved — no verified source","unresolved — no verified source","unresolved — no verified source","unresolved — no verified source","","rules"
"Rolex","116619","unreviewed","unresolved — no verified source","unresolved — no verified source","unresolved — no verified source","unresolved — no verified source","","rules"
"Rolex","116621","unreviewed","unresolved — no verified source","unresolved — no verified source","unresolved — no verified source","unresolved — no verified source","","rules"
"Rolex","116622","reviewed","verified","verified","verified","verified","","rules"
"Rolex","116655","unreviewed","unresolved — no verified source","unresolved — no verified source","unresolved — no verified source","unresolved — no verified source","","rules"
"Rolex","116660","reviewed","verified","reviewed gap — No verified photograph in inspected source set; further source research remains open.","verified","verified","","rules"
"Rolex","116680","unreviewed","unresolved — no verified source","unresolved — no verified source","unresolved — no verified source","unresolved — no verified source","","rules"
"Rolex","116681","unreviewed","unresolved — no verified source","unresolved — no verified source","unresolved — no verified source","unresolved — no verified source","","rules"
"Rolex","116688","unreviewed","unresolved — no verified source","unresolved — no verified source","unresolved — no verified source","unresolved — no verified source","","rules"
"Rolex","116689","reviewed","verified","reviewed gap — No verified photograph in inspected source set; further source research remains open.","verified","verified","","rules"
"Rolex","116710","unreviewed","unresolved — no verified source","unresolved — no verified source","unresolved — no verified source","unresolved — no verified source","","rules"
"Rolex","116713","unreviewed","unresolved — no verified source","unresolved — no verified source","unresolved — no verified source","unresolved — no verified source","","rules"
"Rolex","116718","reviewed","verified","verified","verified","verified","","rules"
"Rolex","116900","unreviewed","unresolved — no verified source","unresolved — no verified source","unresolved — no verified source","unresolved — no verified source","","rules"
"Rolex","118238","reviewed","reviewed gap — No verified photograph in inspected source set; further source research remains open.","verified","verified","verified","","rules"
"Rolex","124060","unreviewed","unresolved — no verified source","unresolved — no verified source","unresolved — no verified source","unresolved — no verified source","","rules"
"Rolex","124200","unreviewed","unresolved — no verified source","unresolved — no verified source","unresolved — no verified source","unresolved — no verified source","","rules"
"Rolex","124270","reviewed","verified","reviewed gap — No verified photograph in inspected source set; further source research remains open.","verified","verified","https://www.rolex.com/watches/explorer/m124270-0001","rules | research updates"
"Rolex","124300","unreviewed","unresolved — no verified source","unresolved — no verified source","unresolved — no verified source","unresolved — no verified source","","rules"
"Rolex","126000","reviewed","verified","reviewed gap — No verified photograph in inspected source set; further source research remains open.","verified","verified","","rules"
"Rolex","126003","unreviewed","unresolved — no verified source","unresolved — no verified source","unresolved — no verified source","unresolved — no verified source","","rules"
"Rolex","126200","unreviewed","unresolved — no verified source","unresolved — no verified source","unresolved — no verified source","unresolved — no verified source","","rules"
"Rolex","126233","unreviewed","unresolved — no verified source","unresolved — no verified source","unresolved — no verified source","unresolved — no verified source","","rules"
"Rolex","126234","reviewed","verified","verified","verified","verified","","rules"
"Rolex","126300","reviewed","verified","reviewed gap — No verified photograph in inspected source set; further source research remains open.","verified","verified","https://www.rolex.com/en-gb/watches/datejust/m126300-0007","rules | research updates"
"Rolex","126333","unreviewed","unresolved — no verified source","unresolved — no verified source","unresolved — no verified source","unresolved — no verified source","","rules"
"Rolex","126334","reviewed","verified","verified","verified","verified","","rules"
"Rolex","126500","unreviewed","unresolved — no verified source","unresolved — no verified source","unresolved — no verified source","unresolved — no verified source","","rules"
"Rolex","126506","unreviewed","unresolved — no verified source","unresolved — no verified source","unresolved — no verified source","unresolved — no verified source","","rules"
"Rolex","126518","unreviewed","unresolved — no verified source","unresolved — no verified source","unresolved — no verified source","unresolved — no verified source","","rules"
"Rolex","126600","unreviewed","unresolved — no verified source","unresolved — no verified source","unresolved — no verified source","unresolved — no verified source","","rules"
"Rolex","126603","unreviewed","unresolved — no verified source","unresolved — no verified source","unresolved — no verified source","unresolved — no verified source","","rules"
"Rolex","126610","unreviewed","unresolved — no verified source","unresolved — no verified source","unresolved — no verified source","unresolved — no verified source","","rules"
"Rolex","126613","unreviewed","unresolved — no verified source","unresolved — no verified source","unresolved — no verified source","unresolved — no verified source","","rules"
"Rolex","126618","unreviewed","unresolved — no verified source","unresolved — no verified source","unresolved — no verified source","unresolved — no verified source","","rules"
"Rolex","126621","reviewed","verified","reviewed gap — No verified photograph in inspected source set; further source research remains open.","verified","verified","","rules"
"Rolex","126622","unreviewed","unresolved — no verified source","unresolved — no verified source","unresolved — no verified source","unresolved — no verified source","","rules"
"Rolex","126655","unreviewed","unresolved — no verified source","unresolved — no verified source","unresolved — no verified source","unresolved — no verified source","","rules"
"Rolex","126660","reviewed","verified","verified","verified","verified","","rules"
"Rolex","126680","unreviewed","unresolved — no verified source","unresolved — no verified source","unresolved — no verified source","unresolved — no verified source","","rules"
"Rolex","126688","unreviewed","unresolved — no verified source","unresolved — no verified source","unresolved — no verified source","unresolved — no verified source","","rules"
"Rolex","126710","unreviewed","unresolved — no verified source","unresolved — no verified source","unresolved — no verified source","unresolved — no verified source","","rules"
"Rolex","126711","unreviewed","unresolved — no verified source","unresolved — no verified source","unresolved — no verified source","unresolved — no verified source","","rules"
"Rolex","126720","unreviewed","unresolved — no verified source","unresolved — no verified source","unresolved — no verified source","unresolved — no verified source","","rules"
"Rolex","126900","unreviewed","unresolved — no verified source","unresolved — no verified source","unresolved — no verified source","unresolved — no verified source","","rules"
"Rolex","127234","unreviewed","unresolved — no verified source","unresolved — no verified source","unresolved — no verified source","unresolved — no verified source","","rules"
"Rolex","127235","unreviewed","unresolved — no verified source","unresolved — no verified source","unresolved — no verified source","unresolved — no verified source","","rules"
"Rolex","127236","unreviewed","unresolved — no verified source","unresolved — no verified source","unresolved — no verified source","unresolved — no verified source","","rules"
"Rolex","127285","unreviewed","unresolved — no verified source","unresolved — no verified source","unresolved — no verified source","unresolved — no verified source","","rules"
"Rolex","127334","unreviewed","unresolved — no verified source","unresolved — no verified source","unresolved — no verified source","unresolved — no verified source","","rules"
"Rolex","127335","unreviewed","unresolved — no verified source","unresolved — no verified source","unresolved — no verified source","unresolved — no verified source","","rules"
"Rolex","127336","unreviewed","unresolved — no verified source","unresolved — no verified source","unresolved — no verified source","unresolved — no verified source","","rules"
"Rolex","127385","unreviewed","unresolved — no verified source","unresolved — no verified source","unresolved — no verified source","unresolved — no verified source","","rules"
"Rolex","128238","unreviewed","unresolved — no verified source","unresolved — no verified source","unresolved — no verified source","unresolved — no verified source","","rules"
"Rolex","128239","unreviewed","unresolved — no verified source","unresolved — no verified source","unresolved — no verified source","unresolved — no verified source","","rules"
"Rolex","134300","unreviewed","unresolved — no verified source","unresolved — no verified source","unresolved — no verified source","unresolved — no verified source","","rules"
"Rolex","134303","unreviewed","unresolved — no verified source","unresolved — no verified source","unresolved — no verified source","unresolved — no verified source","","rules"
"Rolex","136660","unreviewed","unresolved — no verified source","unresolved — no verified source","unresolved — no verified source","unresolved — no verified source","","rules"
"Rolex","14010","unreviewed","unresolved — no verified source","unresolved — no verified source","unresolved — no verified source","unresolved — no verified source","","rules"
"Rolex","14010M","unreviewed","unresolved — no verified source","unresolved — no verified source","unresolved — no verified source","unresolved — no verified source","","rules"
"Rolex","14060","reviewed","verified","verified","verified","verified","","rules"
"Rolex","14060M","reviewed","verified","verified","verified","verified","","rules"
"Rolex","14270","unreviewed","unresolved — no verified source","unresolved — no verified source","unresolved — no verified source","unresolved — no verified source","","rules"
"Rolex","1500","reviewed","verified","verified","verified","verified","","rules"
"Rolex","15000","unreviewed","unresolved — no verified source","unresolved — no verified source","unresolved — no verified source","unresolved — no verified source","","rules"
"Rolex","1600","reviewed","verified","verified","verified","verified","","rules"
"Rolex","1601","reviewed","verified","reviewed gap — No verified photograph in inspected source set; further source research remains open.","verified","verified","","rules"
"Rolex","16013","reviewed","verified","reviewed gap — No verified photograph in inspected source set; further source research remains open.","verified","verified","","rules"
"Rolex","16014","reviewed","verified","verified","verified","verified","","rules"
"Rolex","1603","reviewed","verified","verified","verified","verified","","rules"
"Rolex","16030","reviewed","verified","reviewed gap — No verified photograph in inspected source set; further source research remains open.","verified","verified","","rules"
"Rolex","16200","reviewed","verified","verified","verified","verified","","rules"
"Rolex","16220","reviewed","reviewed gap — No verified photograph in inspected source set; further source research remains open.","reviewed gap — No verified photograph in inspected source set; further source research remains open.","verified","verified","","rules"
"Rolex","16233","reviewed","reviewed gap — No verified photograph in inspected source set; further source research remains open.","reviewed gap — No verified photograph in inspected source set; further source research remains open.","verified","verified","","rules"
"Rolex","16234","reviewed","verified","reviewed gap — No verified photograph in inspected source set; further source research remains open.","verified","verified","","rules"
"Rolex","16520","reviewed","verified","reviewed gap — No verified photograph in inspected source set; further source research remains open.","verified","verified","","rules"
"Rolex","16523","reviewed","verified","verified","verified","verified","","rules"
"Rolex","16528","reviewed","verified","verified","verified","verified","","rules"
"Rolex","1655","reviewed","verified","reviewed gap — No verified photograph in inspected source set; further source research remains open.","verified","verified","","rules"
"Rolex","16550","reviewed","verified","reviewed gap — No verified photograph in inspected source set; further source research remains open.","verified","verified","","rules"
"Rolex","16570","reviewed","verified","verified","verified","verified","","rules"
"Rolex","16600","reviewed","verified","reviewed gap — No verified photograph in inspected source set; further source research remains open.","verified","verified","","rules"
"Rolex","16610","reviewed","verified","reviewed gap — No verified photograph in inspected source set; further source research remains open.","verified","verified","","rules"
"Rolex","16613","reviewed","verified","reviewed gap — No verified photograph in inspected source set; further source research remains open.","verified","verified","","rules"
"Rolex","16618","reviewed","verified","reviewed gap — No verified photograph in inspected source set; further source research remains open.","verified","verified","","rules"
"Rolex","16622","reviewed","verified","verified","verified","verified","","rules"
"Rolex","16623","reviewed","verified","verified","verified","verified","","rules"
"Rolex","16628","unreviewed","unresolved — no verified source","unresolved — no verified source","unresolved — no verified source","unresolved — no verified source","","rules"
"Rolex","1665","reviewed","verified","verified","verified","verified","","rules"
"Rolex","16660","reviewed","reviewed gap — No verified photograph in inspected source set; further source research remains open.","verified","verified","verified","","rules"
"Rolex","16710","reviewed","verified","verified","verified","verified","","rules"
"Rolex","1675","reviewed","verified","reviewed gap — No verified photograph in inspected source set; further source research remains open.","verified","verified","","rules"
"Rolex","16750","reviewed","verified","reviewed gap — No verified photograph in inspected source set; further source research remains open.","verified","verified","","rules"
"Rolex","16760","reviewed","reviewed gap — No verified photograph in inspected source set; further source research remains open.","verified","verified","verified","","rules"
"Rolex","1680","reviewed","reviewed gap — No verified photograph in inspected source set; further source research remains open.","reviewed gap — No verified photograph in inspected source set; further source research remains open.","verified","verified","","rules"
"Rolex","16800","reviewed","reviewed gap — No verified photograph in inspected source set; further source research remains open.","verified","verified","verified","","rules"
"Rolex","176200","unreviewed","unresolved — no verified source","unresolved — no verified source","unresolved — no verified source","unresolved — no verified source","","rules"
"Rolex","1803","reviewed","verified","reviewed gap — No verified photograph in inspected source set; further source research remains open.","verified","verified","","rules"
"Rolex","18038","reviewed","verified","reviewed gap — No verified photograph in inspected source set; further source research remains open.","verified","verified","","rules"
"Rolex","18039","unreviewed","unresolved — no verified source","unresolved — no verified source","unresolved — no verified source","unresolved — no verified source","","rules"
"Rolex","1807","unreviewed","unresolved — no verified source","unresolved — no verified source","unresolved — no verified source","unresolved — no verified source","","rules"
"Rolex","18238","reviewed","reviewed gap — No verified photograph in inspected source set; further source research remains open.","verified","verified","verified","","rules"
"Rolex","18239","unreviewed","unresolved — no verified source","unresolved — no verified source","unresolved — no verified source","unresolved — no verified source","","rules"
"Rolex","214270","reviewed","verified","reviewed gap — No verified photograph in inspected source set; further source research remains open.","verified","verified","","rules"
"Rolex","216570","reviewed","verified","verified","verified","verified","","rules"
"Rolex","218235","unreviewed","unresolved — no verified source","unresolved — no verified source","unresolved — no verified source","unresolved — no verified source","","rules"
"Rolex","218238","reviewed","verified","verified","verified","verified","","rules"
"Rolex","218239","reviewed","verified","verified","verified","verified","","rules"
"Rolex","224270","unreviewed","unresolved — no verified source","unresolved — no verified source","unresolved — no verified source","unresolved — no verified source","","rules"
"Rolex","226570","unreviewed","unresolved — no verified source","unresolved — no verified source","unresolved — no verified source","unresolved — no verified source","","rules"
"Rolex","226627","unreviewed","unresolved — no verified source","unresolved — no verified source","unresolved — no verified source","unresolved — no verified source","","rules"
"Rolex","226658","reviewed","verified","verified","verified","verified","","rules"
"Rolex","226659","unreviewed","unresolved — no verified source","unresolved — no verified source","unresolved — no verified source","unresolved — no verified source","","rules"
"Rolex","228235","unreviewed","unresolved — no verified source","unresolved — no verified source","unresolved — no verified source","unresolved — no verified source","","rules"
"Rolex","228238","reviewed","verified","verified","verified","verified","","rules"
"Rolex","228239","unreviewed","unresolved — no verified source","unresolved — no verified source","unresolved — no verified source","unresolved — no verified source","","rules"
"Rolex","268621","reviewed","verified","verified","verified","verified","","rules"
"Rolex","268622","unreviewed","unresolved — no verified source","unresolved — no verified source","unresolved — no verified source","unresolved — no verified source","","rules"
"Rolex","268655","reviewed","verified","verified","verified","verified","","rules"
"Rolex","276200","unreviewed","unresolved — no verified source","unresolved — no verified source","unresolved — no verified source","unresolved — no verified source","","rules"
"Rolex","276208","unreviewed","unresolved — no verified source","unresolved — no verified source","unresolved — no verified source","unresolved — no verified source","","rules"
"Rolex","277200","reviewed","verified","reviewed gap — No verified photograph in inspected source set; further source research remains open.","verified","verified","","rules"
"Rolex","277208","unreviewed","unresolved — no verified source","unresolved — no verified source","unresolved — no verified source","unresolved — no verified source","","rules"
"Rolex","278240","unreviewed","unresolved — no verified source","unresolved — no verified source","unresolved — no verified source","unresolved — no verified source","","rules"
"Rolex","278241","unreviewed","unresolved — no verified source","unresolved — no verified source","unresolved — no verified source","unresolved — no verified source","","rules"
"Rolex","278243","unreviewed","unresolved — no verified source","unresolved — no verified source","unresolved — no verified source","unresolved — no verified source","","rules"
"Rolex","278271","unreviewed","unresolved — no verified source","unresolved — no verified source","unresolved — no verified source","unresolved — no verified source","","rules"
"Rolex","278273","unreviewed","unresolved — no verified source","unresolved — no verified source","unresolved — no verified source","unresolved — no verified source","","rules"
"Rolex","278274","unreviewed","unresolved — no verified source","unresolved — no verified source","unresolved — no verified source","unresolved — no verified source","","rules"
"Rolex","278275","unreviewed","unresolved — no verified source","unresolved — no verified source","unresolved — no verified source","unresolved — no verified source","","rules"
"Rolex","278278","unreviewed","unresolved — no verified source","unresolved — no verified source","unresolved — no verified source","unresolved — no verified source","","rules"
"Rolex","278279","unreviewed","unresolved — no verified source","unresolved — no verified source","unresolved — no verified source","unresolved — no verified source","","rules"
"Rolex","278288","unreviewed","unresolved — no verified source","unresolved — no verified source","unresolved — no verified source","unresolved — no verified source","","rules"
"Rolex","278289","unreviewed","unresolved — no verified source","unresolved — no verified source","unresolved — no verified source","unresolved — no verified source","","rules"
"Rolex","279160","reviewed","verified","reviewed gap — No verified photograph in inspected source set; further source research remains open.","verified","verified","","rules"
"Rolex","279161","unreviewed","unresolved — no verified source","unresolved — no verified source","unresolved — no verified source","unresolved — no verified source","","rules"
"Rolex","279163","unreviewed","unresolved — no verified source","unresolved — no verified source","unresolved — no verified source","unresolved — no verified source","","rules"
"Rolex","279171","reviewed","reviewed gap — No verified photograph in inspected source set; further source research remains open.","reviewed gap — No verified photograph in inspected source set; further source research remains open.","verified","verified","","rules"
"Rolex","279173","unreviewed","unresolved — no verified source","unresolved — no verified source","unresolved — no verified source","unresolved — no verified source","","rules"
"Rolex","279174","unreviewed","unresolved — no verified source","unresolved — no verified source","unresolved — no verified source","unresolved — no verified source","","rules"
"Rolex","279175","unreviewed","unresolved — no verified source","unresolved — no verified source","unresolved — no verified source","unresolved — no verified source","","rules"
"Rolex","279178","unreviewed","unresolved — no verified source","unresolved — no verified source","unresolved — no verified source","unresolved — no verified source","","rules"
"Rolex","279179","unreviewed","unresolved — no verified source","unresolved — no verified source","unresolved — no verified source","unresolved — no verified source","","rules"
"Rolex","279381","unreviewed","unresolved — no verified source","unresolved — no verified source","unresolved — no verified source","unresolved — no verified source","","rules"
"Rolex","279383","unreviewed","unresolved — no verified source","unresolved — no verified source","unresolved — no verified source","unresolved — no verified source","","rules"
"Rolex","279384","unreviewed","unresolved — no verified source","unresolved — no verified source","unresolved — no verified source","unresolved — no verified source","","rules"
"Rolex","326139","unreviewed","unresolved — no verified source","unresolved — no verified source","unresolved — no verified source","unresolved — no verified source","","rules"
"Rolex","326933","unreviewed","unresolved — no verified source","unresolved — no verified source","unresolved — no verified source","unresolved — no verified source","","rules"
"Rolex","326934","unreviewed","unresolved — no verified source","unresolved — no verified source","unresolved — no verified source","unresolved — no verified source","","rules"
"Rolex","326935","unreviewed","unresolved — no verified source","unresolved — no verified source","unresolved — no verified source","unresolved — no verified source","","rules"
"Rolex","326938","unreviewed","unresolved — no verified source","unresolved — no verified source","unresolved — no verified source","unresolved — no verified source","","rules"
"Rolex","336239","unreviewed","unresolved — no verified source","unresolved — no verified source","unresolved — no verified source","unresolved — no verified source","","rules"
"Rolex","336933","unreviewed","unresolved — no verified source","unresolved — no verified source","unresolved — no verified source","unresolved — no verified source","","rules"
"Rolex","336934","unreviewed","unresolved — no verified source","unresolved — no verified source","unresolved — no verified source","unresolved — no verified source","","rules"
"Rolex","336935","unreviewed","unresolved — no verified source","unresolved — no verified source","unresolved — no verified source","unresolved — no verified source","","rules"
"Rolex","336938","unreviewed","unresolved — no verified source","unresolved — no verified source","unresolved — no verified source","unresolved — no verified source","","rules"
"Rolex","3546","unreviewed","unresolved — no verified source","unresolved — no verified source","unresolved — no verified source","unresolved — no verified source","","rules"
"Rolex","4542","reviewed","verified","reviewed gap — No verified photograph in inspected source set; further source research remains open.","verified","reviewed gap — No verified photograph in inspected source set; further source research remains open.","","rules"
"Rolex","52506","unreviewed","unresolved — no verified source","unresolved — no verified source","unresolved — no verified source","unresolved — no verified source","","rules"
"Rolex","52508","unreviewed","unresolved — no verified source","unresolved — no verified source","unresolved — no verified source","unresolved — no verified source","","rules"
"Rolex","52509","unreviewed","unresolved — no verified source","unresolved — no verified source","unresolved — no verified source","unresolved — no verified source","","rules"
"Rolex","5500","unreviewed","unresolved — no verified source","unresolved — no verified source","unresolved — no verified source","unresolved — no verified source","","rules"
"Rolex","5508","unreviewed","unresolved — no verified source","unresolved — no verified source","unresolved — no verified source","unresolved — no verified source","","rules"
"Rolex","5512","reviewed","verified","verified","verified","reviewed gap — No verified photograph in inspected source set; further source research remains open.","","rules"
"Rolex","5513","reviewed","verified","reviewed gap — No verified photograph in inspected source set; further source research remains open.","verified","verified","","rules"
"Rolex","6204","unreviewed","unresolved — no verified source","unresolved — no verified source","unresolved — no verified source","unresolved — no verified source","","rules"
"Rolex","6205","unreviewed","unresolved — no verified source","unresolved — no verified source","unresolved — no verified source","unresolved — no verified source","","rules"
"Rolex","6239","reviewed","verified","verified","verified","verified","","rules"
"Rolex","6241","reviewed","verified","verified","verified","verified","","rules"
"Rolex","6263","reviewed","verified","verified","verified","verified","","rules"
"Rolex","6265","reviewed","reviewed gap — No verified photograph in inspected source set; further source research remains open.","verified","verified","verified","","rules"
"Rolex","6305","unreviewed","unresolved — no verified source","unresolved — no verified source","unresolved — no verified source","unresolved — no verified source","","rules"
"Rolex","6426","unreviewed","unresolved — no verified source","unresolved — no verified source","unresolved — no verified source","unresolved — no verified source","","rules"
"Rolex","6427","unreviewed","unresolved — no verified source","unresolved — no verified source","unresolved — no verified source","unresolved — no verified source","","rules"
"Rolex","6511","unreviewed","unresolved — no verified source","unresolved — no verified source","unresolved — no verified source","unresolved — no verified source","","rules"
"Rolex","6536","unreviewed","unresolved — no verified source","unresolved — no verified source","unresolved — no verified source","unresolved — no verified source","","rules"
"Rolex","6538","unreviewed","unresolved — no verified source","unresolved — no verified source","unresolved — no verified source","unresolved — no verified source","","rules"
"Rolex","6542","unreviewed","unresolved — no verified source","unresolved — no verified source","unresolved — no verified source","unresolved — no verified source","","rules"
"Rolex","6605","reviewed","reviewed gap — No verified photograph selected from inspected auction; incompatible replacement dial/bezel withheld and further source research remains open.","reviewed gap — No verified photograph selected from inspected auction; incompatible replacement dial/bezel withheld and further source research remains open.","reviewed gap — No verified photograph selected from inspected auction; incompatible replacement dial/bezel withheld and further source research remains open.","reviewed gap — No verified photograph selected from inspected auction; incompatible replacement dial/bezel withheld and further source research remains open.","","rules"
"Rolex","6611","unreviewed","unresolved — no verified source","unresolved — no verified source","unresolved — no verified source","unresolved — no verified source","","rules"
"Rolex","6694","unreviewed","unresolved — no verified source","unresolved — no verified source","unresolved — no verified source","unresolved — no verified source","","rules"
"Rolex","6917","reviewed","verified","reviewed gap — No verified photograph in inspected source set; further source research remains open.","verified","verified","","rules"
"Rolex","69173","reviewed","reviewed gap — No verified photograph in inspected source set; further source research remains open.","verified","verified","verified","","rules"
"Rolex","79173","unreviewed","unresolved — no verified source","unresolved — no verified source","unresolved — no verified source","unresolved — no verified source","","rules"
"ROLEX","124270-0001","unreviewed","awaiting visual/source inspection","unresolved — no verified source","unresolved — no verified source","unresolved — no verified source","https://www.rolex.com/watches/explorer/m124270-0001","research updates"
"ROLEX","126300-0007","unreviewed","awaiting visual/source inspection","unresolved — no verified source","unresolved — no verified source","unresolved — no verified source","https://www.rolex.com/en-gb/watches/datejust/m126300-0007","research updates"
"ROLEX","126505","unreviewed","awaiting visual/source inspection","awaiting visual/source inspection","unresolved — no verified source","unresolved — no verified source","https://www.rolex.com/en-gb/watches/cosmograph-daytona/m126505-0001","rules"
"ROLEX","126505-0001","unreviewed","awaiting visual/source inspection","unresolved — no verified source","unresolved — no verified source","unresolved — no verified source","https://www.rolex.com/en-gb/watches/cosmograph-daytona/m126505-0001","rules"
"ROLEX","126505-0002","unreviewed","unresolved — no verified source","unresolved — no verified source","unresolved — no verified source","unresolved — no verified source","https://www.rolex.com/en-gb/watches/cosmograph-daytona/m126505-0001","rules"
"ROLEX","126505-0003","unreviewed","unresolved — no verified source","unresolved — no verified source","unresolved — no verified source","unresolved — no verified source","https://www.rolex.com/en-gb/watches/cosmograph-daytona/m126505-0001","rules"
"ROLEX","126505-0005","unreviewed","unresolved — no verified source","unresolved — no verified source","unresolved — no verified source","unresolved — no verified source","https://www.rolex.com/en-gb/watches/cosmograph-daytona/m126505-0001","rules"
"ROLEX","126610LN","reviewed","verified","reviewed gap — No verified photograph in inspected source set; further source research remains open.","verified","verified","https://www.rolex.com/watches/submariner/m126610ln-0001","research updates"
"ROLEX","126610LN-0001","unreviewed","awaiting visual/source inspection","unresolved — no verified source","unresolved — no verified source","unresolved — no verified source","https://www.rolex.com/watches/submariner/m126610ln-0001","research updates"
"ROLEX","126710BLNR","unreviewed","awaiting visual/source inspection","unresolved — no verified source","unresolved — no verified source","unresolved — no verified source","https://www.rolex.com/watches/gmt-master-ii/m126710blnr-0003","research updates"
"ROLEX","126710BLNR-0003","unreviewed","awaiting visual/source inspection","unresolved — no verified source","unresolved — no verified source","unresolved — no verified source","https://www.rolex.com/watches/gmt-master-ii/m126710blnr-0003","research updates"
"ROLEX","m124060-0001","unreviewed","unresolved — no verified source","unresolved — no verified source","unresolved — no verified source","unresolved — no verified source","https://www.rolex.com/en-gb/watches/submariner/m124060-0001","imported catalogue"
"ROLEX","m124200-0001","unreviewed","unresolved — no verified source","unresolved — no verified source","unresolved — no verified source","unresolved — no verified source","https://www.rolex.com/en-gb/watches/oyster-perpetual/m124200-0001","imported catalogue"
"ROLEX","m124200-0006","unreviewed","unresolved — no verified source","unresolved — no verified source","unresolved — no verified source","unresolved — no verified source","https://www.rolex.com/en-gb/watches/oyster-perpetual/m124200-0006","imported catalogue"
"ROLEX","m124200-0007","unreviewed","unresolved — no verified source","unresolved — no verified source","unresolved — no verified source","unresolved — no verified source","https://www.rolex.com/en-gb/watches/oyster-perpetual/m124200-0007","imported catalogue"
"ROLEX","m124200-0008","unreviewed","unresolved — no verified source","unresolved — no verified source","unresolved — no verified source","unresolved — no verified source","https://www.rolex.com/en-gb/watches/oyster-perpetual/m124200-0008","imported catalogue"
"ROLEX","m124200-0009","unreviewed","unresolved — no verified source","unresolved — no verified source","unresolved — no verified source","unresolved — no verified source","https://www.rolex.com/en-gb/watches/oyster-perpetual/m124200-0009","imported catalogue"
"ROLEX","m124200-0010","unreviewed","unresolved — no verified source","unresolved — no verified source","unresolved — no verified source","unresolved — no verified source","https://www.rolex.com/en-gb/watches/oyster-perpetual/m124200-0010","imported catalogue"
"ROLEX","m124200-0011","unreviewed","unresolved — no verified source","unresolved — no verified source","unresolved — no verified source","unresolved — no verified source","https://www.rolex.com/en-gb/watches/oyster-perpetual/m124200-0011","imported catalogue"
"ROLEX","m124205-0001","unreviewed","unresolved — no verified source","unresolved — no verified source","unresolved — no verified source","unresolved — no verified source","https://www.rolex.com/en-gb/watches/oyster-perpetual/m124205-0001","imported catalogue"
"ROLEX","m124205-0002","unreviewed","unresolved — no verified source","unresolved — no verified source","unresolved — no verified source","unresolved — no verified source","https://www.rolex.com/en-gb/watches/oyster-perpetual/m124205-0002","imported catalogue"
"ROLEX","m124208-0001","unreviewed","unresolved — no verified source","unresolved — no verified source","unresolved — no verified source","unresolved — no verified source","https://www.rolex.com/en-gb/watches/oyster-perpetual/m124208-0001","imported catalogue"
"ROLEX","m124208-0002","unreviewed","unresolved — no verified source","unresolved — no verified source","unresolved — no verified source","unresolved — no verified source","https://www.rolex.com/en-gb/watches/oyster-perpetual/m124208-0002","imported catalogue"
"ROLEX","m124245rbr-0001","unreviewed","unresolved — no verified source","unresolved — no verified source","unresolved — no verified source","unresolved — no verified source","https://www.rolex.com/en-gb/watches/oyster-perpetual/m124245rbr-0001","imported catalogue"
"ROLEX","m124245rbr-0002","unreviewed","unresolved — no verified source","unresolved — no verified source","unresolved — no verified source","unresolved — no verified source","https://www.rolex.com/en-gb/watches/oyster-perpetual/m124245rbr-0002","imported catalogue"
"ROLEX","m124248rbr-0001","unreviewed","unresolved — no verified source","unresolved — no verified source","unresolved — no verified source","unresolved — no verified source","https://www.rolex.com/en-gb/watches/oyster-perpetual/m124248rbr-0001","imported catalogue"
"ROLEX","m124248rbr-0002","unreviewed","unresolved — no verified source","unresolved — no verified source","unresolved — no verified source","unresolved — no verified source","https://www.rolex.com/en-gb/watches/oyster-perpetual/m124248rbr-0002","imported catalogue"
"ROLEX","M124270-0001","unreviewed","awaiting visual/source inspection","unresolved — no verified source","unresolved — no verified source","unresolved — no verified source","https://www.rolex.com/watches/explorer/m124270-0001 | https://www.rolex.com/en-gb/watches/explorer/m124270-0001","research updates | imported catalogue"
"ROLEX","m124273-0001","unreviewed","unresolved — no verified source","unresolved — no verified source","unresolved — no verified source","unresolved — no verified source","https://www.rolex.com/en-gb/watches/explorer/m124273-0001","imported catalogue"
"ROLEX","m126000-0001","unreviewed","unresolved — no verified source","unresolved — no verified source","unresolved — no verified source","unresolved — no verified source","https://www.rolex.com/en-gb/watches/oyster-perpetual/m126000-0001","imported catalogue"
"ROLEX","m126000-0005","unreviewed","unresolved — no verified source","unresolved — no verified source","unresolved — no verified source","unresolved — no verified source","https://www.rolex.com/en-gb/watches/oyster-perpetual/m126000-0005","imported catalogue"
"ROLEX","m126000-0006","unreviewed","unresolved — no verified source","unresolved — no verified source","unresolved — no verified source","unresolved — no verified source","https://www.rolex.com/en-gb/watches/oyster-perpetual/m126000-0006","imported catalogue"
"ROLEX","m126000-0008","unreviewed","unresolved — no verified source","unresolved — no verified source","unresolved — no verified source","unresolved — no verified source","https://www.rolex.com/en-gb/watches/oyster-perpetual/m126000-0008","imported catalogue"
"ROLEX","m126000-0011","unreviewed","unresolved — no verified source","unresolved — no verified source","unresolved — no verified source","unresolved — no verified source","https://www.rolex.com/en-gb/watches/oyster-perpetual/m126000-0011","imported catalogue"
"ROLEX","m126000-0012","unreviewed","unresolved — no verified source","unresolved — no verified source","unresolved — no verified source","unresolved — no verified source","https://www.rolex.com/en-gb/watches/oyster-perpetual/m126000-0012","imported catalogue"
"ROLEX","m126000-0013","unreviewed","unresolved — no verified source","unresolved — no verified source","unresolved — no verified source","unresolved — no verified source","https://www.rolex.com/en-gb/watches/oyster-perpetual/m126000-0013","imported catalogue"
"ROLEX","m126000-0014","unreviewed","unresolved — no verified source","unresolved — no verified source","unresolved — no verified source","unresolved — no verified source","https://www.rolex.com/en-gb/watches/oyster-perpetual/m126000-0014","imported catalogue"
"ROLEX","m126000-0015","unreviewed","unresolved — no verified source","unresolved — no verified source","unresolved — no verified source","unresolved — no verified source","https://www.rolex.com/en-gb/watches/oyster-perpetual/m126000-0015","imported catalogue"
"ROLEX","m126000-0016","unreviewed","unresolved — no verified source","unresolved — no verified source","unresolved — no verified source","unresolved — no verified source","https://www.rolex.com/en-gb/watches/oyster-perpetual/m126000-0016","imported catalogue"
"ROLEX","m126003-0001","unreviewed","unresolved — no verified source","unresolved — no verified source","unresolved — no verified source","unresolved — no verified source","https://www.rolex.com/en-gb/watches/oyster-perpetual/m126003-0001","imported catalogue"
"ROLEX","m126067-0002","unreviewed","unresolved — no verified source","unresolved — no verified source","unresolved — no verified source","unresolved — no verified source","https://www.rolex.com/en-gb/watches/deepsea/m126067-0002","imported catalogue"
"ROLEX","m126200-0001","unreviewed","unresolved — no verified source","unresolved — no verified source","unresolved — no verified source","unresolved — no verified source","https://www.rolex.com/en-gb/watches/datejust/m126200-0001","imported catalogue"
"ROLEX","m126200-0002","unreviewed","unresolved — no verified source","unresolved — no verified source","unresolved — no verified source","unresolved — no verified source","https://www.rolex.com/en-gb/watches/datejust/m126200-0002","imported catalogue"
"ROLEX","m126200-0003","unreviewed","unresolved — no verified source","unresolved — no verified source","unresolved — no verified source","unresolved — no verified source","https://www.rolex.com/en-gb/watches/datejust/m126200-0003","imported catalogue"
"ROLEX","m126200-0004","unreviewed","unresolved — no verified source","unresolved — no verified source","unresolved — no verified source","unresolved — no verified source","https://www.rolex.com/en-gb/watches/datejust/m126200-0004","imported catalogue"
"ROLEX","m126200-0005","unreviewed","unresolved — no verified source","unresolved — no verified source","unresolved — no verified source","unresolved — no verified source","https://www.rolex.com/en-gb/watches/datejust/m126200-0005","imported catalogue"
"ROLEX","m126200-0006","unreviewed","unresolved — no verified source","unresolved — no verified source","unresolved — no verified source","unresolved — no verified source","https://www.rolex.com/en-gb/watches/datejust/m126200-0006","imported catalogue"
"ROLEX","m126200-0017","unreviewed","unresolved — no verified source","unresolved — no verified source","unresolved — no verified source","unresolved — no verified source","https://www.rolex.com/en-gb/watches/datejust/m126200-0017","imported catalogue"
"ROLEX","m126200-0018","unreviewed","unresolved — no verified source","unresolved — no verified source","unresolved — no verified source","unresolved — no verified source","https://www.rolex.com/en-gb/watches/datejust/m126200-0018","imported catalogue"
"ROLEX","m126200-0023","unreviewed","unresolved — no verified source","unresolved — no verified source","unresolved — no verified source","unresolved — no verified source","https://www.rolex.com/en-gb/watches/datejust/m126200-0023","imported catalogue"
"ROLEX","m126200-0024","unreviewed","unresolved — no verified source","unresolved — no verified source","unresolved — no verified source","unresolved — no verified source","https://www.rolex.com/en-gb/watches/datejust/m126200-0024","imported catalogue"
"ROLEX","m126200-0025","unreviewed","unresolved — no verified source","unresolved — no verified source","unresolved — no verified source","unresolved — no verified source","https://www.rolex.com/en-gb/watches/datejust/m126200-0025","imported catalogue"
"ROLEX","m126200-0026","unreviewed","unresolved — no verified source","unresolved — no verified source","unresolved — no verified source","unresolved — no verified source","https://www.rolex.com/en-gb/watches/datejust/m126200-0026","imported catalogue"
"ROLEX","m126200-0027","unreviewed","unresolved — no verified source","unresolved — no verified source","unresolved — no verified source","unresolved — no verified source","https://www.rolex.com/en-gb/watches/datejust/m126200-0027","imported catalogue"
"ROLEX","m126200-0028","unreviewed","unresolved — no verified source","unresolved — no verified source","unresolved — no verified source","unresolved — no verified source","https://www.rolex.com/en-gb/watches/datejust/m126200-0028","imported catalogue"
"ROLEX","m126200-0029","unreviewed","unresolved — no verified source","unresolved — no verified source","unresolved — no verified source","unresolved — no verified source","https://www.rolex.com/en-gb/watches/datejust/m126200-0029","imported catalogue"
"ROLEX","m126200-0030","unreviewed","unresolved — no verified source","unresolved — no verified source","unresolved — no verified source","unresolved — no verified source","https://www.rolex.com/en-gb/watches/datejust/m126200-0030","imported catalogue"
"ROLEX","m126201-0013","unreviewed","unresolved — no verified source","unresolved — no verified source","unresolved — no verified source","unresolved — no verified source","https://www.rolex.com/en-gb/watches/datejust/m126201-0013","imported catalogue"
"ROLEX","m126201-0014","unreviewed","unresolved — no verified source","unresolved — no verified source","unresolved — no verified source","unresolved — no verified source","https://www.rolex.com/en-gb/watches/datejust/m126201-0014","imported catalogue"
"ROLEX","m126201-0017","unreviewed","unresolved — no verified source","unresolved — no verified source","unresolved — no verified source","unresolved — no verified source","https://www.rolex.com/en-gb/watches/datejust/m126201-0017","imported catalogue"
"ROLEX","m126201-0018","unreviewed","unresolved — no verified source","unresolved — no verified source","unresolved — no verified source","unresolved — no verified source","https://www.rolex.com/en-gb/watches/datejust/m126201-0018","imported catalogue"
"ROLEX","m126201-0019","unreviewed","unresolved — no verified source","unresolved — no verified source","unresolved — no verified source","unresolved — no verified source","https://www.rolex.com/en-gb/watches/datejust/m126201-0019","imported catalogue"
"ROLEX","m126201-0020","unreviewed","unresolved — no verified source","unresolved — no verified source","unresolved — no verified source","unresolved — no verified source","https://www.rolex.com/en-gb/watches/datejust/m126201-0020","imported catalogue"
"ROLEX","m126201-0021","unreviewed","unresolved — no verified source","unresolved — no verified source","unresolved — no verified source","unresolved — no verified source","https://www.rolex.com/en-gb/watches/datejust/m126201-0021","imported catalogue"
"ROLEX","m126201-0022","unreviewed","unresolved — no verified source","unresolved — no verified source","unresolved — no verified source","unresolved — no verified source","https://www.rolex.com/en-gb/watches/datejust/m126201-0022","imported catalogue"
"ROLEX","m126201-0029","unreviewed","unresolved — no verified source","unresolved — no verified source","unresolved — no verified source","unresolved — no verified source","https://www.rolex.com/en-gb/watches/datejust/m126201-0029","imported catalogue"
"ROLEX","m126201-0030","unreviewed","unresolved — no verified source","unresolved — no verified source","unresolved — no verified source","unresolved — no verified source","https://www.rolex.com/en-gb/watches/datejust/m126201-0030","imported catalogue"
"ROLEX","m126201-0043","unreviewed","unresolved — no verified source","unresolved — no verified source","unresolved — no verified source","unresolved — no verified source","https://www.rolex.com/en-gb/watches/datejust/m126201-0043","imported catalogue"
"ROLEX","m126201-0044","unreviewed","unresolved — no verified source","unresolved — no verified source","unresolved — no verified source","unresolved — no verified source","https://www.rolex.com/en-gb/watches/datejust/m126201-0044","imported catalogue"
"ROLEX","m126201-0045","unreviewed","unresolved — no verified source","unresolved — no verified source","unresolved — no verified source","unresolved — no verified source","https://www.rolex.com/en-gb/watches/datejust/m126201-0045","imported catalogue"
"ROLEX","m126201-0046","unreviewed","unresolved — no verified source","unresolved — no verified source","unresolved — no verified source","unresolved — no verified source","https://www.rolex.com/en-gb/watches/datejust/m126201-0046","imported catalogue"
"ROLEX","m126201-0047","unreviewed","unresolved — no verified source","unresolved — no verified source","unresolved — no verified source","unresolved — no verified source","https://www.rolex.com/en-gb/watches/datejust/m126201-0047","imported catalogue"
"ROLEX","m126201-0048","unreviewed","unresolved — no verified source","unresolved — no verified source","unresolved — no verified source","unresolved — no verified source","https://www.rolex.com/en-gb/watches/datejust/m126201-0048","imported catalogue"
"ROLEX","m126201-0049","unreviewed","unresolved — no verified source","unresolved — no verified source","unresolved — no verified source","unresolved — no verified source","https://www.rolex.com/en-gb/watches/datejust/m126201-0049","imported catalogue"
"ROLEX","m126201-0050","unreviewed","unresolved — no verified source","unresolved — no verified source","unresolved — no verified source","unresolved — no verified source","https://www.rolex.com/en-gb/watches/datejust/m126201-0050","imported catalogue"
"ROLEX","m126201-0051","unreviewed","unresolved — no verified source","unresolved — no verified source","unresolved — no verified source","unresolved — no verified source","https://www.rolex.com/en-gb/watches/datejust/m126201-0051","imported catalogue"
"ROLEX","m126201-0052","unreviewed","unresolved — no verified source","unresolved — no verified source","unresolved — no verified source","unresolved — no verified source","https://www.rolex.com/en-gb/watches/datejust/m126201-0052","imported catalogue"
"ROLEX","m126201-0053","unreviewed","unresolved — no verified source","unresolved — no verified source","unresolved — no verified source","unresolved — no verified source","https://www.rolex.com/en-gb/watches/datejust/m126201-0053","imported catalogue"
"ROLEX","m126201-0054","unreviewed","unresolved — no verified source","unresolved — no verified source","unresolved — no verified source","unresolved — no verified source","https://www.rolex.com/en-gb/watches/datejust/m126201-0054","imported catalogue"
"ROLEX","m126203-0015","unreviewed","unresolved — no verified source","unresolved — no verified source","unresolved — no verified source","unresolved — no verified source","https://www.rolex.com/en-gb/watches/datejust/m126203-0015","imported catalogue"
"ROLEX","m126203-0016","unreviewed","unresolved — no verified source","unresolved — no verified source","unresolved — no verified source","unresolved — no verified source","https://www.rolex.com/en-gb/watches/datejust/m126203-0016","imported catalogue"
"ROLEX","m126203-0017","unreviewed","unresolved — no verified source","unresolved — no verified source","unresolved — no verified source","unresolved — no verified source","https://www.rolex.com/en-gb/watches/datejust/m126203-0017","imported catalogue"
"ROLEX","m126203-0018","unreviewed","unresolved — no verified source","unresolved — no verified source","unresolved — no verified source","unresolved — no verified source","https://www.rolex.com/en-gb/watches/datejust/m126203-0018","imported catalogue"
"ROLEX","m126203-0019","unreviewed","unresolved — no verified source","unresolved — no verified source","unresolved — no verified source","unresolved — no verified source","https://www.rolex.com/en-gb/watches/datejust/m126203-0019","imported catalogue"
"ROLEX","m126203-0020","unreviewed","unresolved — no verified source","unresolved — no verified source","unresolved — no verified source","unresolved — no verified source","https://www.rolex.com/en-gb/watches/datejust/m126203-0020","imported catalogue"
"ROLEX","m126203-0021","unreviewed","unresolved — no verified source","unresolved — no verified source","unresolved — no verified source","unresolved — no verified source","https://www.rolex.com/en-gb/watches/datejust/m126203-0021","imported catalogue"
"ROLEX","m126203-0022","unreviewed","unresolved — no verified source","unresolved — no verified source","unresolved — no verified source","unresolved — no verified source","https://www.rolex.com/en-gb/watches/datejust/m126203-0022","imported catalogue"
"ROLEX","m126203-0023","unreviewed","unresolved — no verified source","unresolved — no verified source","unresolved — no verified source","unresolved — no verified source","https://www.rolex.com/en-gb/watches/datejust/m126203-0023","imported catalogue"
"ROLEX","m126203-0024","unreviewed","unresolved — no verified source","unresolved — no verified source","unresolved — no verified source","unresolved — no verified source","https://www.rolex.com/en-gb/watches/datejust/m126203-0024","imported catalogue"
"ROLEX","m126203-0035","unreviewed","unresolved — no verified source","unresolved — no verified source","unresolved — no verified source","unresolved — no verified source","https://www.rolex.com/en-gb/watches/datejust/m126203-0035","imported catalogue"
"ROLEX","m126203-0036","unreviewed","unresolved — no verified source","unresolved — no verified source","unresolved — no verified source","unresolved — no verified source","https://www.rolex.com/en-gb/watches/datejust/m126203-0036","imported catalogue"
"ROLEX","m126203-0047","unreviewed","unresolved — no verified source","unresolved — no verified source","unresolved — no verified source","unresolved — no verified source","https://www.rolex.com/en-gb/watches/datejust/m126203-0047","imported catalogue"
"ROLEX","m126203-0048","unreviewed","unresolved — no verified source","unresolved — no verified source","unresolved — no verified source","unresolved — no verified source","https://www.rolex.com/en-gb/watches/datejust/m126203-0048","imported catalogue"
"ROLEX","m126203-0049","unreviewed","unresolved — no verified source","unresolved — no verified source","unresolved — no verified source","unresolved — no verified source","https://www.rolex.com/en-gb/watches/datejust/m126203-0049","imported catalogue"
"ROLEX","m126203-0050","unreviewed","unresolved — no verified source","unresolved — no verified source","unresolved — no verified source","unresolved — no verified source","https://www.rolex.com/en-gb/watches/datejust/m126203-0050","imported catalogue"
"ROLEX","m126203-0051","unreviewed","unresolved — no verified source","unresolved — no verified source","unresolved — no verified source","unresolved — no verified source","https://www.rolex.com/en-gb/watches/datejust/m126203-0051","imported catalogue"
"ROLEX","m126203-0052","unreviewed","unresolved — no verified source","unresolved — no verified source","unresolved — no verified source","unresolved — no verified source","https://www.rolex.com/en-gb/watches/datejust/m126203-0052","imported catalogue"
"ROLEX","m126203-0053","unreviewed","unresolved — no verified source","unresolved — no verified source","unresolved — no verified source","unresolved — no verified source","https://www.rolex.com/en-gb/watches/datejust/m126203-0053","imported catalogue"
"ROLEX","m126203-0054","unreviewed","unresolved — no verified source","unresolved — no verified source","unresolved — no verified source","unresolved — no verified source","https://www.rolex.com/en-gb/watches/datejust/m126203-0054","imported catalogue"
"ROLEX","m126203-0055","unreviewed","unresolved — no verified source","unresolved — no verified source","unresolved — no verified source","unresolved — no verified source","https://www.rolex.com/en-gb/watches/datejust/m126203-0055","imported catalogue"
"ROLEX","m126203-0056","unreviewed","unresolved — no verified source","unresolved — no verified source","unresolved — no verified source","unresolved — no verified source","https://www.rolex.com/en-gb/watches/datejust/m126203-0056","imported catalogue"
"ROLEX","m126203-0057","unreviewed","unresolved — no verified source","unresolved — no verified source","unresolved — no verified source","unresolved — no verified source","https://www.rolex.com/en-gb/watches/datejust/m126203-0057","imported catalogue"
"ROLEX","m126203-0058","unreviewed","unresolved — no verified source","unresolved — no verified source","unresolved — no verified source","unresolved — no verified source","https://www.rolex.com/en-gb/watches/datejust/m126203-0058","imported catalogue"
"ROLEX","m126231-0013","unreviewed","unresolved — no verified source","unresolved — no verified source","unresolved — no verified source","unresolved — no verified source","https://www.rolex.com/en-gb/watches/datejust/m126231-0013","imported catalogue"
"ROLEX","m126231-0014","unreviewed","unresolved — no verified source","unresolved — no verified source","unresolved — no verified source","unresolved — no verified source","https://www.rolex.com/en-gb/watches/datejust/m126231-0014","imported catalogue"
"ROLEX","m126231-0017","unreviewed","unresolved — no verified source","unresolved — no verified source","unresolved — no verified source","unresolved — no verified source","https://www.rolex.com/en-gb/watches/datejust/m126231-0017","imported catalogue"
"ROLEX","m126231-0018","unreviewed","unresolved — no verified source","unresolved — no verified source","unresolved — no verified source","unresolved — no verified source","https://www.rolex.com/en-gb/watches/datejust/m126231-0018","imported catalogue"
"ROLEX","m126231-0019","unreviewed","unresolved — no verified source","unresolved — no verified source","unresolved — no verified source","unresolved — no verified source","https://www.rolex.com/en-gb/watches/datejust/m126231-0019","imported catalogue"
"ROLEX","m126231-0020","unreviewed","unresolved — no verified source","unresolved — no verified source","unresolved — no verified source","unresolved — no verified source","https://www.rolex.com/en-gb/watches/datejust/m126231-0020","imported catalogue"
"ROLEX","m126231-0021","unreviewed","unresolved — no verified source","unresolved — no verified source","unresolved — no verified source","unresolved — no verified source","https://www.rolex.com/en-gb/watches/datejust/m126231-0021","imported catalogue"
"ROLEX","m126231-0022","unreviewed","unresolved — no verified source","unresolved — no verified source","unresolved — no verified source","unresolved — no verified source","https://www.rolex.com/en-gb/watches/datejust/m126231-0022","imported catalogue"
"ROLEX","m126231-0029","unreviewed","unresolved — no verified source","unresolved — no verified source","unresolved — no verified source","unresolved — no verified source","https://www.rolex.com/en-gb/watches/datejust/m126231-0029","imported catalogue"
"ROLEX","m126231-0030","unreviewed","unresolved — no verified source","unresolved — no verified source","unresolved — no verified source","unresolved — no verified source","https://www.rolex.com/en-gb/watches/datejust/m126231-0030","imported catalogue"
"ROLEX","m126231-0043","unreviewed","unresolved — no verified source","unresolved — no verified source","unresolved — no verified source","unresolved — no verified source","https://www.rolex.com/en-gb/watches/datejust/m126231-0043","imported catalogue"
"ROLEX","m126231-0044","unreviewed","unresolved — no verified source","unresolved — no verified source","unresolved — no verified source","unresolved — no verified source","https://www.rolex.com/en-gb/watches/datejust/m126231-0044","imported catalogue"
"ROLEX","m126231-0045","unreviewed","unresolved — no verified source","unresolved — no verified source","unresolved — no verified source","unresolved — no verified source","https://www.rolex.com/en-gb/watches/datejust/m126231-0045","imported catalogue"
"ROLEX","m126231-0046","unreviewed","unresolved — no verified source","unresolved — no verified source","unresolved — no verified source","unresolved — no verified source","https://www.rolex.com/en-gb/watches/datejust/m126231-0046","imported catalogue"
"ROLEX","m126231-0047","unreviewed","unresolved — no verified source","unresolved — no verified source","unresolved — no verified source","unresolved — no verified source","https://www.rolex.com/en-gb/watches/datejust/m126231-0047","imported catalogue"
"ROLEX","m126231-0048","unreviewed","unresolved — no verified source","unresolved — no verified source","unresolved — no verified source","unresolved — no verified source","https://www.rolex.com/en-gb/watches/datejust/m126231-0048","imported catalogue"
"ROLEX","m126231-0049","unreviewed","unresolved — no verified source","unresolved — no verified source","unresolved — no verified source","unresolved — no verified source","https://www.rolex.com/en-gb/watches/datejust/m126231-0049","imported catalogue"
"ROLEX","m126231-0050","unreviewed","unresolved — no verified source","unresolved — no verified source","unresolved — no verified source","unresolved — no verified source","https://www.rolex.com/en-gb/watches/datejust/m126231-0050","imported catalogue"
"ROLEX","m126231-0051","unreviewed","unresolved — no verified source","unresolved — no verified source","unresolved — no verified source","unresolved — no verified source","https://www.rolex.com/en-gb/watches/datejust/m126231-0051","imported catalogue"
"ROLEX","m126231-0052","unreviewed","unresolved — no verified source","unresolved — no verified source","unresolved — no verified source","unresolved — no verified source","https://www.rolex.com/en-gb/watches/datejust/m126231-0052","imported catalogue"
"ROLEX","m126231-0053","unreviewed","unresolved — no verified source","unresolved — no verified source","unresolved — no verified source","unresolved — no verified source","https://www.rolex.com/en-gb/watches/datejust/m126231-0053","imported catalogue"
"ROLEX","m126231-0054","unreviewed","unresolved — no verified source","unresolved — no verified source","unresolved — no verified source","unresolved — no verified source","https://www.rolex.com/en-gb/watches/datejust/m126231-0054","imported catalogue"
"ROLEX","m126233-0015","unreviewed","unresolved — no verified source","unresolved — no verified source","unresolved — no verified source","unresolved — no verified source","https://www.rolex.com/en-gb/watches/datejust/m126233-0015","imported catalogue"
"ROLEX","m126233-0016","unreviewed","unresolved — no verified source","unresolved — no verified source","unresolved — no verified source","unresolved — no verified source","https://www.rolex.com/en-gb/watches/datejust/m126233-0016","imported catalogue"
"ROLEX","m126233-0017","unreviewed","unresolved — no verified source","unresolved — no verified source","unresolved — no verified source","unresolved — no verified source","https://www.rolex.com/en-gb/watches/datejust/m126233-0017","imported catalogue"
"ROLEX","m126233-0018","unreviewed","unresolved — no verified source","unresolved — no verified source","unresolved — no verified source","unresolved — no verified source","https://www.rolex.com/en-gb/watches/datejust/m126233-0018","imported catalogue"
"ROLEX","m126233-0019","unreviewed","unresolved — no verified source","unresolved — no verified source","unresolved — no verified source","unresolved — no verified source","https://www.rolex.com/en-gb/watches/datejust/m126233-0019","imported catalogue"
"ROLEX","m126233-0020","unreviewed","unresolved — no verified source","unresolved — no verified source","unresolved — no verified source","unresolved — no verified source","https://www.rolex.com/en-gb/watches/datejust/m126233-0020","imported catalogue"
"ROLEX","m126233-0021","unreviewed","unresolved — no verified source","unresolved — no verified source","unresolved — no verified source","unresolved — no verified source","https://www.rolex.com/en-gb/watches/datejust/m126233-0021","imported catalogue"
"ROLEX","m126233-0022","unreviewed","unresolved — no verified source","unresolved — no verified source","unresolved — no verified source","unresolved — no verified source","https://www.rolex.com/en-gb/watches/datejust/m126233-0022","imported catalogue"
"ROLEX","m126233-0023","unreviewed","unresolved — no verified source","unresolved — no verified source","unresolved — no verified source","unresolved — no verified source","https://www.rolex.com/en-gb/watches/datejust/m126233-0023","imported catalogue"
"ROLEX","m126233-0024","unreviewed","unresolved — no verified source","unresolved — no verified source","unresolved — no verified source","unresolved — no verified source","https://www.rolex.com/en-gb/watches/datejust/m126233-0024","imported catalogue"
"ROLEX","m126233-0035","unreviewed","unresolved — no verified source","unresolved — no verified source","unresolved — no verified source","unresolved — no verified source","https://www.rolex.com/en-gb/watches/datejust/m126233-0035","imported catalogue"
"ROLEX","m126233-0036","unreviewed","unresolved — no verified source","unresolved — no verified source","unresolved — no verified source","unresolved — no verified source","https://www.rolex.com/en-gb/watches/datejust/m126233-0036","imported catalogue"
"ROLEX","m126233-0047","unreviewed","unresolved — no verified source","unresolved — no verified source","unresolved — no verified source","unresolved — no verified source","https://www.rolex.com/en-gb/watches/datejust/m126233-0047","imported catalogue"
"ROLEX","m126233-0048","unreviewed","unresolved — no verified source","unresolved — no verified source","unresolved — no verified source","unresolved — no verified source","https://www.rolex.com/en-gb/watches/datejust/m126233-0048","imported catalogue"
"ROLEX","m126233-0049","unreviewed","unresolved — no verified source","unresolved — no verified source","unresolved — no verified source","unresolved — no verified source","https://www.rolex.com/en-gb/watches/datejust/m126233-0049","imported catalogue"
"ROLEX","m126233-0050","unreviewed","unresolved — no verified source","unresolved — no verified source","unresolved — no verified source","unresolved — no verified source","https://www.rolex.com/en-gb/watches/datejust/m126233-0050","imported catalogue"
"ROLEX","m126233-0051","unreviewed","unresolved — no verified source","unresolved — no verified source","unresolved — no verified source","unresolved — no verified source","https://www.rolex.com/en-gb/watches/datejust/m126233-0051","imported catalogue"
"ROLEX","m126233-0052","unreviewed","unresolved — no verified source","unresolved — no verified source","unresolved — no verified source","unresolved — no verified source","https://www.rolex.com/en-gb/watches/datejust/m126233-0052","imported catalogue"
"ROLEX","m126233-0053","unreviewed","unresolved — no verified source","unresolved — no verified source","unresolved — no verified source","unresolved — no verified source","https://www.rolex.com/en-gb/watches/datejust/m126233-0053","imported catalogue"
"ROLEX","m126233-0054","unreviewed","unresolved — no verified source","unresolved — no verified source","unresolved — no verified source","unresolved — no verified source","https://www.rolex.com/en-gb/watches/datejust/m126233-0054","imported catalogue"
"ROLEX","m126233-0055","unreviewed","unresolved — no verified source","unresolved — no verified source","unresolved — no verified source","unresolved — no verified source","https://www.rolex.com/en-gb/watches/datejust/m126233-0055","imported catalogue"
"ROLEX","m126233-0056","unreviewed","unresolved — no verified source","unresolved — no verified source","unresolved — no verified source","unresolved — no verified source","https://www.rolex.com/en-gb/watches/datejust/m126233-0056","imported catalogue"
"ROLEX","m126233-0057","unreviewed","unresolved — no verified source","unresolved — no verified source","unresolved — no verified source","unresolved — no verified source","https://www.rolex.com/en-gb/watches/datejust/m126233-0057","imported catalogue"
"ROLEX","m126233-0058","unreviewed","unresolved — no verified source","unresolved — no verified source","unresolved — no verified source","unresolved — no verified source","https://www.rolex.com/en-gb/watches/datejust/m126233-0058","imported catalogue"
"ROLEX","m126234-0013","unreviewed","unresolved — no verified source","unresolved — no verified source","unresolved — no verified source","unresolved — no verified source","https://www.rolex.com/en-gb/watches/datejust/m126234-0013","imported catalogue"
"ROLEX","m126234-0014","unreviewed","unresolved — no verified source","unresolved — no verified source","unresolved — no verified source","unresolved — no verified source","https://www.rolex.com/en-gb/watches/datejust/m126234-0014","imported catalogue"
"ROLEX","m126234-0015","unreviewed","unresolved — no verified source","unresolved — no verified source","unresolved — no verified source","unresolved — no verified source","https://www.rolex.com/en-gb/watches/datejust/m126234-0015","imported catalogue"
"ROLEX","m126234-0016","unreviewed","unresolved — no verified source","unresolved — no verified source","unresolved — no verified source","unresolved — no verified source","https://www.rolex.com/en-gb/watches/datejust/m126234-0016","imported catalogue"
"ROLEX","m126234-0017","unreviewed","unresolved — no verified source","unresolved — no verified source","unresolved — no verified source","unresolved — no verified source","https://www.rolex.com/en-gb/watches/datejust/m126234-0017","imported catalogue"
"ROLEX","m126234-0018","unreviewed","unresolved — no verified source","unresolved — no verified source","unresolved — no verified source","unresolved — no verified source","https://www.rolex.com/en-gb/watches/datejust/m126234-0018","imported catalogue"
"ROLEX","m126234-0019","unreviewed","unresolved — no verified source","unresolved — no verified source","unresolved — no verified source","unresolved — no verified source","https://www.rolex.com/en-gb/watches/datejust/m126234-0019","imported catalogue"
"ROLEX","m126234-0020","unreviewed","unresolved — no verified source","unresolved — no verified source","unresolved — no verified source","unresolved — no verified source","https://www.rolex.com/en-gb/watches/datejust/m126234-0020","imported catalogue"
"ROLEX","m126234-0027","unreviewed","unresolved — no verified source","unresolved — no verified source","unresolved — no verified source","unresolved — no verified source","https://www.rolex.com/en-gb/watches/datejust/m126234-0027","imported catalogue"
"ROLEX","m126234-0028","unreviewed","unresolved — no verified source","unresolved — no verified source","unresolved — no verified source","unresolved — no verified source","https://www.rolex.com/en-gb/watches/datejust/m126234-0028","imported catalogue"
"ROLEX","m126234-0037","unreviewed","unresolved — no verified source","unresolved — no verified source","unresolved — no verified source","unresolved — no verified source","https://www.rolex.com/en-gb/watches/datejust/m126234-0037","imported catalogue"
"ROLEX","m126234-0038","unreviewed","unresolved — no verified source","unresolved — no verified source","unresolved — no verified source","unresolved — no verified source","https://www.rolex.com/en-gb/watches/datejust/m126234-0038","imported catalogue"
"ROLEX","m126234-0045","unreviewed","unresolved — no verified source","unresolved — no verified source","unresolved — no verified source","unresolved — no verified source","https://www.rolex.com/en-gb/watches/datejust/m126234-0045","imported catalogue"
"ROLEX","m126234-0046","unreviewed","unresolved — no verified source","unresolved — no verified source","unresolved — no verified source","unresolved — no verified source","https://www.rolex.com/en-gb/watches/datejust/m126234-0046","imported catalogue"
"ROLEX","m126234-0051","unreviewed","unresolved — no verified source","unresolved — no verified source","unresolved — no verified source","unresolved — no verified source","https://www.rolex.com/en-gb/watches/datejust/m126234-0051","imported catalogue"
"ROLEX","m126234-0052","unreviewed","unresolved — no verified source","unresolved — no verified source","unresolved — no verified source","unresolved — no verified source","https://www.rolex.com/en-gb/watches/datejust/m126234-0052","imported catalogue"
"ROLEX","m126234-0059","unreviewed","unresolved — no verified source","unresolved — no verified source","unresolved — no verified source","unresolved — no verified source","https://www.rolex.com/en-gb/watches/datejust/m126234-0059","imported catalogue"
"ROLEX","m126234-0060","unreviewed","unresolved — no verified source","unresolved — no verified source","unresolved — no verified source","unresolved — no verified source","https://www.rolex.com/en-gb/watches/datejust/m126234-0060","imported catalogue"
"ROLEX","m126234-0061","unreviewed","unresolved — no verified source","unresolved — no verified source","unresolved — no verified source","unresolved — no verified source","https://www.rolex.com/en-gb/watches/datejust/m126234-0061","imported catalogue"
"ROLEX","m126234-0062","unreviewed","unresolved — no verified source","unresolved — no verified source","unresolved — no verified source","unresolved — no verified source","https://www.rolex.com/en-gb/watches/datejust/m126234-0062","imported catalogue"
"ROLEX","m126234-0063","unreviewed","unresolved — no verified source","unresolved — no verified source","unresolved — no verified source","unresolved — no verified source","https://www.rolex.com/en-gb/watches/datejust/m126234-0063","imported catalogue"
"ROLEX","m126234-0064","unreviewed","unresolved — no verified source","unresolved — no verified source","unresolved — no verified source","unresolved — no verified source","https://www.rolex.com/en-gb/watches/datejust/m126234-0064","imported catalogue"
"ROLEX","m126234-0065","unreviewed","unresolved — no verified source","unresolved — no verified source","unresolved — no verified source","unresolved — no verified source","https://www.rolex.com/en-gb/watches/datejust/m126234-0065","imported catalogue"
"ROLEX","m126234-0066","unreviewed","unresolved — no verified source","unresolved — no verified source","unresolved — no verified source","unresolved — no verified source","https://www.rolex.com/en-gb/watches/datejust/m126234-0066","imported catalogue"
"ROLEX","m126234-0067","unreviewed","unresolved — no verified source","unresolved — no verified source","unresolved — no verified source","unresolved — no verified source","https://www.rolex.com/en-gb/watches/datejust/m126234-0067","imported catalogue"
"ROLEX","m126234-0068","unreviewed","unresolved — no verified source","unresolved — no verified source","unresolved — no verified source","unresolved — no verified source","https://www.rolex.com/en-gb/watches/datejust/m126234-0068","imported catalogue"
"ROLEX","m126234-0069","unreviewed","unresolved — no verified source","unresolved — no verified source","unresolved — no verified source","unresolved — no verified source","https://www.rolex.com/en-gb/watches/datejust/m126234-0069","imported catalogue"
"ROLEX","m126234-0070","unreviewed","unresolved — no verified source","unresolved — no verified source","unresolved — no verified source","unresolved — no verified source","https://www.rolex.com/en-gb/watches/datejust/m126234-0070","imported catalogue"
"ROLEX","m126234-0071","unreviewed","unresolved — no verified source","unresolved — no verified source","unresolved — no verified source","unresolved — no verified source","https://www.rolex.com/en-gb/watches/datejust/m126234-0071","imported catalogue"
"ROLEX","m126234-0072","unreviewed","unresolved — no verified source","unresolved — no verified source","unresolved — no verified source","unresolved — no verified source","https://www.rolex.com/en-gb/watches/datejust/m126234-0072","imported catalogue"
"ROLEX","m126281rbr-0001","unreviewed","unresolved — no verified source","unresolved — no verified source","unresolved — no verified source","unresolved — no verified source","https://www.rolex.com/en-gb/watches/datejust/m126281rbr-0001","imported catalogue"
"ROLEX","m126281rbr-0002","unreviewed","unresolved — no verified source","unresolved — no verified source","unresolved — no verified source","unresolved — no verified source","https://www.rolex.com/en-gb/watches/datejust/m126281rbr-0002","imported catalogue"
"ROLEX","m126281rbr-0005","unreviewed","unresolved — no verified source","unresolved — no verified source","unresolved — no verified source","unresolved — no verified source","https://www.rolex.com/en-gb/watches/datejust/m126281rbr-0005","imported catalogue"
"ROLEX","m126281rbr-0006","unreviewed","unresolved — no verified source","unresolved — no verified source","unresolved — no verified source","unresolved — no verified source","https://www.rolex.com/en-gb/watches/datejust/m126281rbr-0006","imported catalogue"
"ROLEX","m126281rbr-0007","unreviewed","unresolved — no verified source","unresolved — no verified source","unresolved — no verified source","unresolved — no verified source","https://www.rolex.com/en-gb/watches/datejust/m126281rbr-0007","imported catalogue"
"ROLEX","m126281rbr-0008","unreviewed","unresolved — no verified source","unresolved — no verified source","unresolved — no verified source","unresolved — no verified source","https://www.rolex.com/en-gb/watches/datejust/m126281rbr-0008","imported catalogue"
"ROLEX","m126281rbr-0009","unreviewed","unresolved — no verified source","unresolved — no verified source","unresolved — no verified source","unresolved — no verified source","https://www.rolex.com/en-gb/watches/datejust/m126281rbr-0009","imported catalogue"
"ROLEX","m126281rbr-0010","unreviewed","unresolved — no verified source","unresolved — no verified source","unresolved — no verified source","unresolved — no verified source","https://www.rolex.com/en-gb/watches/datejust/m126281rbr-0010","imported catalogue"
"ROLEX","m126281rbr-0017","unreviewed","unresolved — no verified source","unresolved — no verified source","unresolved — no verified source","unresolved — no verified source","https://www.rolex.com/en-gb/watches/datejust/m126281rbr-0017","imported catalogue"
"ROLEX","m126281rbr-0018","unreviewed","unresolved — no verified source","unresolved — no verified source","unresolved — no verified source","unresolved — no verified source","https://www.rolex.com/en-gb/watches/datejust/m126281rbr-0018","imported catalogue"
"ROLEX","m126281rbr-0031","unreviewed","unresolved — no verified source","unresolved — no verified source","unresolved — no verified source","unresolved — no verified source","https://www.rolex.com/en-gb/watches/datejust/m126281rbr-0031","imported catalogue"
"ROLEX","m126281rbr-0032","unreviewed","unresolved — no verified source","unresolved — no verified source","unresolved — no verified source","unresolved — no verified source","https://www.rolex.com/en-gb/watches/datejust/m126281rbr-0032","imported catalogue"
"ROLEX","m126281rbr-0033","unreviewed","unresolved — no verified source","unresolved — no verified source","unresolved — no verified source","unresolved — no verified source","https://www.rolex.com/en-gb/watches/datejust/m126281rbr-0033","imported catalogue"
"ROLEX","m126281rbr-0034","unreviewed","unresolved — no verified source","unresolved — no verified source","unresolved — no verified source","unresolved — no verified source","https://www.rolex.com/en-gb/watches/datejust/m126281rbr-0034","imported catalogue"
"ROLEX","m126281rbr-0035","unreviewed","unresolved — no verified source","unresolved — no verified source","unresolved — no verified source","unresolved — no verified source","https://www.rolex.com/en-gb/watches/datejust/m126281rbr-0035","imported catalogue"
"ROLEX","m126281rbr-0036","unreviewed","unresolved — no verified source","unresolved — no verified source","unresolved — no verified source","unresolved — no verified source","https://www.rolex.com/en-gb/watches/datejust/m126281rbr-0036","imported catalogue"
"ROLEX","m126281rbr-0037","unreviewed","unresolved — no verified source","unresolved — no verified source","unresolved — no verified source","unresolved — no verified source","https://www.rolex.com/en-gb/watches/datejust/m126281rbr-0037","imported catalogue"
"ROLEX","m126281rbr-0038","unreviewed","unresolved — no verified source","unresolved — no verified source","unresolved — no verified source","unresolved — no verified source","https://www.rolex.com/en-gb/watches/datejust/m126281rbr-0038","imported catalogue"
"ROLEX","m126281rbr-0039","unreviewed","unresolved — no verified source","unresolved — no verified source","unresolved — no verified source","unresolved — no verified source","https://www.rolex.com/en-gb/watches/datejust/m126281rbr-0039","imported catalogue"
"ROLEX","m126281rbr-0040","unreviewed","unresolved — no verified source","unresolved — no verified source","unresolved — no verified source","unresolved — no verified source","https://www.rolex.com/en-gb/watches/datejust/m126281rbr-0040","imported catalogue"
"ROLEX","m126281rbr-0041","unreviewed","unresolved — no verified source","unresolved — no verified source","unresolved — no verified source","unresolved — no verified source","https://www.rolex.com/en-gb/watches/datejust/m126281rbr-0041","imported catalogue"
"ROLEX","m126281rbr-0042","unreviewed","unresolved — no verified source","unresolved — no verified source","unresolved — no verified source","unresolved — no verified source","https://www.rolex.com/en-gb/watches/datejust/m126281rbr-0042","imported catalogue"
"ROLEX","m126283rbr-0001","unreviewed","unresolved — no verified source","unresolved — no verified source","unresolved — no verified source","unresolved — no verified source","https://www.rolex.com/en-gb/watches/datejust/m126283rbr-0001","imported catalogue"
"ROLEX","m126283rbr-0002","unreviewed","unresolved — no verified source","unresolved — no verified source","unresolved — no verified source","unresolved — no verified source","https://www.rolex.com/en-gb/watches/datejust/m126283rbr-0002","imported catalogue"
"ROLEX","m126283rbr-0003","unreviewed","unresolved — no verified source","unresolved — no verified source","unresolved — no verified source","unresolved — no verified source","https://www.rolex.com/en-gb/watches/datejust/m126283rbr-0003","imported catalogue"
"ROLEX","m126283rbr-0004","unreviewed","unresolved — no verified source","unresolved — no verified source","unresolved — no verified source","unresolved — no verified source","https://www.rolex.com/en-gb/watches/datejust/m126283rbr-0004","imported catalogue"
"ROLEX","m126283rbr-0005","unreviewed","unresolved — no verified source","unresolved — no verified source","unresolved — no verified source","unresolved — no verified source","https://www.rolex.com/en-gb/watches/datejust/m126283rbr-0005","imported catalogue"
"ROLEX","m126283rbr-0006","unreviewed","unresolved — no verified source","unresolved — no verified source","unresolved — no verified source","unresolved — no verified source","https://www.rolex.com/en-gb/watches/datejust/m126283rbr-0006","imported catalogue"
"ROLEX","m126283rbr-0007","unreviewed","unresolved — no verified source","unresolved — no verified source","unresolved — no verified source","unresolved — no verified source","https://www.rolex.com/en-gb/watches/datejust/m126283rbr-0007","imported catalogue"
"ROLEX","m126283rbr-0008","unreviewed","unresolved — no verified source","unresolved — no verified source","unresolved — no verified source","unresolved — no verified source","https://www.rolex.com/en-gb/watches/datejust/m126283rbr-0008","imported catalogue"
"ROLEX","m126283rbr-0009","unreviewed","unresolved — no verified source","unresolved — no verified source","unresolved — no verified source","unresolved — no verified source","https://www.rolex.com/en-gb/watches/datejust/m126283rbr-0009","imported catalogue"
"ROLEX","m126283rbr-0010","unreviewed","unresolved — no verified source","unresolved — no verified source","unresolved — no verified source","unresolved — no verified source","https://www.rolex.com/en-gb/watches/datejust/m126283rbr-0010","imported catalogue"
"ROLEX","m126283rbr-0021","unreviewed","unresolved — no verified source","unresolved — no verified source","unresolved — no verified source","unresolved — no verified source","https://www.rolex.com/en-gb/watches/datejust/m126283rbr-0021","imported catalogue"
"ROLEX","m126283rbr-0022","unreviewed","unresolved — no verified source","unresolved — no verified source","unresolved — no verified source","unresolved — no verified source","https://www.rolex.com/en-gb/watches/datejust/m126283rbr-0022","imported catalogue"
"ROLEX","m126283rbr-0033","unreviewed","unresolved — no verified source","unresolved — no verified source","unresolved — no verified source","unresolved — no verified source","https://www.rolex.com/en-gb/watches/datejust/m126283rbr-0033","imported catalogue"
"ROLEX","m126283rbr-0034","unreviewed","unresolved — no verified source","unresolved — no verified source","unresolved — no verified source","unresolved — no verified source","https://www.rolex.com/en-gb/watches/datejust/m126283rbr-0034","imported catalogue"
"ROLEX","m126283rbr-0035","unreviewed","unresolved — no verified source","unresolved — no verified source","unresolved — no verified source","unresolved — no verified source","https://www.rolex.com/en-gb/watches/datejust/m126283rbr-0035","imported catalogue"
"ROLEX","m126283rbr-0036","unreviewed","unresolved — no verified source","unresolved — no verified source","unresolved — no verified source","unresolved — no verified source","https://www.rolex.com/en-gb/watches/datejust/m126283rbr-0036","imported catalogue"
"ROLEX","m126283rbr-0037","unreviewed","unresolved — no verified source","unresolved — no verified source","unresolved — no verified source","unresolved — no verified source","https://www.rolex.com/en-gb/watches/datejust/m126283rbr-0037","imported catalogue"
"ROLEX","m126283rbr-0038","unreviewed","unresolved — no verified source","unresolved — no verified source","unresolved — no verified source","unresolved — no verified source","https://www.rolex.com/en-gb/watches/datejust/m126283rbr-0038","imported catalogue"
"ROLEX","m126283rbr-0039","unreviewed","unresolved — no verified source","unresolved — no verified source","unresolved — no verified source","unresolved — no verified source","https://www.rolex.com/en-gb/watches/datejust/m126283rbr-0039","imported catalogue"
"ROLEX","m126283rbr-0040","unreviewed","unresolved — no verified source","unresolved — no verified source","unresolved — no verified source","unresolved — no verified source","https://www.rolex.com/en-gb/watches/datejust/m126283rbr-0040","imported catalogue"
"ROLEX","m126283rbr-0041","unreviewed","unresolved — no verified source","unresolved — no verified source","unresolved — no verified source","unresolved — no verified source","https://www.rolex.com/en-gb/watches/datejust/m126283rbr-0041","imported catalogue"
"ROLEX","m126283rbr-0042","unreviewed","unresolved — no verified source","unresolved — no verified source","unresolved — no verified source","unresolved — no verified source","https://www.rolex.com/en-gb/watches/datejust/m126283rbr-0042","imported catalogue"
"ROLEX","m126283rbr-0043","unreviewed","unresolved — no verified source","unresolved — no verified source","unresolved — no verified source","unresolved — no verified source","https://www.rolex.com/en-gb/watches/datejust/m126283rbr-0043","imported catalogue"
"ROLEX","m126283rbr-0044","unreviewed","unresolved — no verified source","unresolved — no verified source","unresolved — no verified source","unresolved — no verified source","https://www.rolex.com/en-gb/watches/datejust/m126283rbr-0044","imported catalogue"
"ROLEX","m126284rbr-0005","unreviewed","unresolved — no verified source","unresolved — no verified source","unresolved — no verified source","unresolved — no verified source","https://www.rolex.com/en-gb/watches/datejust/m126284rbr-0005","imported catalogue"
"ROLEX","m126284rbr-0006","unreviewed","unresolved — no verified source","unresolved — no verified source","unresolved — no verified source","unresolved — no verified source","https://www.rolex.com/en-gb/watches/datejust/m126284rbr-0006","imported catalogue"
"ROLEX","m126284rbr-0007","unreviewed","unresolved — no verified source","unresolved — no verified source","unresolved — no verified source","unresolved — no verified source","https://www.rolex.com/en-gb/watches/datejust/m126284rbr-0007","imported catalogue"
"ROLEX","m126284rbr-0008","unreviewed","unresolved — no verified source","unresolved — no verified source","unresolved — no verified source","unresolved — no verified source","https://www.rolex.com/en-gb/watches/datejust/m126284rbr-0008","imported catalogue"
"ROLEX","m126284rbr-0009","unreviewed","unresolved — no verified source","unresolved — no verified source","unresolved — no verified source","unresolved — no verified source","https://www.rolex.com/en-gb/watches/datejust/m126284rbr-0009","imported catalogue"
"ROLEX","m126284rbr-0010","unreviewed","unresolved — no verified source","unresolved — no verified source","unresolved — no verified source","unresolved — no verified source","https://www.rolex.com/en-gb/watches/datejust/m126284rbr-0010","imported catalogue"
"ROLEX","m126284rbr-0011","unreviewed","unresolved — no verified source","unresolved — no verified source","unresolved — no verified source","unresolved — no verified source","https://www.rolex.com/en-gb/watches/datejust/m126284rbr-0011","imported catalogue"
"ROLEX","m126284rbr-0012","unreviewed","unresolved — no verified source","unresolved — no verified source","unresolved — no verified source","unresolved — no verified source","https://www.rolex.com/en-gb/watches/datejust/m126284rbr-0012","imported catalogue"
"ROLEX","m126284rbr-0019","unreviewed","unresolved — no verified source","unresolved — no verified source","unresolved — no verified source","unresolved — no verified source","https://www.rolex.com/en-gb/watches/datejust/m126284rbr-0019","imported catalogue"
"ROLEX","m126284rbr-0020","unreviewed","unresolved — no verified source","unresolved — no verified source","unresolved — no verified source","unresolved — no verified source","https://www.rolex.com/en-gb/watches/datejust/m126284rbr-0020","imported catalogue"
"ROLEX","m126284rbr-0029","unreviewed","unresolved — no verified source","unresolved — no verified source","unresolved — no verified source","unresolved — no verified source","https://www.rolex.com/en-gb/watches/datejust/m126284rbr-0029","imported catalogue"
"ROLEX","m126284rbr-0030","unreviewed","unresolved — no verified source","unresolved — no verified source","unresolved — no verified source","unresolved — no verified source","https://www.rolex.com/en-gb/watches/datejust/m126284rbr-0030","imported catalogue"
"ROLEX","m126284rbr-0037","unreviewed","unresolved — no verified source","unresolved — no verified source","unresolved — no verified source","unresolved — no verified source","https://www.rolex.com/en-gb/watches/datejust/m126284rbr-0037","imported catalogue"
"ROLEX","m126284rbr-0038","unreviewed","unresolved — no verified source","unresolved — no verified source","unresolved — no verified source","unresolved — no verified source","https://www.rolex.com/en-gb/watches/datejust/m126284rbr-0038","imported catalogue"
"ROLEX","m126284rbr-0043","unreviewed","unresolved — no verified source","unresolved — no verified source","unresolved — no verified source","unresolved — no verified source","https://www.rolex.com/en-gb/watches/datejust/m126284rbr-0043","imported catalogue"
"ROLEX","m126284rbr-0044","unreviewed","unresolved — no verified source","unresolved — no verified source","unresolved — no verified source","unresolved — no verified source","https://www.rolex.com/en-gb/watches/datejust/m126284rbr-0044","imported catalogue"
"ROLEX","m126284rbr-0051","unreviewed","unresolved — no verified source","unresolved — no verified source","unresolved — no verified source","unresolved — no verified source","https://www.rolex.com/en-gb/watches/datejust/m126284rbr-0051","imported catalogue"
"ROLEX","m126284rbr-0052","unreviewed","unresolved — no verified source","unresolved — no verified source","unresolved — no verified source","unresolved — no verified source","https://www.rolex.com/en-gb/watches/datejust/m126284rbr-0052","imported catalogue"
"ROLEX","m126284rbr-0053","unreviewed","unresolved — no verified source","unresolved — no verified source","unresolved — no verified source","unresolved — no verified source","https://www.rolex.com/en-gb/watches/datejust/m126284rbr-0053","imported catalogue"
"ROLEX","m126284rbr-0054","unreviewed","unresolved — no verified source","unresolved — no verified source","unresolved — no verified source","unresolved — no verified source","https://www.rolex.com/en-gb/watches/datejust/m126284rbr-0054","imported catalogue"
"ROLEX","m126284rbr-0055","unreviewed","unresolved — no verified source","unresolved — no verified source","unresolved — no verified source","unresolved — no verified source","https://www.rolex.com/en-gb/watches/datejust/m126284rbr-0055","imported catalogue"
"ROLEX","m126284rbr-0056","unreviewed","unresolved — no verified source","unresolved — no verified source","unresolved — no verified source","unresolved — no verified source","https://www.rolex.com/en-gb/watches/datejust/m126284rbr-0056","imported catalogue"
"ROLEX","m126284rbr-0057","unreviewed","unresolved — no verified source","unresolved — no verified source","unresolved — no verified source","unresolved — no verified source","https://www.rolex.com/en-gb/watches/datejust/m126284rbr-0057","imported catalogue"
"ROLEX","m126284rbr-0058","unreviewed","unresolved — no verified source","unresolved — no verified source","unresolved — no verified source","unresolved — no verified source","https://www.rolex.com/en-gb/watches/datejust/m126284rbr-0058","imported catalogue"
"ROLEX","m126284rbr-0059","unreviewed","unresolved — no verified source","unresolved — no verified source","unresolved — no verified source","unresolved — no verified source","https://www.rolex.com/en-gb/watches/datejust/m126284rbr-0059","imported catalogue"
"ROLEX","m126284rbr-0060","unreviewed","unresolved — no verified source","unresolved — no verified source","unresolved — no verified source","unresolved — no verified source","https://www.rolex.com/en-gb/watches/datejust/m126284rbr-0060","imported catalogue"
"ROLEX","m126284rbr-0061","unreviewed","unresolved — no verified source","unresolved — no verified source","unresolved — no verified source","unresolved — no verified source","https://www.rolex.com/en-gb/watches/datejust/m126284rbr-0061","imported catalogue"
"ROLEX","m126284rbr-0062","unreviewed","unresolved — no verified source","unresolved — no verified source","unresolved — no verified source","unresolved — no verified source","https://www.rolex.com/en-gb/watches/datejust/m126284rbr-0062","imported catalogue"
"ROLEX","m126284rbr-0063","unreviewed","unresolved — no verified source","unresolved — no verified source","unresolved — no verified source","unresolved — no verified source","https://www.rolex.com/en-gb/watches/datejust/m126284rbr-0063","imported catalogue"
"ROLEX","m126284rbr-0064","unreviewed","unresolved — no verified source","unresolved — no verified source","unresolved — no verified source","unresolved — no verified source","https://www.rolex.com/en-gb/watches/datejust/m126284rbr-0064","imported catalogue"
"ROLEX","m126300-0001","unreviewed","unresolved — no verified source","unresolved — no verified source","unresolved — no verified source","unresolved — no verified source","https://www.rolex.com/en-gb/watches/datejust/m126300-0001","imported catalogue"
"ROLEX","m126300-0002","unreviewed","unresolved — no verified source","unresolved — no verified source","unresolved — no verified source","unresolved — no verified source","https://www.rolex.com/en-gb/watches/datejust/m126300-0002","imported catalogue"
"ROLEX","m126300-0003","unreviewed","unresolved — no verified source","unresolved — no verified source","unresolved — no verified source","unresolved — no verified source","https://www.rolex.com/en-gb/watches/datejust/m126300-0003","imported catalogue"
"ROLEX","m126300-0004","unreviewed","unresolved — no verified source","unresolved — no verified source","unresolved — no verified source","unresolved — no verified source","https://www.rolex.com/en-gb/watches/datejust/m126300-0004","imported catalogue"
"ROLEX","m126300-0005","unreviewed","unresolved — no verified source","unresolved — no verified source","unresolved — no verified source","unresolved — no verified source","https://www.rolex.com/en-gb/watches/datejust/m126300-0005","imported catalogue"
"ROLEX","m126300-0006","unreviewed","unresolved — no verified source","unresolved — no verified source","unresolved — no verified source","unresolved — no verified source","https://www.rolex.com/en-gb/watches/datejust/m126300-0006","imported catalogue"
"ROLEX","M126300-0007","unreviewed","awaiting visual/source inspection","unresolved — no verified source","unresolved — no verified source","unresolved — no verified source","https://www.rolex.com/en-gb/watches/datejust/m126300-0007","research updates | imported catalogue"
"ROLEX","m126300-0008","unreviewed","unresolved — no verified source","unresolved — no verified source","unresolved — no verified source","unresolved — no verified source","https://www.rolex.com/en-gb/watches/datejust/m126300-0008","imported catalogue"
"ROLEX","m126300-0011","unreviewed","unresolved — no verified source","unresolved — no verified source","unresolved — no verified source","unresolved — no verified source","https://www.rolex.com/en-gb/watches/datejust/m126300-0011","imported catalogue"
"ROLEX","m126300-0012","unreviewed","unresolved — no verified source","unresolved — no verified source","unresolved — no verified source","unresolved — no verified source","https://www.rolex.com/en-gb/watches/datejust/m126300-0012","imported catalogue"
"ROLEX","m126300-0013","unreviewed","unresolved — no verified source","unresolved — no verified source","unresolved — no verified source","unresolved — no verified source","https://www.rolex.com/en-gb/watches/datejust/m126300-0013","imported catalogue"
"ROLEX","m126300-0014","unreviewed","unresolved — no verified source","unresolved — no verified source","unresolved — no verified source","unresolved — no verified source","https://www.rolex.com/en-gb/watches/datejust/m126300-0014","imported catalogue"
"ROLEX","m126300-0019","unreviewed","unresolved — no verified source","unresolved — no verified source","unresolved — no verified source","unresolved — no verified source","https://www.rolex.com/en-gb/watches/datejust/m126300-0019","imported catalogue"
"ROLEX","m126300-0020","unreviewed","unresolved — no verified source","unresolved — no verified source","unresolved — no verified source","unresolved — no verified source","https://www.rolex.com/en-gb/watches/datejust/m126300-0020","imported catalogue"
"ROLEX","m126300-0025","unreviewed","unresolved — no verified source","unresolved — no verified source","unresolved — no verified source","unresolved — no verified source","https://www.rolex.com/en-gb/watches/datejust/m126300-0025","imported catalogue"
"ROLEX","m126300-0026","unreviewed","unresolved — no verified source","unresolved — no verified source","unresolved — no verified source","unresolved — no verified source","https://www.rolex.com/en-gb/watches/datejust/m126300-0026","imported catalogue"
"ROLEX","m126300-0027","unreviewed","unresolved — no verified source","unresolved — no verified source","unresolved — no verified source","unresolved — no verified source","https://www.rolex.com/en-gb/watches/datejust/m126300-0027","imported catalogue"
"ROLEX","m126300-0028","unreviewed","unresolved — no verified source","unresolved — no verified source","unresolved — no verified source","unresolved — no verified source","https://www.rolex.com/en-gb/watches/datejust/m126300-0028","imported catalogue"
"ROLEX","m126300-0029","unreviewed","unresolved — no verified source","unresolved — no verified source","unresolved — no verified source","unresolved — no verified source","https://www.rolex.com/en-gb/watches/datejust/m126300-0029","imported catalogue"
"ROLEX","m126300-0030","unreviewed","unresolved — no verified source","unresolved — no verified source","unresolved — no verified source","unresolved — no verified source","https://www.rolex.com/en-gb/watches/datejust/m126300-0030","imported catalogue"
"ROLEX","m126301-0001","unreviewed","unresolved — no verified source","unresolved — no verified source","unresolved — no verified source","unresolved — no verified source","https://www.rolex.com/en-gb/watches/datejust/m126301-0001","imported catalogue"
"ROLEX","m126301-0002","unreviewed","unresolved — no verified source","unresolved — no verified source","unresolved — no verified source","unresolved — no verified source","https://www.rolex.com/en-gb/watches/datejust/m126301-0002","imported catalogue"
"ROLEX","m126301-0003","unreviewed","unresolved — no verified source","unresolved — no verified source","unresolved — no verified source","unresolved — no verified source","https://www.rolex.com/en-gb/watches/datejust/m126301-0003","imported catalogue"
"ROLEX","m126301-0004","unreviewed","unresolved — no verified source","unresolved — no verified source","unresolved — no verified source","unresolved — no verified source","https://www.rolex.com/en-gb/watches/datejust/m126301-0004","imported catalogue"
"ROLEX","m126301-0007","unreviewed","unresolved — no verified source","unresolved — no verified source","unresolved — no verified source","unresolved — no verified source","https://www.rolex.com/en-gb/watches/datejust/m126301-0007","imported catalogue"
"ROLEX","m126301-0008","unreviewed","unresolved — no verified source","unresolved — no verified source","unresolved — no verified source","unresolved — no verified source","https://www.rolex.com/en-gb/watches/datejust/m126301-0008","imported catalogue"
"ROLEX","m126301-0009","unreviewed","unresolved — no verified source","unresolved — no verified source","unresolved — no verified source","unresolved — no verified source","https://www.rolex.com/en-gb/watches/datejust/m126301-0009","imported catalogue"
"ROLEX","m126301-0010","unreviewed","unresolved — no verified source","unresolved — no verified source","unresolved — no verified source","unresolved — no verified source","https://www.rolex.com/en-gb/watches/datejust/m126301-0010","imported catalogue"
"ROLEX","m126301-0015","unreviewed","unresolved — no verified source","unresolved — no verified source","unresolved — no verified source","unresolved — no verified source","https://www.rolex.com/en-gb/watches/datejust/m126301-0015","imported catalogue"
"ROLEX","m126301-0016","unreviewed","unresolved — no verified source","unresolved — no verified source","unresolved — no verified source","unresolved — no verified source","https://www.rolex.com/en-gb/watches/datejust/m126301-0016","imported catalogue"
"ROLEX","m126301-0021","unreviewed","unresolved — no verified source","unresolved — no verified source","unresolved — no verified source","unresolved — no verified source","https://www.rolex.com/en-gb/watches/datejust/m126301-0021","imported catalogue"
"ROLEX","m126301-0022","unreviewed","unresolved — no verified source","unresolved — no verified source","unresolved — no verified source","unresolved — no verified source","https://www.rolex.com/en-gb/watches/datejust/m126301-0022","imported catalogue"
"ROLEX","m126301-0023","unreviewed","unresolved — no verified source","unresolved — no verified source","unresolved — no verified source","unresolved — no verified source","https://www.rolex.com/en-gb/watches/datejust/m126301-0023","imported catalogue"
"ROLEX","m126301-0024","unreviewed","unresolved — no verified source","unresolved — no verified source","unresolved — no verified source","unresolved — no verified source","https://www.rolex.com/en-gb/watches/datejust/m126301-0024","imported catalogue"
"ROLEX","m126301-0025","unreviewed","unresolved — no verified source","unresolved — no verified source","unresolved — no verified source","unresolved — no verified source","https://www.rolex.com/en-gb/watches/datejust/m126301-0025","imported catalogue"
"ROLEX","m126301-0026","unreviewed","unresolved — no verified source","unresolved — no verified source","unresolved — no verified source","unresolved — no verified source","https://www.rolex.com/en-gb/watches/datejust/m126301-0026","imported catalogue"
"ROLEX","m126303-0001","unreviewed","unresolved — no verified source","unresolved — no verified source","unresolved — no verified source","unresolved — no verified source","https://www.rolex.com/en-gb/watches/datejust/m126303-0001","imported catalogue"
"ROLEX","m126303-0002","unreviewed","unresolved — no verified source","unresolved — no verified source","unresolved — no verified source","unresolved — no verified source","https://www.rolex.com/en-gb/watches/datejust/m126303-0002","imported catalogue"
"ROLEX","m126303-0005","unreviewed","unresolved — no verified source","unresolved — no verified source","unresolved — no verified source","unresolved — no verified source","https://www.rolex.com/en-gb/watches/datejust/m126303-0005","imported catalogue"
"ROLEX","m126303-0006","unreviewed","unresolved — no verified source","unresolved — no verified source","unresolved — no verified source","unresolved — no verified source","https://www.rolex.com/en-gb/watches/datejust/m126303-0006","imported catalogue"
"ROLEX","m126303-0009","unreviewed","unresolved — no verified source","unresolved — no verified source","unresolved — no verified source","unresolved — no verified source","https://www.rolex.com/en-gb/watches/datejust/m126303-0009","imported catalogue"
"ROLEX","m126303-0010","unreviewed","unresolved — no verified source","unresolved — no verified source","unresolved — no verified source","unresolved — no verified source","https://www.rolex.com/en-gb/watches/datejust/m126303-0010","imported catalogue"
"ROLEX","m126303-0011","unreviewed","unresolved — no verified source","unresolved — no verified source","unresolved — no verified source","unresolved — no verified source","https://www.rolex.com/en-gb/watches/datejust/m126303-0011","imported catalogue"
"ROLEX","m126303-0012","unreviewed","unresolved — no verified source","unresolved — no verified source","unresolved — no verified source","unresolved — no verified source","https://www.rolex.com/en-gb/watches/datejust/m126303-0012","imported catalogue"
"ROLEX","m126303-0013","unreviewed","unresolved — no verified source","unresolved — no verified source","unresolved — no verified source","unresolved — no verified source","https://www.rolex.com/en-gb/watches/datejust/m126303-0013","imported catalogue"
"ROLEX","m126303-0014","unreviewed","unresolved — no verified source","unresolved — no verified source","unresolved — no verified source","unresolved — no verified source","https://www.rolex.com/en-gb/watches/datejust/m126303-0014","imported catalogue"
"ROLEX","m126303-0015","unreviewed","unresolved — no verified source","unresolved — no verified source","unresolved — no verified source","unresolved — no verified source","https://www.rolex.com/en-gb/watches/datejust/m126303-0015","imported catalogue"
"ROLEX","m126303-0016","unreviewed","unresolved — no verified source","unresolved — no verified source","unresolved — no verified source","unresolved — no verified source","https://www.rolex.com/en-gb/watches/datejust/m126303-0016","imported catalogue"
"ROLEX","m126303-0019","unreviewed","unresolved — no verified source","unresolved — no verified source","unresolved — no verified source","unresolved — no verified source","https://www.rolex.com/en-gb/watches/datejust/m126303-0019","imported catalogue"
"ROLEX","m126303-0020","unreviewed","unresolved — no verified source","unresolved — no verified source","unresolved — no verified source","unresolved — no verified source","https://www.rolex.com/en-gb/watches/datejust/m126303-0020","imported catalogue"
"ROLEX","m126303-0023","unreviewed","unresolved — no verified source","unresolved — no verified source","unresolved — no verified source","unresolved — no verified source","https://www.rolex.com/en-gb/watches/datejust/m126303-0023","imported catalogue"
"ROLEX","m126303-0024","unreviewed","unresolved — no verified source","unresolved — no verified source","unresolved — no verified source","unresolved — no verified source","https://www.rolex.com/en-gb/watches/datejust/m126303-0024","imported catalogue"
"ROLEX","m126303-0025","unreviewed","unresolved — no verified source","unresolved — no verified source","unresolved — no verified source","unresolved — no verified source","https://www.rolex.com/en-gb/watches/datejust/m126303-0025","imported catalogue"
"ROLEX","m126303-0026","unreviewed","unresolved — no verified source","unresolved — no verified source","unresolved — no verified source","unresolved — no verified source","https://www.rolex.com/en-gb/watches/datejust/m126303-0026","imported catalogue"
"ROLEX","m126331-0001","unreviewed","unresolved — no verified source","unresolved — no verified source","unresolved — no verified source","unresolved — no verified source","https://www.rolex.com/en-gb/watches/datejust/m126331-0001","imported catalogue"
"ROLEX","m126331-0002","unreviewed","unresolved — no verified source","unresolved — no verified source","unresolved — no verified source","unresolved — no verified source","https://www.rolex.com/en-gb/watches/datejust/m126331-0002","imported catalogue"
"ROLEX","m126331-0003","unreviewed","unresolved — no verified source","unresolved — no verified source","unresolved — no verified source","unresolved — no verified source","https://www.rolex.com/en-gb/watches/datejust/m126331-0003","imported catalogue"
"ROLEX","m126331-0004","unreviewed","unresolved — no verified source","unresolved — no verified source","unresolved — no verified source","unresolved — no verified source","https://www.rolex.com/en-gb/watches/datejust/m126331-0004","imported catalogue"
"ROLEX","m126331-0007","unreviewed","unresolved — no verified source","unresolved — no verified source","unresolved — no verified source","unresolved — no verified source","https://www.rolex.com/en-gb/watches/datejust/m126331-0007","imported catalogue"
"ROLEX","m126331-0008","unreviewed","unresolved — no verified source","unresolved — no verified source","unresolved — no verified source","unresolved — no verified source","https://www.rolex.com/en-gb/watches/datejust/m126331-0008","imported catalogue"
"ROLEX","m126331-0009","unreviewed","unresolved — no verified source","unresolved — no verified source","unresolved — no verified source","unresolved — no verified source","https://www.rolex.com/en-gb/watches/datejust/m126331-0009","imported catalogue"
"ROLEX","m126331-0010","unreviewed","unresolved — no verified source","unresolved — no verified source","unresolved — no verified source","unresolved — no verified source","https://www.rolex.com/en-gb/watches/datejust/m126331-0010","imported catalogue"
"ROLEX","m126331-0015","unreviewed","unresolved — no verified source","unresolved — no verified source","unresolved — no verified source","unresolved — no verified source","https://www.rolex.com/en-gb/watches/datejust/m126331-0015","imported catalogue"
"ROLEX","m126331-0016","unreviewed","unresolved — no verified source","unresolved — no verified source","unresolved — no verified source","unresolved — no verified source","https://www.rolex.com/en-gb/watches/datejust/m126331-0016","imported catalogue"
"ROLEX","m126331-0021","unreviewed","unresolved — no verified source","unresolved — no verified source","unresolved — no verified source","unresolved — no verified source","https://www.rolex.com/en-gb/watches/datejust/m126331-0021","imported catalogue"
"ROLEX","m126331-0022","unreviewed","unresolved — no verified source","unresolved — no verified source","unresolved — no verified source","unresolved — no verified source","https://www.rolex.com/en-gb/watches/datejust/m126331-0022","imported catalogue"
"ROLEX","m126331-0023","unreviewed","unresolved — no verified source","unresolved — no verified source","unresolved — no verified source","unresolved — no verified source","https://www.rolex.com/en-gb/watches/datejust/m126331-0023","imported catalogue"
"ROLEX","m126331-0024","unreviewed","unresolved — no verified source","unresolved — no verified source","unresolved — no verified source","unresolved — no verified source","https://www.rolex.com/en-gb/watches/datejust/m126331-0024","imported catalogue"
"ROLEX","m126331-0025","unreviewed","unresolved — no verified source","unresolved — no verified source","unresolved — no verified source","unresolved — no verified source","https://www.rolex.com/en-gb/watches/datejust/m126331-0025","imported catalogue"
"ROLEX","m126331-0026","unreviewed","unresolved — no verified source","unresolved — no verified source","unresolved — no verified source","unresolved — no verified source","https://www.rolex.com/en-gb/watches/datejust/m126331-0026","imported catalogue"
"ROLEX","m126333-0001","unreviewed","unresolved — no verified source","unresolved — no verified source","unresolved — no verified source","unresolved — no verified source","https://www.rolex.com/en-gb/watches/datejust/m126333-0001","imported catalogue"
"ROLEX","m126333-0002","unreviewed","unresolved — no verified source","unresolved — no verified source","unresolved — no verified source","unresolved — no verified source","https://www.rolex.com/en-gb/watches/datejust/m126333-0002","imported catalogue"
"ROLEX","m126333-0005","unreviewed","unresolved — no verified source","unresolved — no verified source","unresolved — no verified source","unresolved — no verified source","https://www.rolex.com/en-gb/watches/datejust/m126333-0005","imported catalogue"
"ROLEX","m126333-0006","unreviewed","unresolved — no verified source","unresolved — no verified source","unresolved — no verified source","unresolved — no verified source","https://www.rolex.com/en-gb/watches/datejust/m126333-0006","imported catalogue"
"ROLEX","m126333-0009","unreviewed","unresolved — no verified source","unresolved — no verified source","unresolved — no verified source","unresolved — no verified source","https://www.rolex.com/en-gb/watches/datejust/m126333-0009","imported catalogue"
"ROLEX","m126333-0010","unreviewed","unresolved — no verified source","unresolved — no verified source","unresolved — no verified source","unresolved — no verified source","https://www.rolex.com/en-gb/watches/datejust/m126333-0010","imported catalogue"
"ROLEX","m126333-0011","unreviewed","unresolved — no verified source","unresolved — no verified source","unresolved — no verified source","unresolved — no verified source","https://www.rolex.com/en-gb/watches/datejust/m126333-0011","imported catalogue"
"ROLEX","m126333-0012","unreviewed","unresolved — no verified source","unresolved — no verified source","unresolved — no verified source","unresolved — no verified source","https://www.rolex.com/en-gb/watches/datejust/m126333-0012","imported catalogue"
"ROLEX","m126333-0013","unreviewed","unresolved — no verified source","unresolved — no verified source","unresolved — no verified source","unresolved — no verified source","https://www.rolex.com/en-gb/watches/datejust/m126333-0013","imported catalogue"
"ROLEX","m126333-0014","unreviewed","unresolved — no verified source","unresolved — no verified source","unresolved — no verified source","unresolved — no verified source","https://www.rolex.com/en-gb/watches/datejust/m126333-0014","imported catalogue"
"ROLEX","m126333-0015","unreviewed","unresolved — no verified source","unresolved — no verified source","unresolved — no verified source","unresolved — no verified source","https://www.rolex.com/en-gb/watches/datejust/m126333-0015","imported catalogue"
"ROLEX","m126333-0016","unreviewed","unresolved — no verified source","unresolved — no verified source","unresolved — no verified source","unresolved — no verified source","https://www.rolex.com/en-gb/watches/datejust/m126333-0016","imported catalogue"
"ROLEX","m126333-0019","unreviewed","unresolved — no verified source","unresolved — no verified source","unresolved — no verified source","unresolved — no verified source","https://www.rolex.com/en-gb/watches/datejust/m126333-0019","imported catalogue"
"ROLEX","m126333-0020","unreviewed","unresolved — no verified source","unresolved — no verified source","unresolved — no verified source","unresolved — no verified source","https://www.rolex.com/en-gb/watches/datejust/m126333-0020","imported catalogue"
"ROLEX","m126333-0023","unreviewed","unresolved — no verified source","unresolved — no verified source","unresolved — no verified source","unresolved — no verified source","https://www.rolex.com/en-gb/watches/datejust/m126333-0023","imported catalogue"
"ROLEX","m126333-0024","unreviewed","unresolved — no verified source","unresolved — no verified source","unresolved — no verified source","unresolved — no verified source","https://www.rolex.com/en-gb/watches/datejust/m126333-0024","imported catalogue"
"ROLEX","m126333-0025","unreviewed","unresolved — no verified source","unresolved — no verified source","unresolved — no verified source","unresolved — no verified source","https://www.rolex.com/en-gb/watches/datejust/m126333-0025","imported catalogue"
"ROLEX","m126333-0026","unreviewed","unresolved — no verified source","unresolved — no verified source","unresolved — no verified source","unresolved — no verified source","https://www.rolex.com/en-gb/watches/datejust/m126333-0026","imported catalogue"
"ROLEX","m126334-0001","unreviewed","unresolved — no verified source","unresolved — no verified source","unresolved — no verified source","unresolved — no verified source","https://www.rolex.com/en-gb/watches/datejust/m126334-0001","imported catalogue"
"ROLEX","m126334-0002","unreviewed","unresolved — no verified source","unresolved — no verified source","unresolved — no verified source","unresolved — no verified source","https://www.rolex.com/en-gb/watches/datejust/m126334-0002","imported catalogue"
"ROLEX","m126334-0003","unreviewed","unresolved — no verified source","unresolved — no verified source","unresolved — no verified source","unresolved — no verified source","https://www.rolex.com/en-gb/watches/datejust/m126334-0003","imported catalogue"
"ROLEX","m126334-0004","unreviewed","unresolved — no verified source","unresolved — no verified source","unresolved — no verified source","unresolved — no verified source","https://www.rolex.com/en-gb/watches/datejust/m126334-0004","imported catalogue"
"ROLEX","m126334-0005","unreviewed","unresolved — no verified source","unresolved — no verified source","unresolved — no verified source","unresolved — no verified source","https://www.rolex.com/en-gb/watches/datejust/m126334-0005","imported catalogue"
"ROLEX","m126334-0006","unreviewed","unresolved — no verified source","unresolved — no verified source","unresolved — no verified source","unresolved — no verified source","https://www.rolex.com/en-gb/watches/datejust/m126334-0006","imported catalogue"
"ROLEX","m126334-0009","unreviewed","unresolved — no verified source","unresolved — no verified source","unresolved — no verified source","unresolved — no verified source","https://www.rolex.com/en-gb/watches/datejust/m126334-0009","imported catalogue"
"ROLEX","m126334-0010","unreviewed","unresolved — no verified source","unresolved — no verified source","unresolved — no verified source","unresolved — no verified source","https://www.rolex.com/en-gb/watches/datejust/m126334-0010","imported catalogue"
"ROLEX","m126334-0011","unreviewed","unresolved — no verified source","unresolved — no verified source","unresolved — no verified source","unresolved — no verified source","https://www.rolex.com/en-gb/watches/datejust/m126334-0011","imported catalogue"
"ROLEX","m126334-0012","unreviewed","unresolved — no verified source","unresolved — no verified source","unresolved — no verified source","unresolved — no verified source","https://www.rolex.com/en-gb/watches/datejust/m126334-0012","imported catalogue"
"ROLEX","m126334-0013","unreviewed","unresolved — no verified source","unresolved — no verified source","unresolved — no verified source","unresolved — no verified source","https://www.rolex.com/en-gb/watches/datejust/m126334-0013","imported catalogue"
"ROLEX","m126334-0014","unreviewed","unresolved — no verified source","unresolved — no verified source","unresolved — no verified source","unresolved — no verified source","https://www.rolex.com/en-gb/watches/datejust/m126334-0014","imported catalogue"
"ROLEX","m126334-0015","unreviewed","unresolved — no verified source","unresolved — no verified source","unresolved — no verified source","unresolved — no verified source","https://www.rolex.com/en-gb/watches/datejust/m126334-0015","imported catalogue"
"ROLEX","m126334-0016","unreviewed","unresolved — no verified source","unresolved — no verified source","unresolved — no verified source","unresolved — no verified source","https://www.rolex.com/en-gb/watches/datejust/m126334-0016","imported catalogue"
"ROLEX","m126334-0017","unreviewed","unresolved — no verified source","unresolved — no verified source","unresolved — no verified source","unresolved — no verified source","https://www.rolex.com/en-gb/watches/datejust/m126334-0017","imported catalogue"
"ROLEX","m126334-0018","unreviewed","unresolved — no verified source","unresolved — no verified source","unresolved — no verified source","unresolved — no verified source","https://www.rolex.com/en-gb/watches/datejust/m126334-0018","imported catalogue"
"ROLEX","m126334-0021","unreviewed","unresolved — no verified source","unresolved — no verified source","unresolved — no verified source","unresolved — no verified source","https://www.rolex.com/en-gb/watches/datejust/m126334-0021","imported catalogue"
"ROLEX","m126334-0022","unreviewed","unresolved — no verified source","unresolved — no verified source","unresolved — no verified source","unresolved — no verified source","https://www.rolex.com/en-gb/watches/datejust/m126334-0022","imported catalogue"
"ROLEX","m126334-0027","unreviewed","unresolved — no verified source","unresolved — no verified source","unresolved — no verified source","unresolved — no verified source","https://www.rolex.com/en-gb/watches/datejust/m126334-0027","imported catalogue"
"ROLEX","m126334-0028","unreviewed","unresolved — no verified source","unresolved — no verified source","unresolved — no verified source","unresolved — no verified source","https://www.rolex.com/en-gb/watches/datejust/m126334-0028","imported catalogue"
"ROLEX","m126334-0033","unreviewed","unresolved — no verified source","unresolved — no verified source","unresolved — no verified source","unresolved — no verified source","https://www.rolex.com/en-gb/watches/datejust/m126334-0033","imported catalogue"
"ROLEX","m126334-0034","unreviewed","unresolved — no verified source","unresolved — no verified source","unresolved — no verified source","unresolved — no verified source","https://www.rolex.com/en-gb/watches/datejust/m126334-0034","imported catalogue"
"ROLEX","m126334-0035","unreviewed","unresolved — no verified source","unresolved — no verified source","unresolved — no verified source","unresolved — no verified source","https://www.rolex.com/en-gb/watches/datejust/m126334-0035","imported catalogue"
"ROLEX","m126334-0036","unreviewed","unresolved — no verified source","unresolved — no verified source","unresolved — no verified source","unresolved — no verified source","https://www.rolex.com/en-gb/watches/datejust/m126334-0036","imported catalogue"
"ROLEX","m126334-0037","unreviewed","unresolved — no verified source","unresolved — no verified source","unresolved — no verified source","unresolved — no verified source","https://www.rolex.com/en-gb/watches/datejust/m126334-0037","imported catalogue"
"ROLEX","m126334-0038","unreviewed","unresolved — no verified source","unresolved — no verified source","unresolved — no verified source","unresolved — no verified source","https://www.rolex.com/en-gb/watches/datejust/m126334-0038","imported catalogue"
"ROLEX","m126500ln-0001","unreviewed","unresolved — no verified source","unresolved — no verified source","unresolved — no verified source","unresolved — no verified source","https://www.rolex.com/en-gb/watches/cosmograph-daytona/m126500ln-0001","imported catalogue"
"ROLEX","m126500ln-0002","unreviewed","unresolved — no verified source","unresolved — no verified source","unresolved — no verified source","unresolved — no verified source","https://www.rolex.com/en-gb/watches/cosmograph-daytona/m126500ln-0002","imported catalogue"
"ROLEX","m126503-0001","unreviewed","unresolved — no verified source","unresolved — no verified source","unresolved — no verified source","unresolved — no verified source","https://www.rolex.com/en-gb/watches/cosmograph-daytona/m126503-0001","imported catalogue"
"ROLEX","m126503-0002","unreviewed","unresolved — no verified source","unresolved — no verified source","unresolved — no verified source","unresolved — no verified source","https://www.rolex.com/en-gb/watches/cosmograph-daytona/m126503-0002","imported catalogue"
"ROLEX","m126503-0003","unreviewed","unresolved — no verified source","unresolved — no verified source","unresolved — no verified source","unresolved — no verified source","https://www.rolex.com/en-gb/watches/cosmograph-daytona/m126503-0003","imported catalogue"
"ROLEX","m126503-0004","unreviewed","unresolved — no verified source","unresolved — no verified source","unresolved — no verified source","unresolved — no verified source","https://www.rolex.com/en-gb/watches/cosmograph-daytona/m126503-0004","imported catalogue"
"ROLEX","M126505-0001","unreviewed","awaiting visual/source inspection","unresolved — no verified source","unresolved — no verified source","unresolved — no verified source","https://www.rolex.com/en-gb/watches/cosmograph-daytona/m126505-0001","rules | imported catalogue"
"ROLEX","M126505-0002","unreviewed","unresolved — no verified source","unresolved — no verified source","unresolved — no verified source","unresolved — no verified source","https://www.rolex.com/en-gb/watches/cosmograph-daytona/m126505-0001 | https://www.rolex.com/en-gb/watches/cosmograph-daytona/m126505-0002","rules | imported catalogue"
"ROLEX","M126505-0003","unreviewed","unresolved — no verified source","unresolved — no verified source","unresolved — no verified source","unresolved — no verified source","https://www.rolex.com/en-gb/watches/cosmograph-daytona/m126505-0001 | https://www.rolex.com/en-gb/watches/cosmograph-daytona/m126505-0003","rules | imported catalogue"
"ROLEX","M126505-0005","unreviewed","unresolved — no verified source","unresolved — no verified source","unresolved — no verified source","unresolved — no verified source","https://www.rolex.com/en-gb/watches/cosmograph-daytona/m126505-0001 | https://www.rolex.com/en-gb/watches/cosmograph-daytona/m126505-0005","rules | imported catalogue"
"ROLEX","m126506-0001","unreviewed","unresolved — no verified source","unresolved — no verified source","unresolved — no verified source","unresolved — no verified source","https://www.rolex.com/en-gb/watches/cosmograph-daytona/m126506-0001","imported catalogue"
"ROLEX","m126506-0002","unreviewed","unresolved — no verified source","unresolved — no verified source","unresolved — no verified source","unresolved — no verified source","https://www.rolex.com/en-gb/watches/cosmograph-daytona/m126506-0002","imported catalogue"
"ROLEX","m126508-0001","unreviewed","unresolved — no verified source","unresolved — no verified source","unresolved — no verified source","unresolved — no verified source","https://www.rolex.com/en-gb/watches/cosmograph-daytona/m126508-0001","imported catalogue"
"ROLEX","m126508-0002","unreviewed","unresolved — no verified source","unresolved — no verified source","unresolved — no verified source","unresolved — no verified source","https://www.rolex.com/en-gb/watches/cosmograph-daytona/m126508-0002","imported catalogue"
"ROLEX","m126508-0003","unreviewed","unresolved — no verified source","unresolved — no verified source","unresolved — no verified source","unresolved — no verified source","https://www.rolex.com/en-gb/watches/cosmograph-daytona/m126508-0003","imported catalogue"
"ROLEX","m126508-0004","unreviewed","unresolved — no verified source","unresolved — no verified source","unresolved — no verified source","unresolved — no verified source","https://www.rolex.com/en-gb/watches/cosmograph-daytona/m126508-0004","imported catalogue"
"ROLEX","m126508-0005","unreviewed","unresolved — no verified source","unresolved — no verified source","unresolved — no verified source","unresolved — no verified source","https://www.rolex.com/en-gb/watches/cosmograph-daytona/m126508-0005","imported catalogue"
"ROLEX","m126508-0006","unreviewed","unresolved — no verified source","unresolved — no verified source","unresolved — no verified source","unresolved — no verified source","https://www.rolex.com/en-gb/watches/cosmograph-daytona/m126508-0006","imported catalogue"
"ROLEX","m126508-0008","unreviewed","unresolved — no verified source","unresolved — no verified source","unresolved — no verified source","unresolved — no verified source","https://www.rolex.com/en-gb/watches/cosmograph-daytona/m126508-0008","imported catalogue"
"ROLEX","m126509-0001","unreviewed","unresolved — no verified source","unresolved — no verified source","unresolved — no verified source","unresolved — no verified source","https://www.rolex.com/en-gb/watches/cosmograph-daytona/m126509-0001","imported catalogue"
"ROLEX","m126509-0002","unreviewed","unresolved — no verified source","unresolved — no verified source","unresolved — no verified source","unresolved — no verified source","https://www.rolex.com/en-gb/watches/cosmograph-daytona/m126509-0002","imported catalogue"
"ROLEX","m126509-0003","unreviewed","unresolved — no verified source","unresolved — no verified source","unresolved — no verified source","unresolved — no verified source","https://www.rolex.com/en-gb/watches/cosmograph-daytona/m126509-0003","imported catalogue"
"ROLEX","m126509-0005","unreviewed","unresolved — no verified source","unresolved — no verified source","unresolved — no verified source","unresolved — no verified source","https://www.rolex.com/en-gb/watches/cosmograph-daytona/m126509-0005","imported catalogue"
"ROLEX","m126515ln-0002","unreviewed","unresolved — no verified source","unresolved — no verified source","unresolved — no verified source","unresolved — no verified source","https://www.rolex.com/en-gb/watches/cosmograph-daytona/m126515ln-0002","imported catalogue"
"ROLEX","m126515ln-0004","unreviewed","unresolved — no verified source","unresolved — no verified source","unresolved — no verified source","unresolved — no verified source","https://www.rolex.com/en-gb/watches/cosmograph-daytona/m126515ln-0004","imported catalogue"
"ROLEX","m126515ln-0006","unreviewed","unresolved — no verified source","unresolved — no verified source","unresolved — no verified source","unresolved — no verified source","https://www.rolex.com/en-gb/watches/cosmograph-daytona/m126515ln-0006","imported catalogue"
"ROLEX","m126515ln-0008","unreviewed","unresolved — no verified source","unresolved — no verified source","unresolved — no verified source","unresolved — no verified source","https://www.rolex.com/en-gb/watches/cosmograph-daytona/m126515ln-0008","imported catalogue"
"ROLEX","m126515ln-0010","unreviewed","unresolved — no verified source","unresolved — no verified source","unresolved — no verified source","unresolved — no verified source","https://www.rolex.com/en-gb/watches/cosmograph-daytona/m126515ln-0010","imported catalogue"
"ROLEX","m126518ln-0002","unreviewed","unresolved — no verified source","unresolved — no verified source","unresolved — no verified source","unresolved — no verified source","https://www.rolex.com/en-gb/watches/cosmograph-daytona/m126518ln-0002","imported catalogue"
"ROLEX","m126518ln-0004","unreviewed","unresolved — no verified source","unresolved — no verified source","unresolved — no verified source","unresolved — no verified source","https://www.rolex.com/en-gb/watches/cosmograph-daytona/m126518ln-0004","imported catalogue"
"ROLEX","m126518ln-0006","unreviewed","unresolved — no verified source","unresolved — no verified source","unresolved — no verified source","unresolved — no verified source","https://www.rolex.com/en-gb/watches/cosmograph-daytona/m126518ln-0006","imported catalogue"
"ROLEX","m126518ln-0008","unreviewed","unresolved — no verified source","unresolved — no verified source","unresolved — no verified source","unresolved — no verified source","https://www.rolex.com/en-gb/watches/cosmograph-daytona/m126518ln-0008","imported catalogue"
"ROLEX","m126518ln-0010","unreviewed","unresolved — no verified source","unresolved — no verified source","unresolved — no verified source","unresolved — no verified source","https://www.rolex.com/en-gb/watches/cosmograph-daytona/m126518ln-0010","imported catalogue"
"ROLEX","m126518ln-0012","unreviewed","unresolved — no verified source","unresolved — no verified source","unresolved — no verified source","unresolved — no verified source","https://www.rolex.com/en-gb/watches/cosmograph-daytona/m126518ln-0012","imported catalogue"
"ROLEX","m126518ln-0014","unreviewed","unresolved — no verified source","unresolved — no verified source","unresolved — no verified source","unresolved — no verified source","https://www.rolex.com/en-gb/watches/cosmograph-daytona/m126518ln-0014","imported catalogue"
"ROLEX","m126518ln-0016","unreviewed","unresolved — no verified source","unresolved — no verified source","unresolved — no verified source","unresolved — no verified source","https://www.rolex.com/en-gb/watches/cosmograph-daytona/m126518ln-0016","imported catalogue"
"ROLEX","m126519ln-0002","unreviewed","unresolved — no verified source","unresolved — no verified source","unresolved — no verified source","unresolved — no verified source","https://www.rolex.com/en-gb/watches/cosmograph-daytona/m126519ln-0002","imported catalogue"
"ROLEX","m126519ln-0004","unreviewed","unresolved — no verified source","unresolved — no verified source","unresolved — no verified source","unresolved — no verified source","https://www.rolex.com/en-gb/watches/cosmograph-daytona/m126519ln-0004","imported catalogue"
"ROLEX","m126519ln-0006","unreviewed","unresolved — no verified source","unresolved — no verified source","unresolved — no verified source","unresolved — no verified source","https://www.rolex.com/en-gb/watches/cosmograph-daytona/m126519ln-0006","imported catalogue"
"ROLEX","m126519ln-0007","unreviewed","unresolved — no verified source","unresolved — no verified source","unresolved — no verified source","unresolved — no verified source","https://www.rolex.com/en-gb/watches/cosmograph-daytona/m126519ln-0007","imported catalogue"
"ROLEX","m126535tbr-0002","unreviewed","unresolved — no verified source","unresolved — no verified source","unresolved — no verified source","unresolved — no verified source","https://www.rolex.com/en-gb/watches/cosmograph-daytona/m126535tbr-0002","imported catalogue"
"ROLEX","m126538tbr-0004","unreviewed","unresolved — no verified source","unresolved — no verified source","unresolved — no verified source","unresolved — no verified source","https://www.rolex.com/en-gb/watches/cosmograph-daytona/m126538tbr-0004","imported catalogue"
"ROLEX","m126539tbr-0002","unreviewed","unresolved — no verified source","unresolved — no verified source","unresolved — no verified source","unresolved — no verified source","https://www.rolex.com/en-gb/watches/cosmograph-daytona/m126539tbr-0002","imported catalogue"
"ROLEX","m126579rbr-0001","unreviewed","unresolved — no verified source","unresolved — no verified source","unresolved — no verified source","unresolved — no verified source","https://www.rolex.com/en-gb/watches/cosmograph-daytona/m126579rbr-0001","imported catalogue"
"ROLEX","m126589rbr-0001","unreviewed","unresolved — no verified source","unresolved — no verified source","unresolved — no verified source","unresolved — no verified source","https://www.rolex.com/en-gb/watches/cosmograph-daytona/m126589rbr-0001","imported catalogue"
"ROLEX","m126595tbr-0001","unreviewed","unresolved — no verified source","unresolved — no verified source","unresolved — no verified source","unresolved — no verified source","https://www.rolex.com/en-gb/watches/cosmograph-daytona/m126595tbr-0001","imported catalogue"
"ROLEX","m126598tbr-0001","unreviewed","unresolved — no verified source","unresolved — no verified source","unresolved — no verified source","unresolved — no verified source","https://www.rolex.com/en-gb/watches/cosmograph-daytona/m126598tbr-0001","imported catalogue"
"ROLEX","m126600-0002","unreviewed","unresolved — no verified source","unresolved — no verified source","unresolved — no verified source","unresolved — no verified source","https://www.rolex.com/en-gb/watches/sea-dweller/m126600-0002","imported catalogue"
"ROLEX","m126603-0001","unreviewed","unresolved — no verified source","unresolved — no verified source","unresolved — no verified source","unresolved — no verified source","https://www.rolex.com/en-gb/watches/sea-dweller/m126603-0001","imported catalogue"
"ROLEX","M126610LN-0001","unreviewed","awaiting visual/source inspection","unresolved — no verified source","unresolved — no verified source","unresolved — no verified source","https://www.rolex.com/watches/submariner/m126610ln-0001 | https://www.rolex.com/en-gb/watches/submariner/m126610ln-0001","research updates | imported catalogue"
"ROLEX","m126610lv-0002","unreviewed","unresolved — no verified source","unresolved — no verified source","unresolved — no verified source","unresolved — no verified source","https://www.rolex.com/en-gb/watches/submariner/m126610lv-0002","imported catalogue"
"ROLEX","m126613lb-0002","unreviewed","unresolved — no verified source","unresolved — no verified source","unresolved — no verified source","unresolved — no verified source","https://www.rolex.com/en-gb/watches/submariner/m126613lb-0002","imported catalogue"
"ROLEX","m126613ln-0002","unreviewed","unresolved — no verified source","unresolved — no verified source","unresolved — no verified source","unresolved — no verified source","https://www.rolex.com/en-gb/watches/submariner/m126613ln-0002","imported catalogue"
"ROLEX","m126618lb-0002","unreviewed","unresolved — no verified source","unresolved — no verified source","unresolved — no verified source","unresolved — no verified source","https://www.rolex.com/en-gb/watches/submariner/m126618lb-0002","imported catalogue"
"ROLEX","m126618ln-0002","unreviewed","unresolved — no verified source","unresolved — no verified source","unresolved — no verified source","unresolved — no verified source","https://www.rolex.com/en-gb/watches/submariner/m126618ln-0002","imported catalogue"
"ROLEX","m126621-0001","unreviewed","unresolved — no verified source","unresolved — no verified source","unresolved — no verified source","unresolved — no verified source","https://www.rolex.com/en-gb/watches/yacht-master/m126621-0001","imported catalogue"
"ROLEX","m126621-0002","unreviewed","unresolved — no verified source","unresolved — no verified source","unresolved — no verified source","unresolved — no verified source","https://www.rolex.com/en-gb/watches/yacht-master/m126621-0002","imported catalogue"
"ROLEX","m126622-0001","unreviewed","unresolved — no verified source","unresolved — no verified source","unresolved — no verified source","unresolved — no verified source","https://www.rolex.com/en-gb/watches/yacht-master/m126622-0001","imported catalogue"
"ROLEX","m126622-0002","unreviewed","unresolved — no verified source","unresolved — no verified source","unresolved — no verified source","unresolved — no verified source","https://www.rolex.com/en-gb/watches/yacht-master/m126622-0002","imported catalogue"
"ROLEX","m126655-0002","unreviewed","unresolved — no verified source","unresolved — no verified source","unresolved — no verified source","unresolved — no verified source","https://www.rolex.com/en-gb/watches/yacht-master/m126655-0002","imported catalogue"
"ROLEX","m126680-0001","unreviewed","unresolved — no verified source","unresolved — no verified source","unresolved — no verified source","unresolved — no verified source","https://www.rolex.com/en-gb/watches/yacht-master-ii/m126680-0001","imported catalogue"
"ROLEX","m126688-0001","unreviewed","unresolved — no verified source","unresolved — no verified source","unresolved — no verified source","unresolved — no verified source","https://www.rolex.com/en-gb/watches/yacht-master-ii/m126688-0001","imported catalogue"
"ROLEX","m126710blnr-0002","unreviewed","unresolved — no verified source","unresolved — no verified source","unresolved — no verified source","unresolved — no verified source","https://www.rolex.com/en-gb/watches/gmt-master-ii/m126710blnr-0002","imported catalogue"
"ROLEX","M126710BLNR-0003","unreviewed","awaiting visual/source inspection","unresolved — no verified source","unresolved — no verified source","unresolved — no verified source","https://www.rolex.com/watches/gmt-master-ii/m126710blnr-0003 | https://www.rolex.com/en-gb/watches/gmt-master-ii/m126710blnr-0003","research updates | imported catalogue"
"ROLEX","m126710grnr-0003","unreviewed","unresolved — no verified source","unresolved — no verified source","unresolved — no verified source","unresolved — no verified source","https://www.rolex.com/en-gb/watches/gmt-master-ii/m126710grnr-0003","imported catalogue"
"ROLEX","m126710grnr-0004","unreviewed","unresolved — no verified source","unresolved — no verified source","unresolved — no verified source","unresolved — no verified source","https://www.rolex.com/en-gb/watches/gmt-master-ii/m126710grnr-0004","imported catalogue"
"ROLEX","m126711chnr-0002","unreviewed","unresolved — no verified source","unresolved — no verified source","unresolved — no verified source","unresolved — no verified source","https://www.rolex.com/en-gb/watches/gmt-master-ii/m126711chnr-0002","imported catalogue"
"ROLEX","m126713grnr-0001","unreviewed","unresolved — no verified source","unresolved — no verified source","unresolved — no verified source","unresolved — no verified source","https://www.rolex.com/en-gb/watches/gmt-master-ii/m126713grnr-0001","imported catalogue"
"ROLEX","m126715chnr-0001","unreviewed","unresolved — no verified source","unresolved — no verified source","unresolved — no verified source","unresolved — no verified source","https://www.rolex.com/en-gb/watches/gmt-master-ii/m126715chnr-0001","imported catalogue"
"ROLEX","m126715chnr-0002","unreviewed","unresolved — no verified source","unresolved — no verified source","unresolved — no verified source","unresolved — no verified source","https://www.rolex.com/en-gb/watches/gmt-master-ii/m126715chnr-0002","imported catalogue"
"ROLEX","m126718grnr-0001","unreviewed","unresolved — no verified source","unresolved — no verified source","unresolved — no verified source","unresolved — no verified source","https://www.rolex.com/en-gb/watches/gmt-master-ii/m126718grnr-0001","imported catalogue"
"ROLEX","m126718grnr-0002","unreviewed","unresolved — no verified source","unresolved — no verified source","unresolved — no verified source","unresolved — no verified source","https://www.rolex.com/en-gb/watches/gmt-master-ii/m126718grnr-0002","imported catalogue"
"ROLEX","m126720vtnr-0001","unreviewed","unresolved — no verified source","unresolved — no verified source","unresolved — no verified source","unresolved — no verified source","https://www.rolex.com/en-gb/watches/gmt-master-ii/m126720vtnr-0001","imported catalogue"
"ROLEX","m126720vtnr-0002","unreviewed","unresolved — no verified source","unresolved — no verified source","unresolved — no verified source","unresolved — no verified source","https://www.rolex.com/en-gb/watches/gmt-master-ii/m126720vtnr-0002","imported catalogue"
"ROLEX","m126729vtnr-0001","unreviewed","unresolved — no verified source","unresolved — no verified source","unresolved — no verified source","unresolved — no verified source","https://www.rolex.com/en-gb/watches/gmt-master-ii/m126729vtnr-0001","imported catalogue"
"ROLEX","m126900-0001","unreviewed","unresolved — no verified source","unresolved — no verified source","unresolved — no verified source","unresolved — no verified source","https://www.rolex.com/en-gb/watches/air-king/m126900-0001","imported catalogue"
"ROLEX","m127234-0001","unreviewed","unresolved — no verified source","unresolved — no verified source","unresolved — no verified source","unresolved — no verified source","https://www.rolex.com/en-gb/watches/land-dweller/m127234-0001","imported catalogue"
"ROLEX","m127235-0001","unreviewed","unresolved — no verified source","unresolved — no verified source","unresolved — no verified source","unresolved — no verified source","https://www.rolex.com/en-gb/watches/land-dweller/m127235-0001","imported catalogue"
"ROLEX","m127236-0001","unreviewed","unresolved — no verified source","unresolved — no verified source","unresolved — no verified source","unresolved — no verified source","https://www.rolex.com/en-gb/watches/land-dweller/m127236-0001","imported catalogue"
"ROLEX","m127285tbr-0002","unreviewed","unresolved — no verified source","unresolved — no verified source","unresolved — no verified source","unresolved — no verified source","https://www.rolex.com/en-gb/watches/land-dweller/m127285tbr-0002","imported catalogue"
"ROLEX","m127286tbr-0001","unreviewed","unresolved — no verified source","unresolved — no verified source","unresolved — no verified source","unresolved — no verified source","https://www.rolex.com/en-gb/watches/land-dweller/m127286tbr-0001","imported catalogue"
"ROLEX","m127334-0001","unreviewed","unresolved — no verified source","unresolved — no verified source","unresolved — no verified source","unresolved — no verified source","https://www.rolex.com/en-gb/watches/land-dweller/m127334-0001","imported catalogue"
"ROLEX","m127335-0001","unreviewed","unresolved — no verified source","unresolved — no verified source","unresolved — no verified source","unresolved — no verified source","https://www.rolex.com/en-gb/watches/land-dweller/m127335-0001","imported catalogue"
"ROLEX","m127336-0001","unreviewed","unresolved — no verified source","unresolved — no verified source","unresolved — no verified source","unresolved — no verified source","https://www.rolex.com/en-gb/watches/land-dweller/m127336-0001","imported catalogue"
"ROLEX","m127385tbr-0003","unreviewed","unresolved — no verified source","unresolved — no verified source","unresolved — no verified source","unresolved — no verified source","https://www.rolex.com/en-gb/watches/land-dweller/m127385tbr-0003","imported catalogue"
"ROLEX","m127386tbr-0001","unreviewed","unresolved — no verified source","unresolved — no verified source","unresolved — no verified source","unresolved — no verified source","https://www.rolex.com/en-gb/watches/land-dweller/m127386tbr-0001","imported catalogue"
"ROLEX","m128235-0009","unreviewed","unresolved — no verified source","unresolved — no verified source","unresolved — no verified source","unresolved — no verified source","https://www.rolex.com/en-gb/watches/day-date/m128235-0009","imported catalogue"
"ROLEX","m128235-0029","unreviewed","unresolved — no verified source","unresolved — no verified source","unresolved — no verified source","unresolved — no verified source","https://www.rolex.com/en-gb/watches/day-date/m128235-0029","imported catalogue"
"ROLEX","m128235-0037","unreviewed","unresolved — no verified source","unresolved — no verified source","unresolved — no verified source","unresolved — no verified source","https://www.rolex.com/en-gb/watches/day-date/m128235-0037","imported catalogue"
"ROLEX","m128235-0039","unreviewed","unresolved — no verified source","unresolved — no verified source","unresolved — no verified source","unresolved — no verified source","https://www.rolex.com/en-gb/watches/day-date/m128235-0039","imported catalogue"
"ROLEX","m128235-0041","unreviewed","unresolved — no verified source","unresolved — no verified source","unresolved — no verified source","unresolved — no verified source","https://www.rolex.com/en-gb/watches/day-date/m128235-0041","imported catalogue"
"ROLEX","m128235-0050","unreviewed","unresolved — no verified source","unresolved — no verified source","unresolved — no verified source","unresolved — no verified source","https://www.rolex.com/en-gb/watches/day-date/m128235-0050","imported catalogue"
"ROLEX","m128235-0068","unreviewed","unresolved — no verified source","unresolved — no verified source","unresolved — no verified source","unresolved — no verified source","https://www.rolex.com/en-gb/watches/day-date/m128235-0068","imported catalogue"
"ROLEX","m128235-0070","unreviewed","unresolved — no verified source","unresolved — no verified source","unresolved — no verified source","unresolved — no verified source","https://www.rolex.com/en-gb/watches/day-date/m128235-0070","imported catalogue"
"ROLEX","m128235-0075","unreviewed","unresolved — no verified source","unresolved — no verified source","unresolved — no verified source","unresolved — no verified source","https://www.rolex.com/en-gb/watches/day-date/m128235-0075","imported catalogue"
"ROLEX","m128235-0078","unreviewed","unresolved — no verified source","unresolved — no verified source","unresolved — no verified source","unresolved — no verified source","https://www.rolex.com/en-gb/watches/day-date/m128235-0078","imported catalogue"
"ROLEX","m128235-0085","unreviewed","unresolved — no verified source","unresolved — no verified source","unresolved — no verified source","unresolved — no verified source","https://www.rolex.com/en-gb/watches/day-date/m128235-0085","imported catalogue"
"ROLEX","m128235-0087","unreviewed","unresolved — no verified source","unresolved — no verified source","unresolved — no verified source","unresolved — no verified source","https://www.rolex.com/en-gb/watches/day-date/m128235-0087","imported catalogue"
"ROLEX","m128235-0089","unreviewed","unresolved — no verified source","unresolved — no verified source","unresolved — no verified source","unresolved — no verified source","https://www.rolex.com/en-gb/watches/day-date/m128235-0089","imported catalogue"
"ROLEX","m128236-0001","unreviewed","unresolved — no verified source","unresolved — no verified source","unresolved — no verified source","unresolved — no verified source","https://www.rolex.com/en-gb/watches/day-date/m128236-0001","imported catalogue"
"ROLEX","m128236-0002","unreviewed","unresolved — no verified source","unresolved — no verified source","unresolved — no verified source","unresolved — no verified source","https://www.rolex.com/en-gb/watches/day-date/m128236-0002","imported catalogue"
"ROLEX","m128236-0003","unreviewed","unresolved — no verified source","unresolved — no verified source","unresolved — no verified source","unresolved — no verified source","https://www.rolex.com/en-gb/watches/day-date/m128236-0003","imported catalogue"
"ROLEX","m128236-0005","unreviewed","unresolved — no verified source","unresolved — no verified source","unresolved — no verified source","unresolved — no verified source","https://www.rolex.com/en-gb/watches/day-date/m128236-0005","imported catalogue"
"ROLEX","m128236-0006","unreviewed","unresolved — no verified source","unresolved — no verified source","unresolved — no verified source","unresolved — no verified source","https://www.rolex.com/en-gb/watches/day-date/m128236-0006","imported catalogue"
"ROLEX","m128236-0009","unreviewed","unresolved — no verified source","unresolved — no verified source","unresolved — no verified source","unresolved — no verified source","https://www.rolex.com/en-gb/watches/day-date/m128236-0009","imported catalogue"
"ROLEX","m128236-0017","unreviewed","unresolved — no verified source","unresolved — no verified source","unresolved — no verified source","unresolved — no verified source","https://www.rolex.com/en-gb/watches/day-date/m128236-0017","imported catalogue"
"ROLEX","m128236-0018","unreviewed","unresolved — no verified source","unresolved — no verified source","unresolved — no verified source","unresolved — no verified source","https://www.rolex.com/en-gb/watches/day-date/m128236-0018","imported catalogue"
"ROLEX","m128236-0020","unreviewed","unresolved — no verified source","unresolved — no verified source","unresolved — no verified source","unresolved — no verified source","https://www.rolex.com/en-gb/watches/day-date/m128236-0020","imported catalogue"
"ROLEX","m128236-0021","unreviewed","unresolved — no verified source","unresolved — no verified source","unresolved — no verified source","unresolved — no verified source","https://www.rolex.com/en-gb/watches/day-date/m128236-0021","imported catalogue"
"ROLEX","m128236-0023","unreviewed","unresolved — no verified source","unresolved — no verified source","unresolved — no verified source","unresolved — no verified source","https://www.rolex.com/en-gb/watches/day-date/m128236-0023","imported catalogue"
"ROLEX","m128236-0024","unreviewed","unresolved — no verified source","unresolved — no verified source","unresolved — no verified source","unresolved — no verified source","https://www.rolex.com/en-gb/watches/day-date/m128236-0024","imported catalogue"
"ROLEX","m128238-0008","unreviewed","unresolved — no verified source","unresolved — no verified source","unresolved — no verified source","unresolved — no verified source","https://www.rolex.com/en-gb/watches/day-date/m128238-0008","imported catalogue"
"ROLEX","m128238-0011","unreviewed","unresolved — no verified source","unresolved — no verified source","unresolved — no verified source","unresolved — no verified source","https://www.rolex.com/en-gb/watches/day-date/m128238-0011","imported catalogue"
"ROLEX","m128238-0022","unreviewed","unresolved — no verified source","unresolved — no verified source","unresolved — no verified source","unresolved — no verified source","https://www.rolex.com/en-gb/watches/day-date/m128238-0022","imported catalogue"
"ROLEX","m128238-0045","unreviewed","unresolved — no verified source","unresolved — no verified source","unresolved — no verified source","unresolved — no verified source","https://www.rolex.com/en-gb/watches/day-date/m128238-0045","imported catalogue"
"ROLEX","m128238-0051","unreviewed","unresolved — no verified source","unresolved — no verified source","unresolved — no verified source","unresolved — no verified source","https://www.rolex.com/en-gb/watches/day-date/m128238-0051","imported catalogue"
"ROLEX","m128238-0069","unreviewed","unresolved — no verified source","unresolved — no verified source","unresolved — no verified source","unresolved — no verified source","https://www.rolex.com/en-gb/watches/day-date/m128238-0069","imported catalogue"
"ROLEX","m128238-0081","unreviewed","unresolved — no verified source","unresolved — no verified source","unresolved — no verified source","unresolved — no verified source","https://www.rolex.com/en-gb/watches/day-date/m128238-0081","imported catalogue"
"ROLEX","m128238-0088","unreviewed","unresolved — no verified source","unresolved — no verified source","unresolved — no verified source","unresolved — no verified source","https://www.rolex.com/en-gb/watches/day-date/m128238-0088","imported catalogue"
"ROLEX","m128238-0113","unreviewed","unresolved — no verified source","unresolved — no verified source","unresolved — no verified source","unresolved — no verified source","https://www.rolex.com/en-gb/watches/day-date/m128238-0113","imported catalogue"
"ROLEX","m128238-0118","unreviewed","unresolved — no verified source","unresolved — no verified source","unresolved — no verified source","unresolved — no verified source","https://www.rolex.com/en-gb/watches/day-date/m128238-0118","imported catalogue"
"ROLEX","m128238-0123","unreviewed","unresolved — no verified source","unresolved — no verified source","unresolved — no verified source","unresolved — no verified source","https://www.rolex.com/en-gb/watches/day-date/m128238-0123","imported catalogue"
"ROLEX","m128238-0130","unreviewed","unresolved — no verified source","unresolved — no verified source","unresolved — no verified source","unresolved — no verified source","https://www.rolex.com/en-gb/watches/day-date/m128238-0130","imported catalogue"
"ROLEX","m128238-0132","unreviewed","unresolved — no verified source","unresolved — no verified source","unresolved — no verified source","unresolved — no verified source","https://www.rolex.com/en-gb/watches/day-date/m128238-0132","imported catalogue"
"ROLEX","m128239-0005","unreviewed","unresolved — no verified source","unresolved — no verified source","unresolved — no verified source","unresolved — no verified source","https://www.rolex.com/en-gb/watches/day-date/m128239-0005","imported catalogue"
"ROLEX","m128239-0007","unreviewed","unresolved — no verified source","unresolved — no verified source","unresolved — no verified source","unresolved — no verified source","https://www.rolex.com/en-gb/watches/day-date/m128239-0007","imported catalogue"
"ROLEX","m128239-0019","unreviewed","unresolved — no verified source","unresolved — no verified source","unresolved — no verified source","unresolved — no verified source","https://www.rolex.com/en-gb/watches/day-date/m128239-0019","imported catalogue"
"ROLEX","m128239-0021","unreviewed","unresolved — no verified source","unresolved — no verified source","unresolved — no verified source","unresolved — no verified source","https://www.rolex.com/en-gb/watches/day-date/m128239-0021","imported catalogue"
"ROLEX","m128239-0023","unreviewed","unresolved — no verified source","unresolved — no verified source","unresolved — no verified source","unresolved — no verified source","https://www.rolex.com/en-gb/watches/day-date/m128239-0023","imported catalogue"
"ROLEX","m128239-0059","unreviewed","unresolved — no verified source","unresolved — no verified source","unresolved — no verified source","unresolved — no verified source","https://www.rolex.com/en-gb/watches/day-date/m128239-0059","imported catalogue"
"ROLEX","m128239-0063","unreviewed","unresolved — no verified source","unresolved — no verified source","unresolved — no verified source","unresolved — no verified source","https://www.rolex.com/en-gb/watches/day-date/m128239-0063","imported catalogue"
"ROLEX","m128239-0065","unreviewed","unresolved — no verified source","unresolved — no verified source","unresolved — no verified source","unresolved — no verified source","https://www.rolex.com/en-gb/watches/day-date/m128239-0065","imported catalogue"
"ROLEX","m128239-0069","unreviewed","unresolved — no verified source","unresolved — no verified source","unresolved — no verified source","unresolved — no verified source","https://www.rolex.com/en-gb/watches/day-date/m128239-0069","imported catalogue"
"ROLEX","m128239-0071","unreviewed","unresolved — no verified source","unresolved — no verified source","unresolved — no verified source","unresolved — no verified source","https://www.rolex.com/en-gb/watches/day-date/m128239-0071","imported catalogue"
"ROLEX","m128345rbr-0009","unreviewed","unresolved — no verified source","unresolved — no verified source","unresolved — no verified source","unresolved — no verified source","https://www.rolex.com/en-gb/watches/day-date/m128345rbr-0009","imported catalogue"
"ROLEX","m128345rbr-0020","unreviewed","unresolved — no verified source","unresolved — no verified source","unresolved — no verified source","unresolved — no verified source","https://www.rolex.com/en-gb/watches/day-date/m128345rbr-0020","imported catalogue"
"ROLEX","m128345rbr-0028","unreviewed","unresolved — no verified source","unresolved — no verified source","unresolved — no verified source","unresolved — no verified source","https://www.rolex.com/en-gb/watches/day-date/m128345rbr-0028","imported catalogue"
"ROLEX","m128345rbr-0030","unreviewed","unresolved — no verified source","unresolved — no verified source","unresolved — no verified source","unresolved — no verified source","https://www.rolex.com/en-gb/watches/day-date/m128345rbr-0030","imported catalogue"
"ROLEX","m128345rbr-0040","unreviewed","unresolved — no verified source","unresolved — no verified source","unresolved — no verified source","unresolved — no verified source","https://www.rolex.com/en-gb/watches/day-date/m128345rbr-0040","imported catalogue"
"ROLEX","m128345rbr-0041","unreviewed","unresolved — no verified source","unresolved — no verified source","unresolved — no verified source","unresolved — no verified source","https://www.rolex.com/en-gb/watches/day-date/m128345rbr-0041","imported catalogue"
"ROLEX","m128345rbr-0042","unreviewed","unresolved — no verified source","unresolved — no verified source","unresolved — no verified source","unresolved — no verified source","https://www.rolex.com/en-gb/watches/day-date/m128345rbr-0042","imported catalogue"
"ROLEX","m128345rbr-0043","unreviewed","unresolved — no verified source","unresolved — no verified source","unresolved — no verified source","unresolved — no verified source","https://www.rolex.com/en-gb/watches/day-date/m128345rbr-0043","imported catalogue"
"ROLEX","m128345rbr-0044","unreviewed","unresolved — no verified source","unresolved — no verified source","unresolved — no verified source","unresolved — no verified source","https://www.rolex.com/en-gb/watches/day-date/m128345rbr-0044","imported catalogue"
"ROLEX","m128345rbr-0045","unreviewed","unresolved — no verified source","unresolved — no verified source","unresolved — no verified source","unresolved — no verified source","https://www.rolex.com/en-gb/watches/day-date/m128345rbr-0045","imported catalogue"
"ROLEX","m128345rbr-0052","unreviewed","unresolved — no verified source","unresolved — no verified source","unresolved — no verified source","unresolved — no verified source","https://www.rolex.com/en-gb/watches/day-date/m128345rbr-0052","imported catalogue"
"ROLEX","m128345rbr-0053","unreviewed","unresolved — no verified source","unresolved — no verified source","unresolved — no verified source","unresolved — no verified source","https://www.rolex.com/en-gb/watches/day-date/m128345rbr-0053","imported catalogue"
"ROLEX","m128345rbr-0068","unreviewed","unresolved — no verified source","unresolved — no verified source","unresolved — no verified source","unresolved — no verified source","https://www.rolex.com/en-gb/watches/day-date/m128345rbr-0068","imported catalogue"
"ROLEX","m128345rbr-0069","unreviewed","unresolved — no verified source","unresolved — no verified source","unresolved — no verified source","unresolved — no verified source","https://www.rolex.com/en-gb/watches/day-date/m128345rbr-0069","imported catalogue"
"ROLEX","m128345rbr-0070","unreviewed","unresolved — no verified source","unresolved — no verified source","unresolved — no verified source","unresolved — no verified source","https://www.rolex.com/en-gb/watches/day-date/m128345rbr-0070","imported catalogue"
"ROLEX","m128345rbr-0071","unreviewed","unresolved — no verified source","unresolved — no verified source","unresolved — no verified source","unresolved — no verified source","https://www.rolex.com/en-gb/watches/day-date/m128345rbr-0071","imported catalogue"
"ROLEX","m128345rbr-0075","unreviewed","unresolved — no verified source","unresolved — no verified source","unresolved — no verified source","unresolved — no verified source","https://www.rolex.com/en-gb/watches/day-date/m128345rbr-0075","imported catalogue"
"ROLEX","m128345rbr-0076","unreviewed","unresolved — no verified source","unresolved — no verified source","unresolved — no verified source","unresolved — no verified source","https://www.rolex.com/en-gb/watches/day-date/m128345rbr-0076","imported catalogue"
"ROLEX","m128345rbr-0077","unreviewed","unresolved — no verified source","unresolved — no verified source","unresolved — no verified source","unresolved — no verified source","https://www.rolex.com/en-gb/watches/day-date/m128345rbr-0077","imported catalogue"
"ROLEX","m128345rbr-0078","unreviewed","unresolved — no verified source","unresolved — no verified source","unresolved — no verified source","unresolved — no verified source","https://www.rolex.com/en-gb/watches/day-date/m128345rbr-0078","imported catalogue"
"ROLEX","m128345rbr-0081","unreviewed","unresolved — no verified source","unresolved — no verified source","unresolved — no verified source","unresolved — no verified source","https://www.rolex.com/en-gb/watches/day-date/m128345rbr-0081","imported catalogue"
"ROLEX","m128345rbr-0082","unreviewed","unresolved — no verified source","unresolved — no verified source","unresolved — no verified source","unresolved — no verified source","https://www.rolex.com/en-gb/watches/day-date/m128345rbr-0082","imported catalogue"
"ROLEX","m128345rbr-0083","unreviewed","unresolved — no verified source","unresolved — no verified source","unresolved — no verified source","unresolved — no verified source","https://www.rolex.com/en-gb/watches/day-date/m128345rbr-0083","imported catalogue"
"ROLEX","m128345rbr-0084","unreviewed","unresolved — no verified source","unresolved — no verified source","unresolved — no verified source","unresolved — no verified source","https://www.rolex.com/en-gb/watches/day-date/m128345rbr-0084","imported catalogue"
"ROLEX","m128345rbr-0085","unreviewed","unresolved — no verified source","unresolved — no verified source","unresolved — no verified source","unresolved — no verified source","https://www.rolex.com/en-gb/watches/day-date/m128345rbr-0085","imported catalogue"
"ROLEX","m128345rbr-0086","unreviewed","unresolved — no verified source","unresolved — no verified source","unresolved — no verified source","unresolved — no verified source","https://www.rolex.com/en-gb/watches/day-date/m128345rbr-0086","imported catalogue"
"ROLEX","m128348rbr-0005","unreviewed","unresolved — no verified source","unresolved — no verified source","unresolved — no verified source","unresolved — no verified source","https://www.rolex.com/en-gb/watches/day-date/m128348rbr-0005","imported catalogue"
"ROLEX","m128348rbr-0007","unreviewed","unresolved — no verified source","unresolved — no verified source","unresolved — no verified source","unresolved — no verified source","https://www.rolex.com/en-gb/watches/day-date/m128348rbr-0007","imported catalogue"
"ROLEX","m128348rbr-0008","unreviewed","unresolved — no verified source","unresolved — no verified source","unresolved — no verified source","unresolved — no verified source","https://www.rolex.com/en-gb/watches/day-date/m128348rbr-0008","imported catalogue"
"ROLEX","m128348rbr-0010","unreviewed","unresolved — no verified source","unresolved — no verified source","unresolved — no verified source","unresolved — no verified source","https://www.rolex.com/en-gb/watches/day-date/m128348rbr-0010","imported catalogue"
"ROLEX","m128348rbr-0017","unreviewed","unresolved — no verified source","unresolved — no verified source","unresolved — no verified source","unresolved — no verified source","https://www.rolex.com/en-gb/watches/day-date/m128348rbr-0017","imported catalogue"
"ROLEX","m128348rbr-0019","unreviewed","unresolved — no verified source","unresolved — no verified source","unresolved — no verified source","unresolved — no verified source","https://www.rolex.com/en-gb/watches/day-date/m128348rbr-0019","imported catalogue"
"ROLEX","m128348rbr-0026","unreviewed","unresolved — no verified source","unresolved — no verified source","unresolved — no verified source","unresolved — no verified source","https://www.rolex.com/en-gb/watches/day-date/m128348rbr-0026","imported catalogue"
"ROLEX","m128348rbr-0027","unreviewed","unresolved — no verified source","unresolved — no verified source","unresolved — no verified source","unresolved — no verified source","https://www.rolex.com/en-gb/watches/day-date/m128348rbr-0027","imported catalogue"
"ROLEX","m128348rbr-0030","unreviewed","unresolved — no verified source","unresolved — no verified source","unresolved — no verified source","unresolved — no verified source","https://www.rolex.com/en-gb/watches/day-date/m128348rbr-0030","imported catalogue"
"ROLEX","m128348rbr-0031","unreviewed","unresolved — no verified source","unresolved — no verified source","unresolved — no verified source","unresolved — no verified source","https://www.rolex.com/en-gb/watches/day-date/m128348rbr-0031","imported catalogue"
"ROLEX","m128348rbr-0035","unreviewed","unresolved — no verified source","unresolved — no verified source","unresolved — no verified source","unresolved — no verified source","https://www.rolex.com/en-gb/watches/day-date/m128348rbr-0035","imported catalogue"
"ROLEX","m128348rbr-0036","unreviewed","unresolved — no verified source","unresolved — no verified source","unresolved — no verified source","unresolved — no verified source","https://www.rolex.com/en-gb/watches/day-date/m128348rbr-0036","imported catalogue"
"ROLEX","m128348rbr-0047","unreviewed","unresolved — no verified source","unresolved — no verified source","unresolved — no verified source","unresolved — no verified source","https://www.rolex.com/en-gb/watches/day-date/m128348rbr-0047","imported catalogue"
"ROLEX","m128348rbr-0048","unreviewed","unresolved — no verified source","unresolved — no verified source","unresolved — no verified source","unresolved — no verified source","https://www.rolex.com/en-gb/watches/day-date/m128348rbr-0048","imported catalogue"
"ROLEX","m128348rbr-0049","unreviewed","unresolved — no verified source","unresolved — no verified source","unresolved — no verified source","unresolved — no verified source","https://www.rolex.com/en-gb/watches/day-date/m128348rbr-0049","imported catalogue"
"ROLEX","m128348rbr-0050","unreviewed","unresolved — no verified source","unresolved — no verified source","unresolved — no verified source","unresolved — no verified source","https://www.rolex.com/en-gb/watches/day-date/m128348rbr-0050","imported catalogue"
"ROLEX","m128348rbr-0064","unreviewed","unresolved — no verified source","unresolved — no verified source","unresolved — no verified source","unresolved — no verified source","https://www.rolex.com/en-gb/watches/day-date/m128348rbr-0064","imported catalogue"
"ROLEX","m128348rbr-0065","unreviewed","unresolved — no verified source","unresolved — no verified source","unresolved — no verified source","unresolved — no verified source","https://www.rolex.com/en-gb/watches/day-date/m128348rbr-0065","imported catalogue"
"ROLEX","m128348rbr-0068","unreviewed","unresolved — no verified source","unresolved — no verified source","unresolved — no verified source","unresolved — no verified source","https://www.rolex.com/en-gb/watches/day-date/m128348rbr-0068","imported catalogue"
"ROLEX","m128348rbr-0069","unreviewed","unresolved — no verified source","unresolved — no verified source","unresolved — no verified source","unresolved — no verified source","https://www.rolex.com/en-gb/watches/day-date/m128348rbr-0069","imported catalogue"
"ROLEX","m128348rbr-0070","unreviewed","unresolved — no verified source","unresolved — no verified source","unresolved — no verified source","unresolved — no verified source","https://www.rolex.com/en-gb/watches/day-date/m128348rbr-0070","imported catalogue"
"ROLEX","m128348rbr-0071","unreviewed","unresolved — no verified source","unresolved — no verified source","unresolved — no verified source","unresolved — no verified source","https://www.rolex.com/en-gb/watches/day-date/m128348rbr-0071","imported catalogue"
"ROLEX","m128348rbr-0078","unreviewed","unresolved — no verified source","unresolved — no verified source","unresolved — no verified source","unresolved — no verified source","https://www.rolex.com/en-gb/watches/day-date/m128348rbr-0078","imported catalogue"
"ROLEX","m128348rbr-0079","unreviewed","unresolved — no verified source","unresolved — no verified source","unresolved — no verified source","unresolved — no verified source","https://www.rolex.com/en-gb/watches/day-date/m128348rbr-0079","imported catalogue"
"ROLEX","m128348rbr-0080","unreviewed","unresolved — no verified source","unresolved — no verified source","unresolved — no verified source","unresolved — no verified source","https://www.rolex.com/en-gb/watches/day-date/m128348rbr-0080","imported catalogue"
"ROLEX","m128348rbr-0081","unreviewed","unresolved — no verified source","unresolved — no verified source","unresolved — no verified source","unresolved — no verified source","https://www.rolex.com/en-gb/watches/day-date/m128348rbr-0081","imported catalogue"
"ROLEX","m128349rbr-0012","unreviewed","unresolved — no verified source","unresolved — no verified source","unresolved — no verified source","unresolved — no verified source","https://www.rolex.com/en-gb/watches/day-date/m128349rbr-0012","imported catalogue"
"ROLEX","m128349rbr-0013","unreviewed","unresolved — no verified source","unresolved — no verified source","unresolved — no verified source","unresolved — no verified source","https://www.rolex.com/en-gb/watches/day-date/m128349rbr-0013","imported catalogue"
"ROLEX","m128349rbr-0014","unreviewed","unresolved — no verified source","unresolved — no verified source","unresolved — no verified source","unresolved — no verified source","https://www.rolex.com/en-gb/watches/day-date/m128349rbr-0014","imported catalogue"
"ROLEX","m128349rbr-0016","unreviewed","unresolved — no verified source","unresolved — no verified source","unresolved — no verified source","unresolved — no verified source","https://www.rolex.com/en-gb/watches/day-date/m128349rbr-0016","imported catalogue"
"ROLEX","m128349rbr-0017","unreviewed","unresolved — no verified source","unresolved — no verified source","unresolved — no verified source","unresolved — no verified source","https://www.rolex.com/en-gb/watches/day-date/m128349rbr-0017","imported catalogue"
"ROLEX","m128349rbr-0044","unreviewed","unresolved — no verified source","unresolved — no verified source","unresolved — no verified source","unresolved — no verified source","https://www.rolex.com/en-gb/watches/day-date/m128349rbr-0044","imported catalogue"
"ROLEX","m128349rbr-0048","unreviewed","unresolved — no verified source","unresolved — no verified source","unresolved — no verified source","unresolved — no verified source","https://www.rolex.com/en-gb/watches/day-date/m128349rbr-0048","imported catalogue"
"ROLEX","m128349rbr-0050","unreviewed","unresolved — no verified source","unresolved — no verified source","unresolved — no verified source","unresolved — no verified source","https://www.rolex.com/en-gb/watches/day-date/m128349rbr-0050","imported catalogue"
"ROLEX","m128349rbr-0052","unreviewed","unresolved — no verified source","unresolved — no verified source","unresolved — no verified source","unresolved — no verified source","https://www.rolex.com/en-gb/watches/day-date/m128349rbr-0052","imported catalogue"
"ROLEX","m128349rbr-0054","unreviewed","unresolved — no verified source","unresolved — no verified source","unresolved — no verified source","unresolved — no verified source","https://www.rolex.com/en-gb/watches/day-date/m128349rbr-0054","imported catalogue"
"ROLEX","m128349rbr-0079","unreviewed","unresolved — no verified source","unresolved — no verified source","unresolved — no verified source","unresolved — no verified source","https://www.rolex.com/en-gb/watches/day-date/m128349rbr-0079","imported catalogue"
"ROLEX","m128349rbr-0080","unreviewed","unresolved — no verified source","unresolved — no verified source","unresolved — no verified source","unresolved — no verified source","https://www.rolex.com/en-gb/watches/day-date/m128349rbr-0080","imported catalogue"
"ROLEX","m128349rbr-0081","unreviewed","unresolved — no verified source","unresolved — no verified source","unresolved — no verified source","unresolved — no verified source","https://www.rolex.com/en-gb/watches/day-date/m128349rbr-0081","imported catalogue"
"ROLEX","m128349rbr-0082","unreviewed","unresolved — no verified source","unresolved — no verified source","unresolved — no verified source","unresolved — no verified source","https://www.rolex.com/en-gb/watches/day-date/m128349rbr-0082","imported catalogue"
"ROLEX","m128349rbr-0083","unreviewed","unresolved — no verified source","unresolved — no verified source","unresolved — no verified source","unresolved — no verified source","https://www.rolex.com/en-gb/watches/day-date/m128349rbr-0083","imported catalogue"
"ROLEX","m128349rbr-0084","unreviewed","unresolved — no verified source","unresolved — no verified source","unresolved — no verified source","unresolved — no verified source","https://www.rolex.com/en-gb/watches/day-date/m128349rbr-0084","imported catalogue"
"ROLEX","m128349rbr-0085","unreviewed","unresolved — no verified source","unresolved — no verified source","unresolved — no verified source","unresolved — no verified source","https://www.rolex.com/en-gb/watches/day-date/m128349rbr-0085","imported catalogue"
"ROLEX","m128349rbr-0086","unreviewed","unresolved — no verified source","unresolved — no verified source","unresolved — no verified source","unresolved — no verified source","https://www.rolex.com/en-gb/watches/day-date/m128349rbr-0086","imported catalogue"
"ROLEX","m128349rbr-0087","unreviewed","unresolved — no verified source","unresolved — no verified source","unresolved — no verified source","unresolved — no verified source","https://www.rolex.com/en-gb/watches/day-date/m128349rbr-0087","imported catalogue"
"ROLEX","m128349rbr-0088","unreviewed","unresolved — no verified source","unresolved — no verified source","unresolved — no verified source","unresolved — no verified source","https://www.rolex.com/en-gb/watches/day-date/m128349rbr-0088","imported catalogue"
"ROLEX","m128395tbr-0002","unreviewed","unresolved — no verified source","unresolved — no verified source","unresolved — no verified source","unresolved — no verified source","https://www.rolex.com/en-gb/watches/day-date/m128395tbr-0002","imported catalogue"
"ROLEX","m128395tbr-0004","unreviewed","unresolved — no verified source","unresolved — no verified source","unresolved — no verified source","unresolved — no verified source","https://www.rolex.com/en-gb/watches/day-date/m128395tbr-0004","imported catalogue"
"ROLEX","m128395tbr-0006","unreviewed","unresolved — no verified source","unresolved — no verified source","unresolved — no verified source","unresolved — no verified source","https://www.rolex.com/en-gb/watches/day-date/m128395tbr-0006","imported catalogue"
"ROLEX","m128395tbr-0008","unreviewed","unresolved — no verified source","unresolved — no verified source","unresolved — no verified source","unresolved — no verified source","https://www.rolex.com/en-gb/watches/day-date/m128395tbr-0008","imported catalogue"
"ROLEX","m128395tbr-0010","unreviewed","unresolved — no verified source","unresolved — no verified source","unresolved — no verified source","unresolved — no verified source","https://www.rolex.com/en-gb/watches/day-date/m128395tbr-0010","imported catalogue"
"ROLEX","m128395tbr-0012","unreviewed","unresolved — no verified source","unresolved — no verified source","unresolved — no verified source","unresolved — no verified source","https://www.rolex.com/en-gb/watches/day-date/m128395tbr-0012","imported catalogue"
"ROLEX","m128395tbr-0020","unreviewed","unresolved — no verified source","unresolved — no verified source","unresolved — no verified source","unresolved — no verified source","https://www.rolex.com/en-gb/watches/day-date/m128395tbr-0020","imported catalogue"
"ROLEX","m128395tbr-0022","unreviewed","unresolved — no verified source","unresolved — no verified source","unresolved — no verified source","unresolved — no verified source","https://www.rolex.com/en-gb/watches/day-date/m128395tbr-0022","imported catalogue"
"ROLEX","m128395tbr-0024","unreviewed","unresolved — no verified source","unresolved — no verified source","unresolved — no verified source","unresolved — no verified source","https://www.rolex.com/en-gb/watches/day-date/m128395tbr-0024","imported catalogue"
"ROLEX","m128395tbr-0026","unreviewed","unresolved — no verified source","unresolved — no verified source","unresolved — no verified source","unresolved — no verified source","https://www.rolex.com/en-gb/watches/day-date/m128395tbr-0026","imported catalogue"
"ROLEX","m128395tbr-0030","unreviewed","unresolved — no verified source","unresolved — no verified source","unresolved — no verified source","unresolved — no verified source","https://www.rolex.com/en-gb/watches/day-date/m128395tbr-0030","imported catalogue"
"ROLEX","m128395tbr-0032","unreviewed","unresolved — no verified source","unresolved — no verified source","unresolved — no verified source","unresolved — no verified source","https://www.rolex.com/en-gb/watches/day-date/m128395tbr-0032","imported catalogue"
"ROLEX","m128395tbr-0033","unreviewed","unresolved — no verified source","unresolved — no verified source","unresolved — no verified source","unresolved — no verified source","https://www.rolex.com/en-gb/watches/day-date/m128395tbr-0033","imported catalogue"
"ROLEX","m128396tbr-0003","unreviewed","unresolved — no verified source","unresolved — no verified source","unresolved — no verified source","unresolved — no verified source","https://www.rolex.com/en-gb/watches/day-date/m128396tbr-0003","imported catalogue"
"ROLEX","m128396tbr-0004","unreviewed","unresolved — no verified source","unresolved — no verified source","unresolved — no verified source","unresolved — no verified source","https://www.rolex.com/en-gb/watches/day-date/m128396tbr-0004","imported catalogue"
"ROLEX","m128396tbr-0005","unreviewed","unresolved — no verified source","unresolved — no verified source","unresolved — no verified source","unresolved — no verified source","https://www.rolex.com/en-gb/watches/day-date/m128396tbr-0005","imported catalogue"
"ROLEX","m128396tbr-0006","unreviewed","unresolved — no verified source","unresolved — no verified source","unresolved — no verified source","unresolved — no verified source","https://www.rolex.com/en-gb/watches/day-date/m128396tbr-0006","imported catalogue"
"ROLEX","m128396tbr-0008","unreviewed","unresolved — no verified source","unresolved — no verified source","unresolved — no verified source","unresolved — no verified source","https://www.rolex.com/en-gb/watches/day-date/m128396tbr-0008","imported catalogue"
"ROLEX","m128396tbr-0009","unreviewed","unresolved — no verified source","unresolved — no verified source","unresolved — no verified source","unresolved — no verified source","https://www.rolex.com/en-gb/watches/day-date/m128396tbr-0009","imported catalogue"
"ROLEX","m128396tbr-0018","unreviewed","unresolved — no verified source","unresolved — no verified source","unresolved — no verified source","unresolved — no verified source","https://www.rolex.com/en-gb/watches/day-date/m128396tbr-0018","imported catalogue"
"ROLEX","m128396tbr-0019","unreviewed","unresolved — no verified source","unresolved — no verified source","unresolved — no verified source","unresolved — no verified source","https://www.rolex.com/en-gb/watches/day-date/m128396tbr-0019","imported catalogue"
"ROLEX","m128396tbr-0021","unreviewed","unresolved — no verified source","unresolved — no verified source","unresolved — no verified source","unresolved — no verified source","https://www.rolex.com/en-gb/watches/day-date/m128396tbr-0021","imported catalogue"
"ROLEX","m128396tbr-0022","unreviewed","unresolved — no verified source","unresolved — no verified source","unresolved — no verified source","unresolved — no verified source","https://www.rolex.com/en-gb/watches/day-date/m128396tbr-0022","imported catalogue"
"ROLEX","m128396tbr-0024","unreviewed","unresolved — no verified source","unresolved — no verified source","unresolved — no verified source","unresolved — no verified source","https://www.rolex.com/en-gb/watches/day-date/m128396tbr-0024","imported catalogue"
"ROLEX","m128396tbr-0025","unreviewed","unresolved — no verified source","unresolved — no verified source","unresolved — no verified source","unresolved — no verified source","https://www.rolex.com/en-gb/watches/day-date/m128396tbr-0025","imported catalogue"
"ROLEX","m128398tbr-0002","unreviewed","unresolved — no verified source","unresolved — no verified source","unresolved — no verified source","unresolved — no verified source","https://www.rolex.com/en-gb/watches/day-date/m128398tbr-0002","imported catalogue"
"ROLEX","m128398tbr-0004","unreviewed","unresolved — no verified source","unresolved — no verified source","unresolved — no verified source","unresolved — no verified source","https://www.rolex.com/en-gb/watches/day-date/m128398tbr-0004","imported catalogue"
"ROLEX","m128398tbr-0006","unreviewed","unresolved — no verified source","unresolved — no verified source","unresolved — no verified source","unresolved — no verified source","https://www.rolex.com/en-gb/watches/day-date/m128398tbr-0006","imported catalogue"
"ROLEX","m128398tbr-0008","unreviewed","unresolved — no verified source","unresolved — no verified source","unresolved — no verified source","unresolved — no verified source","https://www.rolex.com/en-gb/watches/day-date/m128398tbr-0008","imported catalogue"
"ROLEX","m128398tbr-0010","unreviewed","unresolved — no verified source","unresolved — no verified source","unresolved — no verified source","unresolved — no verified source","https://www.rolex.com/en-gb/watches/day-date/m128398tbr-0010","imported catalogue"
"ROLEX","m128398tbr-0012","unreviewed","unresolved — no verified source","unresolved — no verified source","unresolved — no verified source","unresolved — no verified source","https://www.rolex.com/en-gb/watches/day-date/m128398tbr-0012","imported catalogue"
"ROLEX","m128398tbr-0016","unreviewed","unresolved — no verified source","unresolved — no verified source","unresolved — no verified source","unresolved — no verified source","https://www.rolex.com/en-gb/watches/day-date/m128398tbr-0016","imported catalogue"
"ROLEX","m128398tbr-0018","unreviewed","unresolved — no verified source","unresolved — no verified source","unresolved — no verified source","unresolved — no verified source","https://www.rolex.com/en-gb/watches/day-date/m128398tbr-0018","imported catalogue"
"ROLEX","m128398tbr-0026","unreviewed","unresolved — no verified source","unresolved — no verified source","unresolved — no verified source","unresolved — no verified source","https://www.rolex.com/en-gb/watches/day-date/m128398tbr-0026","imported catalogue"
"ROLEX","m128398tbr-0028","unreviewed","unresolved — no verified source","unresolved — no verified source","unresolved — no verified source","unresolved — no verified source","https://www.rolex.com/en-gb/watches/day-date/m128398tbr-0028","imported catalogue"
"ROLEX","m128398tbr-0030","unreviewed","unresolved — no verified source","unresolved — no verified source","unresolved — no verified source","unresolved — no verified source","https://www.rolex.com/en-gb/watches/day-date/m128398tbr-0030","imported catalogue"
"ROLEX","m128398tbr-0035","unreviewed","unresolved — no verified source","unresolved — no verified source","unresolved — no verified source","unresolved — no verified source","https://www.rolex.com/en-gb/watches/day-date/m128398tbr-0035","imported catalogue"
"ROLEX","m128398tbr-0037","unreviewed","unresolved — no verified source","unresolved — no verified source","unresolved — no verified source","unresolved — no verified source","https://www.rolex.com/en-gb/watches/day-date/m128398tbr-0037","imported catalogue"
"ROLEX","m128399tbr-0001","unreviewed","unresolved — no verified source","unresolved — no verified source","unresolved — no verified source","unresolved — no verified source","https://www.rolex.com/en-gb/watches/day-date/m128399tbr-0001","imported catalogue"
"ROLEX","m128399tbr-0003","unreviewed","unresolved — no verified source","unresolved — no verified source","unresolved — no verified source","unresolved — no verified source","https://www.rolex.com/en-gb/watches/day-date/m128399tbr-0003","imported catalogue"
"ROLEX","m128399tbr-0005","unreviewed","unresolved — no verified source","unresolved — no verified source","unresolved — no verified source","unresolved — no verified source","https://www.rolex.com/en-gb/watches/day-date/m128399tbr-0005","imported catalogue"
"ROLEX","m128399tbr-0007","unreviewed","unresolved — no verified source","unresolved — no verified source","unresolved — no verified source","unresolved — no verified source","https://www.rolex.com/en-gb/watches/day-date/m128399tbr-0007","imported catalogue"
"ROLEX","m128399tbr-0009","unreviewed","unresolved — no verified source","unresolved — no verified source","unresolved — no verified source","unresolved — no verified source","https://www.rolex.com/en-gb/watches/day-date/m128399tbr-0009","imported catalogue"
"ROLEX","m128399tbr-0019","unreviewed","unresolved — no verified source","unresolved — no verified source","unresolved — no verified source","unresolved — no verified source","https://www.rolex.com/en-gb/watches/day-date/m128399tbr-0019","imported catalogue"
"ROLEX","m128399tbr-0021","unreviewed","unresolved — no verified source","unresolved — no verified source","unresolved — no verified source","unresolved — no verified source","https://www.rolex.com/en-gb/watches/day-date/m128399tbr-0021","imported catalogue"
"ROLEX","m128399tbr-0023","unreviewed","unresolved — no verified source","unresolved — no verified source","unresolved — no verified source","unresolved — no verified source","https://www.rolex.com/en-gb/watches/day-date/m128399tbr-0023","imported catalogue"
"ROLEX","m128399tbr-0027","unreviewed","unresolved — no verified source","unresolved — no verified source","unresolved — no verified source","unresolved — no verified source","https://www.rolex.com/en-gb/watches/day-date/m128399tbr-0027","imported catalogue"
"ROLEX","m128399tbr-0029","unreviewed","unresolved — no verified source","unresolved — no verified source","unresolved — no verified source","unresolved — no verified source","https://www.rolex.com/en-gb/watches/day-date/m128399tbr-0029","imported catalogue"
"ROLEX","m134300-0001","unreviewed","unresolved — no verified source","unresolved — no verified source","unresolved — no verified source","unresolved — no verified source","https://www.rolex.com/en-gb/watches/oyster-perpetual/m134300-0001","imported catalogue"
"ROLEX","m134300-0004","unreviewed","unresolved — no verified source","unresolved — no verified source","unresolved — no verified source","unresolved — no verified source","https://www.rolex.com/en-gb/watches/oyster-perpetual/m134300-0004","imported catalogue"
"ROLEX","m134300-0006","unreviewed","unresolved — no verified source","unresolved — no verified source","unresolved — no verified source","unresolved — no verified source","https://www.rolex.com/en-gb/watches/oyster-perpetual/m134300-0006","imported catalogue"
"ROLEX","m134300-0007","unreviewed","unresolved — no verified source","unresolved — no verified source","unresolved — no verified source","unresolved — no verified source","https://www.rolex.com/en-gb/watches/oyster-perpetual/m134300-0007","imported catalogue"
"ROLEX","m134300-0008","unreviewed","unresolved — no verified source","unresolved — no verified source","unresolved — no verified source","unresolved — no verified source","https://www.rolex.com/en-gb/watches/oyster-perpetual/m134300-0008","imported catalogue"
"ROLEX","m134300-0009","unreviewed","unresolved — no verified source","unresolved — no verified source","unresolved — no verified source","unresolved — no verified source","https://www.rolex.com/en-gb/watches/oyster-perpetual/m134300-0009","imported catalogue"
"ROLEX","m134300-0010","unreviewed","unresolved — no verified source","unresolved — no verified source","unresolved — no verified source","unresolved — no verified source","https://www.rolex.com/en-gb/watches/oyster-perpetual/m134300-0010","imported catalogue"
"ROLEX","m134300-0012","unreviewed","unresolved — no verified source","unresolved — no verified source","unresolved — no verified source","unresolved — no verified source","https://www.rolex.com/en-gb/watches/oyster-perpetual/m134300-0012","imported catalogue"
"ROLEX","m134300-0013","unreviewed","unresolved — no verified source","unresolved — no verified source","unresolved — no verified source","unresolved — no verified source","https://www.rolex.com/en-gb/watches/oyster-perpetual/m134300-0013","imported catalogue"
"ROLEX","m134303-0001","unreviewed","unresolved — no verified source","unresolved — no verified source","unresolved — no verified source","unresolved — no verified source","https://www.rolex.com/en-gb/watches/oyster-perpetual/m134303-0001","imported catalogue"
"ROLEX","m136660-0005","unreviewed","unresolved — no verified source","unresolved — no verified source","unresolved — no verified source","unresolved — no verified source","https://www.rolex.com/en-gb/watches/deepsea/m136660-0005","imported catalogue"
"ROLEX","m136660-0006","unreviewed","unresolved — no verified source","unresolved — no verified source","unresolved — no verified source","unresolved — no verified source","https://www.rolex.com/en-gb/watches/deepsea/m136660-0006","imported catalogue"
"ROLEX","m136668lb-0001","unreviewed","unresolved — no verified source","unresolved — no verified source","unresolved — no verified source","unresolved — no verified source","https://www.rolex.com/en-gb/watches/deepsea/m136668lb-0001","imported catalogue"
"ROLEX","m224270-0001","unreviewed","unresolved — no verified source","unresolved — no verified source","unresolved — no verified source","unresolved — no verified source","https://www.rolex.com/en-gb/watches/explorer/m224270-0001","imported catalogue"
"ROLEX","m226570-0001","unreviewed","unresolved — no verified source","unresolved — no verified source","unresolved — no verified source","unresolved — no verified source","https://www.rolex.com/en-gb/watches/explorer-ii/m226570-0001","imported catalogue"
"ROLEX","m226570-0002","unreviewed","unresolved — no verified source","unresolved — no verified source","unresolved — no verified source","unresolved — no verified source","https://www.rolex.com/en-gb/watches/explorer-ii/m226570-0002","imported catalogue"
"ROLEX","m226627-0001","unreviewed","unresolved — no verified source","unresolved — no verified source","unresolved — no verified source","unresolved — no verified source","https://www.rolex.com/en-gb/watches/yacht-master/m226627-0001","imported catalogue"
"ROLEX","m226658-0001","unreviewed","unresolved — no verified source","unresolved — no verified source","unresolved — no verified source","unresolved — no verified source","https://www.rolex.com/en-gb/watches/yacht-master/m226658-0001","imported catalogue"
"ROLEX","m226659-0002","unreviewed","unresolved — no verified source","unresolved — no verified source","unresolved — no verified source","unresolved — no verified source","https://www.rolex.com/en-gb/watches/yacht-master/m226659-0002","imported catalogue"
"ROLEX","m228235-0001","unreviewed","unresolved — no verified source","unresolved — no verified source","unresolved — no verified source","unresolved — no verified source","https://www.rolex.com/en-gb/watches/day-date/m228235-0001","imported catalogue"
"ROLEX","m228235-0002","unreviewed","unresolved — no verified source","unresolved — no verified source","unresolved — no verified source","unresolved — no verified source","https://www.rolex.com/en-gb/watches/day-date/m228235-0002","imported catalogue"
"ROLEX","m228235-0003","unreviewed","unresolved — no verified source","unresolved — no verified source","unresolved — no verified source","unresolved — no verified source","https://www.rolex.com/en-gb/watches/day-date/m228235-0003","imported catalogue"
"ROLEX","m228235-0004","unreviewed","unresolved — no verified source","unresolved — no verified source","unresolved — no verified source","unresolved — no verified source","https://www.rolex.com/en-gb/watches/day-date/m228235-0004","imported catalogue"
"ROLEX","m228235-0025","unreviewed","unresolved — no verified source","unresolved — no verified source","unresolved — no verified source","unresolved — no verified source","https://www.rolex.com/en-gb/watches/day-date/m228235-0025","imported catalogue"
"ROLEX","m228235-0032","unreviewed","unresolved — no verified source","unresolved — no verified source","unresolved — no verified source","unresolved — no verified source","https://www.rolex.com/en-gb/watches/day-date/m228235-0032","imported catalogue"
"ROLEX","m228235-0036","unreviewed","unresolved — no verified source","unresolved — no verified source","unresolved — no verified source","unresolved — no verified source","https://www.rolex.com/en-gb/watches/day-date/m228235-0036","imported catalogue"
"ROLEX","m228235-0045","unreviewed","unresolved — no verified source","unresolved — no verified source","unresolved — no verified source","unresolved — no verified source","https://www.rolex.com/en-gb/watches/day-date/m228235-0045","imported catalogue"
"ROLEX","m228235-0053","unreviewed","unresolved — no verified source","unresolved — no verified source","unresolved — no verified source","unresolved — no verified source","https://www.rolex.com/en-gb/watches/day-date/m228235-0053","imported catalogue"
"ROLEX","m228235-0055","unreviewed","unresolved — no verified source","unresolved — no verified source","unresolved — no verified source","unresolved — no verified source","https://www.rolex.com/en-gb/watches/day-date/m228235-0055","imported catalogue"
"ROLEX","m228235-0056","unreviewed","unresolved — no verified source","unresolved — no verified source","unresolved — no verified source","unresolved — no verified source","https://www.rolex.com/en-gb/watches/day-date/m228235-0056","imported catalogue"
"ROLEX","m228235jg-0002","unreviewed","unresolved — no verified source","unresolved — no verified source","unresolved — no verified source","unresolved — no verified source","https://www.rolex.com/en-gb/watches/day-date/m228235jg-0002","imported catalogue"
"ROLEX","m228235jg-0003","unreviewed","unresolved — no verified source","unresolved — no verified source","unresolved — no verified source","unresolved — no verified source","https://www.rolex.com/en-gb/watches/day-date/m228235jg-0003","imported catalogue"
"ROLEX","m228236-0002","unreviewed","unresolved — no verified source","unresolved — no verified source","unresolved — no verified source","unresolved — no verified source","https://www.rolex.com/en-gb/watches/day-date/m228236-0002","imported catalogue"
"ROLEX","m228236-0003","unreviewed","unresolved — no verified source","unresolved — no verified source","unresolved — no verified source","unresolved — no verified source","https://www.rolex.com/en-gb/watches/day-date/m228236-0003","imported catalogue"
"ROLEX","m228236-0004","unreviewed","unresolved — no verified source","unresolved — no verified source","unresolved — no verified source","unresolved — no verified source","https://www.rolex.com/en-gb/watches/day-date/m228236-0004","imported catalogue"
"ROLEX","m228236-0006","unreviewed","unresolved — no verified source","unresolved — no verified source","unresolved — no verified source","unresolved — no verified source","https://www.rolex.com/en-gb/watches/day-date/m228236-0006","imported catalogue"
"ROLEX","m228236-0007","unreviewed","unresolved — no verified source","unresolved — no verified source","unresolved — no verified source","unresolved — no verified source","https://www.rolex.com/en-gb/watches/day-date/m228236-0007","imported catalogue"
"ROLEX","m228236-0008","unreviewed","unresolved — no verified source","unresolved — no verified source","unresolved — no verified source","unresolved — no verified source","https://www.rolex.com/en-gb/watches/day-date/m228236-0008","imported catalogue"
"ROLEX","m228236-0009","unreviewed","unresolved — no verified source","unresolved — no verified source","unresolved — no verified source","unresolved — no verified source","https://www.rolex.com/en-gb/watches/day-date/m228236-0009","imported catalogue"
"ROLEX","m228236-0010","unreviewed","unresolved — no verified source","unresolved — no verified source","unresolved — no verified source","unresolved — no verified source","https://www.rolex.com/en-gb/watches/day-date/m228236-0010","imported catalogue"
"ROLEX","m228236-0011","unreviewed","unresolved — no verified source","unresolved — no verified source","unresolved — no verified source","unresolved — no verified source","https://www.rolex.com/en-gb/watches/day-date/m228236-0011","imported catalogue"
"ROLEX","m228236-0012","unreviewed","unresolved — no verified source","unresolved — no verified source","unresolved — no verified source","unresolved — no verified source","https://www.rolex.com/en-gb/watches/day-date/m228236-0012","imported catalogue"
"ROLEX","m228236-0013","unreviewed","unresolved — no verified source","unresolved — no verified source","unresolved — no verified source","unresolved — no verified source","https://www.rolex.com/en-gb/watches/day-date/m228236-0013","imported catalogue"
"ROLEX","m228236-0018","unreviewed","unresolved — no verified source","unresolved — no verified source","unresolved — no verified source","unresolved — no verified source","https://www.rolex.com/en-gb/watches/day-date/m228236-0018","imported catalogue"
"ROLEX","m228236-0024","unreviewed","unresolved — no verified source","unresolved — no verified source","unresolved — no verified source","unresolved — no verified source","https://www.rolex.com/en-gb/watches/day-date/m228236-0024","imported catalogue"
"ROLEX","m228236-0026","unreviewed","unresolved — no verified source","unresolved — no verified source","unresolved — no verified source","unresolved — no verified source","https://www.rolex.com/en-gb/watches/day-date/m228236-0026","imported catalogue"
"ROLEX","m228238-0002","unreviewed","unresolved — no verified source","unresolved — no verified source","unresolved — no verified source","unresolved — no verified source","https://www.rolex.com/en-gb/watches/day-date/m228238-0002","imported catalogue"
"ROLEX","m228238-0003","unreviewed","unresolved — no verified source","unresolved — no verified source","unresolved — no verified source","unresolved — no verified source","https://www.rolex.com/en-gb/watches/day-date/m228238-0003","imported catalogue"
"ROLEX","m228238-0004","unreviewed","unresolved — no verified source","unresolved — no verified source","unresolved — no verified source","unresolved — no verified source","https://www.rolex.com/en-gb/watches/day-date/m228238-0004","imported catalogue"
"ROLEX","m228238-0005","unreviewed","unresolved — no verified source","unresolved — no verified source","unresolved — no verified source","unresolved — no verified source","https://www.rolex.com/en-gb/watches/day-date/m228238-0005","imported catalogue"
"ROLEX","m228238-0006","unreviewed","unresolved — no verified source","unresolved — no verified source","unresolved — no verified source","unresolved — no verified source","https://www.rolex.com/en-gb/watches/day-date/m228238-0006","imported catalogue"
"ROLEX","m228238-0042","unreviewed","unresolved — no verified source","unresolved — no verified source","unresolved — no verified source","unresolved — no verified source","https://www.rolex.com/en-gb/watches/day-date/m228238-0042","imported catalogue"
"ROLEX","m228238-0054","unreviewed","unresolved — no verified source","unresolved — no verified source","unresolved — no verified source","unresolved — no verified source","https://www.rolex.com/en-gb/watches/day-date/m228238-0054","imported catalogue"
"ROLEX","m228238-0059","unreviewed","unresolved — no verified source","unresolved — no verified source","unresolved — no verified source","unresolved — no verified source","https://www.rolex.com/en-gb/watches/day-date/m228238-0059","imported catalogue"
"ROLEX","m228238-0061","unreviewed","unresolved — no verified source","unresolved — no verified source","unresolved — no verified source","unresolved — no verified source","https://www.rolex.com/en-gb/watches/day-date/m228238-0061","imported catalogue"
"ROLEX","m228238-0066","unreviewed","unresolved — no verified source","unresolved — no verified source","unresolved — no verified source","unresolved — no verified source","https://www.rolex.com/en-gb/watches/day-date/m228238-0066","imported catalogue"
"ROLEX","m228238-0067","unreviewed","unresolved — no verified source","unresolved — no verified source","unresolved — no verified source","unresolved — no verified source","https://www.rolex.com/en-gb/watches/day-date/m228238-0067","imported catalogue"
"ROLEX","m228238-0069","unreviewed","unresolved — no verified source","unresolved — no verified source","unresolved — no verified source","unresolved — no verified source","https://www.rolex.com/en-gb/watches/day-date/m228238-0069","imported catalogue"
"ROLEX","m228238-0071","unreviewed","unresolved — no verified source","unresolved — no verified source","unresolved — no verified source","unresolved — no verified source","https://www.rolex.com/en-gb/watches/day-date/m228238-0071","imported catalogue"
"ROLEX","m228239-0003","unreviewed","unresolved — no verified source","unresolved — no verified source","unresolved — no verified source","unresolved — no verified source","https://www.rolex.com/en-gb/watches/day-date/m228239-0003","imported catalogue"
"ROLEX","m228239-0004","unreviewed","unresolved — no verified source","unresolved — no verified source","unresolved — no verified source","unresolved — no verified source","https://www.rolex.com/en-gb/watches/day-date/m228239-0004","imported catalogue"
"ROLEX","m228239-0005","unreviewed","unresolved — no verified source","unresolved — no verified source","unresolved — no verified source","unresolved — no verified source","https://www.rolex.com/en-gb/watches/day-date/m228239-0005","imported catalogue"
"ROLEX","m228239-0007","unreviewed","unresolved — no verified source","unresolved — no verified source","unresolved — no verified source","unresolved — no verified source","https://www.rolex.com/en-gb/watches/day-date/m228239-0007","imported catalogue"
"ROLEX","m228239-0033","unreviewed","unresolved — no verified source","unresolved — no verified source","unresolved — no verified source","unresolved — no verified source","https://www.rolex.com/en-gb/watches/day-date/m228239-0033","imported catalogue"
"ROLEX","m228239-0046","unreviewed","unresolved — no verified source","unresolved — no verified source","unresolved — no verified source","unresolved — no verified source","https://www.rolex.com/en-gb/watches/day-date/m228239-0046","imported catalogue"
"ROLEX","m228239-0049","unreviewed","unresolved — no verified source","unresolved — no verified source","unresolved — no verified source","unresolved — no verified source","https://www.rolex.com/en-gb/watches/day-date/m228239-0049","imported catalogue"
"ROLEX","m228239-0055","unreviewed","unresolved — no verified source","unresolved — no verified source","unresolved — no verified source","unresolved — no verified source","https://www.rolex.com/en-gb/watches/day-date/m228239-0055","imported catalogue"
"ROLEX","m228239-0060","unreviewed","unresolved — no verified source","unresolved — no verified source","unresolved — no verified source","unresolved — no verified source","https://www.rolex.com/en-gb/watches/day-date/m228239-0060","imported catalogue"
"ROLEX","m228239-0076","unreviewed","unresolved — no verified source","unresolved — no verified source","unresolved — no verified source","unresolved — no verified source","https://www.rolex.com/en-gb/watches/day-date/m228239-0076","imported catalogue"
"ROLEX","m228239-0078","unreviewed","unresolved — no verified source","unresolved — no verified source","unresolved — no verified source","unresolved — no verified source","https://www.rolex.com/en-gb/watches/day-date/m228239-0078","imported catalogue"
"ROLEX","m228345rbr-0002","unreviewed","unresolved — no verified source","unresolved — no verified source","unresolved — no verified source","unresolved — no verified source","https://www.rolex.com/en-gb/watches/day-date/m228345rbr-0002","imported catalogue"
"ROLEX","m228345rbr-0006","unreviewed","unresolved — no verified source","unresolved — no verified source","unresolved — no verified source","unresolved — no verified source","https://www.rolex.com/en-gb/watches/day-date/m228345rbr-0006","imported catalogue"
"ROLEX","m228345rbr-0007","unreviewed","unresolved — no verified source","unresolved — no verified source","unresolved — no verified source","unresolved — no verified source","https://www.rolex.com/en-gb/watches/day-date/m228345rbr-0007","imported catalogue"
"ROLEX","m228345rbr-0008","unreviewed","unresolved — no verified source","unresolved — no verified source","unresolved — no verified source","unresolved — no verified source","https://www.rolex.com/en-gb/watches/day-date/m228345rbr-0008","imported catalogue"
"ROLEX","m228345rbr-0009","unreviewed","unresolved — no verified source","unresolved — no verified source","unresolved — no verified source","unresolved — no verified source","https://www.rolex.com/en-gb/watches/day-date/m228345rbr-0009","imported catalogue"
"ROLEX","m228345rbr-0011","unreviewed","unresolved — no verified source","unresolved — no verified source","unresolved — no verified source","unresolved — no verified source","https://www.rolex.com/en-gb/watches/day-date/m228345rbr-0011","imported catalogue"
"ROLEX","m228345rbr-0012","unreviewed","unresolved — no verified source","unresolved — no verified source","unresolved — no verified source","unresolved — no verified source","https://www.rolex.com/en-gb/watches/day-date/m228345rbr-0012","imported catalogue"
"ROLEX","m228345rbr-0016","unreviewed","unresolved — no verified source","unresolved — no verified source","unresolved — no verified source","unresolved — no verified source","https://www.rolex.com/en-gb/watches/day-date/m228345rbr-0016","imported catalogue"
"ROLEX","m228345rbr-0024","unreviewed","unresolved — no verified source","unresolved — no verified source","unresolved — no verified source","unresolved — no verified source","https://www.rolex.com/en-gb/watches/day-date/m228345rbr-0024","imported catalogue"
"ROLEX","m228345rbr-0025","unreviewed","unresolved — no verified source","unresolved — no verified source","unresolved — no verified source","unresolved — no verified source","https://www.rolex.com/en-gb/watches/day-date/m228345rbr-0025","imported catalogue"
"ROLEX","m228345rbr-0026","unreviewed","unresolved — no verified source","unresolved — no verified source","unresolved — no verified source","unresolved — no verified source","https://www.rolex.com/en-gb/watches/day-date/m228345rbr-0026","imported catalogue"
"ROLEX","m228348rbr-0001","unreviewed","unresolved — no verified source","unresolved — no verified source","unresolved — no verified source","unresolved — no verified source","https://www.rolex.com/en-gb/watches/day-date/m228348rbr-0001","imported catalogue"
"ROLEX","m228348rbr-0002","unreviewed","unresolved — no verified source","unresolved — no verified source","unresolved — no verified source","unresolved — no verified source","https://www.rolex.com/en-gb/watches/day-date/m228348rbr-0002","imported catalogue"
"ROLEX","m228348rbr-0003","unreviewed","unresolved — no verified source","unresolved — no verified source","unresolved — no verified source","unresolved — no verified source","https://www.rolex.com/en-gb/watches/day-date/m228348rbr-0003","imported catalogue"
"ROLEX","m228348rbr-0007","unreviewed","unresolved — no verified source","unresolved — no verified source","unresolved — no verified source","unresolved — no verified source","https://www.rolex.com/en-gb/watches/day-date/m228348rbr-0007","imported catalogue"
"ROLEX","m228348rbr-0008","unreviewed","unresolved — no verified source","unresolved — no verified source","unresolved — no verified source","unresolved — no verified source","https://www.rolex.com/en-gb/watches/day-date/m228348rbr-0008","imported catalogue"
"ROLEX","m228348rbr-0034","unreviewed","unresolved — no verified source","unresolved — no verified source","unresolved — no verified source","unresolved — no verified source","https://www.rolex.com/en-gb/watches/day-date/m228348rbr-0034","imported catalogue"
"ROLEX","m228348rbr-0037","unreviewed","unresolved — no verified source","unresolved — no verified source","unresolved — no verified source","unresolved — no verified source","https://www.rolex.com/en-gb/watches/day-date/m228348rbr-0037","imported catalogue"
"ROLEX","m228348rbr-0039","unreviewed","unresolved — no verified source","unresolved — no verified source","unresolved — no verified source","unresolved — no verified source","https://www.rolex.com/en-gb/watches/day-date/m228348rbr-0039","imported catalogue"
"ROLEX","m228348rbr-0040","unreviewed","unresolved — no verified source","unresolved — no verified source","unresolved — no verified source","unresolved — no verified source","https://www.rolex.com/en-gb/watches/day-date/m228348rbr-0040","imported catalogue"
"ROLEX","m228348rbr-0042","unreviewed","unresolved — no verified source","unresolved — no verified source","unresolved — no verified source","unresolved — no verified source","https://www.rolex.com/en-gb/watches/day-date/m228348rbr-0042","imported catalogue"
"ROLEX","m228348rbr-0043","unreviewed","unresolved — no verified source","unresolved — no verified source","unresolved — no verified source","unresolved — no verified source","https://www.rolex.com/en-gb/watches/day-date/m228348rbr-0043","imported catalogue"
"ROLEX","m228348rbr-0045","unreviewed","unresolved — no verified source","unresolved — no verified source","unresolved — no verified source","unresolved — no verified source","https://www.rolex.com/en-gb/watches/day-date/m228348rbr-0045","imported catalogue"
"ROLEX","m228348rbr-0046","unreviewed","unresolved — no verified source","unresolved — no verified source","unresolved — no verified source","unresolved — no verified source","https://www.rolex.com/en-gb/watches/day-date/m228348rbr-0046","imported catalogue"
"ROLEX","m228349rbr-0001","unreviewed","unresolved — no verified source","unresolved — no verified source","unresolved — no verified source","unresolved — no verified source","https://www.rolex.com/en-gb/watches/day-date/m228349rbr-0001","imported catalogue"
"ROLEX","m228349rbr-0002","unreviewed","unresolved — no verified source","unresolved — no verified source","unresolved — no verified source","unresolved — no verified source","https://www.rolex.com/en-gb/watches/day-date/m228349rbr-0002","imported catalogue"
"ROLEX","m228349rbr-0003","unreviewed","unresolved — no verified source","unresolved — no verified source","unresolved — no verified source","unresolved — no verified source","https://www.rolex.com/en-gb/watches/day-date/m228349rbr-0003","imported catalogue"
"ROLEX","m228349rbr-0005","unreviewed","unresolved — no verified source","unresolved — no verified source","unresolved — no verified source","unresolved — no verified source","https://www.rolex.com/en-gb/watches/day-date/m228349rbr-0005","imported catalogue"
"ROLEX","m228349rbr-0030","unreviewed","unresolved — no verified source","unresolved — no verified source","unresolved — no verified source","unresolved — no verified source","https://www.rolex.com/en-gb/watches/day-date/m228349rbr-0030","imported catalogue"
"ROLEX","m228349rbr-0036","unreviewed","unresolved — no verified source","unresolved — no verified source","unresolved — no verified source","unresolved — no verified source","https://www.rolex.com/en-gb/watches/day-date/m228349rbr-0036","imported catalogue"
"ROLEX","m228349rbr-0039","unreviewed","unresolved — no verified source","unresolved — no verified source","unresolved — no verified source","unresolved — no verified source","https://www.rolex.com/en-gb/watches/day-date/m228349rbr-0039","imported catalogue"
"ROLEX","m228349rbr-0040","unreviewed","unresolved — no verified source","unresolved — no verified source","unresolved — no verified source","unresolved — no verified source","https://www.rolex.com/en-gb/watches/day-date/m228349rbr-0040","imported catalogue"
"ROLEX","m228349rbr-0041","unreviewed","unresolved — no verified source","unresolved — no verified source","unresolved — no verified source","unresolved — no verified source","https://www.rolex.com/en-gb/watches/day-date/m228349rbr-0041","imported catalogue"
"ROLEX","m228349rbr-0045","unreviewed","unresolved — no verified source","unresolved — no verified source","unresolved — no verified source","unresolved — no verified source","https://www.rolex.com/en-gb/watches/day-date/m228349rbr-0045","imported catalogue"
"ROLEX","m228349rbr-0046","unreviewed","unresolved — no verified source","unresolved — no verified source","unresolved — no verified source","unresolved — no verified source","https://www.rolex.com/en-gb/watches/day-date/m228349rbr-0046","imported catalogue"
"ROLEX","m228396tbr-0002","unreviewed","unresolved — no verified source","unresolved — no verified source","unresolved — no verified source","unresolved — no verified source","https://www.rolex.com/en-gb/watches/day-date/m228396tbr-0002","imported catalogue"
"ROLEX","m228396tbr-0011","unreviewed","unresolved — no verified source","unresolved — no verified source","unresolved — no verified source","unresolved — no verified source","https://www.rolex.com/en-gb/watches/day-date/m228396tbr-0011","imported catalogue"
"ROLEX","m228396tbr-0012","unreviewed","unresolved — no verified source","unresolved — no verified source","unresolved — no verified source","unresolved — no verified source","https://www.rolex.com/en-gb/watches/day-date/m228396tbr-0012","imported catalogue"
"ROLEX","m228396tbr-0018","unreviewed","unresolved — no verified source","unresolved — no verified source","unresolved — no verified source","unresolved — no verified source","https://www.rolex.com/en-gb/watches/day-date/m228396tbr-0018","imported catalogue"
"ROLEX","m228396tbr-0020","unreviewed","unresolved — no verified source","unresolved — no verified source","unresolved — no verified source","unresolved — no verified source","https://www.rolex.com/en-gb/watches/day-date/m228396tbr-0020","imported catalogue"
"ROLEX","m228396tbr-0021","unreviewed","unresolved — no verified source","unresolved — no verified source","unresolved — no verified source","unresolved — no verified source","https://www.rolex.com/en-gb/watches/day-date/m228396tbr-0021","imported catalogue"
"ROLEX","m228396tbr-0024","unreviewed","unresolved — no verified source","unresolved — no verified source","unresolved — no verified source","unresolved — no verified source","https://www.rolex.com/en-gb/watches/day-date/m228396tbr-0024","imported catalogue"
"ROLEX","m228396tbr-0026","unreviewed","unresolved — no verified source","unresolved — no verified source","unresolved — no verified source","unresolved — no verified source","https://www.rolex.com/en-gb/watches/day-date/m228396tbr-0026","imported catalogue"
"ROLEX","m228396tbr-0027","unreviewed","unresolved — no verified source","unresolved — no verified source","unresolved — no verified source","unresolved — no verified source","https://www.rolex.com/en-gb/watches/day-date/m228396tbr-0027","imported catalogue"
"ROLEX","m228396tbr-0030","unreviewed","unresolved — no verified source","unresolved — no verified source","unresolved — no verified source","unresolved — no verified source","https://www.rolex.com/en-gb/watches/day-date/m228396tbr-0030","imported catalogue"
"ROLEX","m228396tbr-0031","unreviewed","unresolved — no verified source","unresolved — no verified source","unresolved — no verified source","unresolved — no verified source","https://www.rolex.com/en-gb/watches/day-date/m228396tbr-0031","imported catalogue"
"ROLEX","m228396tbr-0039","unreviewed","unresolved — no verified source","unresolved — no verified source","unresolved — no verified source","unresolved — no verified source","https://www.rolex.com/en-gb/watches/day-date/m228396tbr-0039","imported catalogue"
"ROLEX","m228396tbr-0042","unreviewed","unresolved — no verified source","unresolved — no verified source","unresolved — no verified source","unresolved — no verified source","https://www.rolex.com/en-gb/watches/day-date/m228396tbr-0042","imported catalogue"
"ROLEX","m228396tbr-0043","unreviewed","unresolved — no verified source","unresolved — no verified source","unresolved — no verified source","unresolved — no verified source","https://www.rolex.com/en-gb/watches/day-date/m228396tbr-0043","imported catalogue"
"ROLEX","m228398tbr-0001","unreviewed","unresolved — no verified source","unresolved — no verified source","unresolved — no verified source","unresolved — no verified source","https://www.rolex.com/en-gb/watches/day-date/m228398tbr-0001","imported catalogue"
"ROLEX","m228398tbr-0002","unreviewed","unresolved — no verified source","unresolved — no verified source","unresolved — no verified source","unresolved — no verified source","https://www.rolex.com/en-gb/watches/day-date/m228398tbr-0002","imported catalogue"
"ROLEX","m228398tbr-0003","unreviewed","unresolved — no verified source","unresolved — no verified source","unresolved — no verified source","unresolved — no verified source","https://www.rolex.com/en-gb/watches/day-date/m228398tbr-0003","imported catalogue"
"ROLEX","m228398tbr-0006","unreviewed","unresolved — no verified source","unresolved — no verified source","unresolved — no verified source","unresolved — no verified source","https://www.rolex.com/en-gb/watches/day-date/m228398tbr-0006","imported catalogue"
"ROLEX","m228398tbr-0007","unreviewed","unresolved — no verified source","unresolved — no verified source","unresolved — no verified source","unresolved — no verified source","https://www.rolex.com/en-gb/watches/day-date/m228398tbr-0007","imported catalogue"
"ROLEX","m228398tbr-0033","unreviewed","unresolved — no verified source","unresolved — no verified source","unresolved — no verified source","unresolved — no verified source","https://www.rolex.com/en-gb/watches/day-date/m228398tbr-0033","imported catalogue"
"ROLEX","m228398tbr-0036","unreviewed","unresolved — no verified source","unresolved — no verified source","unresolved — no verified source","unresolved — no verified source","https://www.rolex.com/en-gb/watches/day-date/m228398tbr-0036","imported catalogue"
"ROLEX","m228398tbr-0038","unreviewed","unresolved — no verified source","unresolved — no verified source","unresolved — no verified source","unresolved — no verified source","https://www.rolex.com/en-gb/watches/day-date/m228398tbr-0038","imported catalogue"
"ROLEX","m228398tbr-0039","unreviewed","unresolved — no verified source","unresolved — no verified source","unresolved — no verified source","unresolved — no verified source","https://www.rolex.com/en-gb/watches/day-date/m228398tbr-0039","imported catalogue"
"ROLEX","m228398tbr-0040","unreviewed","unresolved — no verified source","unresolved — no verified source","unresolved — no verified source","unresolved — no verified source","https://www.rolex.com/en-gb/watches/day-date/m228398tbr-0040","imported catalogue"
"ROLEX","m228398tbr-0041","unreviewed","unresolved — no verified source","unresolved — no verified source","unresolved — no verified source","unresolved — no verified source","https://www.rolex.com/en-gb/watches/day-date/m228398tbr-0041","imported catalogue"
"ROLEX","m228398tbr-0042","unreviewed","unresolved — no verified source","unresolved — no verified source","unresolved — no verified source","unresolved — no verified source","https://www.rolex.com/en-gb/watches/day-date/m228398tbr-0042","imported catalogue"
"ROLEX","m228398tbr-0043","unreviewed","unresolved — no verified source","unresolved — no verified source","unresolved — no verified source","unresolved — no verified source","https://www.rolex.com/en-gb/watches/day-date/m228398tbr-0043","imported catalogue"
"ROLEX","m268621-0003","unreviewed","unresolved — no verified source","unresolved — no verified source","unresolved — no verified source","unresolved — no verified source","https://www.rolex.com/en-gb/watches/yacht-master/m268621-0003","imported catalogue"
"ROLEX","m268621-0004","unreviewed","unresolved — no verified source","unresolved — no verified source","unresolved — no verified source","unresolved — no verified source","https://www.rolex.com/en-gb/watches/yacht-master/m268621-0004","imported catalogue"
"ROLEX","m268622-0002","unreviewed","unresolved — no verified source","unresolved — no verified source","unresolved — no verified source","unresolved — no verified source","https://www.rolex.com/en-gb/watches/yacht-master/m268622-0002","imported catalogue"
"ROLEX","m268655-0017","unreviewed","unresolved — no verified source","unresolved — no verified source","unresolved — no verified source","unresolved — no verified source","https://www.rolex.com/en-gb/watches/yacht-master/m268655-0017","imported catalogue"
"ROLEX","m276200-0001","unreviewed","unresolved — no verified source","unresolved — no verified source","unresolved — no verified source","unresolved — no verified source","https://www.rolex.com/en-gb/watches/oyster-perpetual/m276200-0001","imported catalogue"
"ROLEX","m276200-0006","unreviewed","unresolved — no verified source","unresolved — no verified source","unresolved — no verified source","unresolved — no verified source","https://www.rolex.com/en-gb/watches/oyster-perpetual/m276200-0006","imported catalogue"
"ROLEX","m276200-0007","unreviewed","unresolved — no verified source","unresolved — no verified source","unresolved — no verified source","unresolved — no verified source","https://www.rolex.com/en-gb/watches/oyster-perpetual/m276200-0007","imported catalogue"
"ROLEX","m276200-0008","unreviewed","unresolved — no verified source","unresolved — no verified source","unresolved — no verified source","unresolved — no verified source","https://www.rolex.com/en-gb/watches/oyster-perpetual/m276200-0008","imported catalogue"
"ROLEX","m276200-0009","unreviewed","unresolved — no verified source","unresolved — no verified source","unresolved — no verified source","unresolved — no verified source","https://www.rolex.com/en-gb/watches/oyster-perpetual/m276200-0009","imported catalogue"
"ROLEX","m276200-0010","unreviewed","unresolved — no verified source","unresolved — no verified source","unresolved — no verified source","unresolved — no verified source","https://www.rolex.com/en-gb/watches/oyster-perpetual/m276200-0010","imported catalogue"
"ROLEX","m276200-0011","unreviewed","unresolved — no verified source","unresolved — no verified source","unresolved — no verified source","unresolved — no verified source","https://www.rolex.com/en-gb/watches/oyster-perpetual/m276200-0011","imported catalogue"
"ROLEX","m276205-0001","unreviewed","unresolved — no verified source","unresolved — no verified source","unresolved — no verified source","unresolved — no verified source","https://www.rolex.com/en-gb/watches/oyster-perpetual/m276205-0001","imported catalogue"
"ROLEX","m276205-0002","unreviewed","unresolved — no verified source","unresolved — no verified source","unresolved — no verified source","unresolved — no verified source","https://www.rolex.com/en-gb/watches/oyster-perpetual/m276205-0002","imported catalogue"
"ROLEX","m276208-0001","unreviewed","unresolved — no verified source","unresolved — no verified source","unresolved — no verified source","unresolved — no verified source","https://www.rolex.com/en-gb/watches/oyster-perpetual/m276208-0001","imported catalogue"
"ROLEX","m276208-0002","unreviewed","unresolved — no verified source","unresolved — no verified source","unresolved — no verified source","unresolved — no verified source","https://www.rolex.com/en-gb/watches/oyster-perpetual/m276208-0002","imported catalogue"
"ROLEX","m276245rbr-0001","unreviewed","unresolved — no verified source","unresolved — no verified source","unresolved — no verified source","unresolved — no verified source","https://www.rolex.com/en-gb/watches/oyster-perpetual/m276245rbr-0001","imported catalogue"
"ROLEX","m276245rbr-0002","unreviewed","unresolved — no verified source","unresolved — no verified source","unresolved — no verified source","unresolved — no verified source","https://www.rolex.com/en-gb/watches/oyster-perpetual/m276245rbr-0002","imported catalogue"
"ROLEX","m276248rbr-0001","unreviewed","unresolved — no verified source","unresolved — no verified source","unresolved — no verified source","unresolved — no verified source","https://www.rolex.com/en-gb/watches/oyster-perpetual/m276248rbr-0001","imported catalogue"
"ROLEX","m276248rbr-0002","unreviewed","unresolved — no verified source","unresolved — no verified source","unresolved — no verified source","unresolved — no verified source","https://www.rolex.com/en-gb/watches/oyster-perpetual/m276248rbr-0002","imported catalogue"
"ROLEX","m277200-0001","unreviewed","unresolved — no verified source","unresolved — no verified source","unresolved — no verified source","unresolved — no verified source","https://www.rolex.com/en-gb/watches/oyster-perpetual/m277200-0001","imported catalogue"
"ROLEX","m277200-0006","unreviewed","unresolved — no verified source","unresolved — no verified source","unresolved — no verified source","unresolved — no verified source","https://www.rolex.com/en-gb/watches/oyster-perpetual/m277200-0006","imported catalogue"
"ROLEX","m277200-0007","unreviewed","unresolved — no verified source","unresolved — no verified source","unresolved — no verified source","unresolved — no verified source","https://www.rolex.com/en-gb/watches/oyster-perpetual/m277200-0007","imported catalogue"
"ROLEX","m277200-0009","unreviewed","unresolved — no verified source","unresolved — no verified source","unresolved — no verified source","unresolved — no verified source","https://www.rolex.com/en-gb/watches/oyster-perpetual/m277200-0009","imported catalogue"
"ROLEX","m277200-0012","unreviewed","unresolved — no verified source","unresolved — no verified source","unresolved — no verified source","unresolved — no verified source","https://www.rolex.com/en-gb/watches/oyster-perpetual/m277200-0012","imported catalogue"
"ROLEX","m277200-0013","unreviewed","unresolved — no verified source","unresolved — no verified source","unresolved — no verified source","unresolved — no verified source","https://www.rolex.com/en-gb/watches/oyster-perpetual/m277200-0013","imported catalogue"
"ROLEX","m277200-0014","unreviewed","unresolved — no verified source","unresolved — no verified source","unresolved — no verified source","unresolved — no verified source","https://www.rolex.com/en-gb/watches/oyster-perpetual/m277200-0014","imported catalogue"
"ROLEX","m277200-0016","unreviewed","unresolved — no verified source","unresolved — no verified source","unresolved — no verified source","unresolved — no verified source","https://www.rolex.com/en-gb/watches/oyster-perpetual/m277200-0016","imported catalogue"
"ROLEX","m277200-0017","unreviewed","unresolved — no verified source","unresolved — no verified source","unresolved — no verified source","unresolved — no verified source","https://www.rolex.com/en-gb/watches/oyster-perpetual/m277200-0017","imported catalogue"
"ROLEX","m277200-0019","unreviewed","unresolved — no verified source","unresolved — no verified source","unresolved — no verified source","unresolved — no verified source","https://www.rolex.com/en-gb/watches/oyster-perpetual/m277200-0019","imported catalogue"
"ROLEX","m277203-0001","unreviewed","unresolved — no verified source","unresolved — no verified source","unresolved — no verified source","unresolved — no verified source","https://www.rolex.com/en-gb/watches/oyster-perpetual/m277203-0001","imported catalogue"
"ROLEX","m278240-0001","unreviewed","unresolved — no verified source","unresolved — no verified source","unresolved — no verified source","unresolved — no verified source","https://www.rolex.com/en-gb/watches/datejust/m278240-0001","imported catalogue"
"ROLEX","m278240-0002","unreviewed","unresolved — no verified source","unresolved — no verified source","unresolved — no verified source","unresolved — no verified source","https://www.rolex.com/en-gb/watches/datejust/m278240-0002","imported catalogue"
"ROLEX","m278240-0003","unreviewed","unresolved — no verified source","unresolved — no verified source","unresolved — no verified source","unresolved — no verified source","https://www.rolex.com/en-gb/watches/datejust/m278240-0003","imported catalogue"
"ROLEX","m278240-0004","unreviewed","unresolved — no verified source","unresolved — no verified source","unresolved — no verified source","unresolved — no verified source","https://www.rolex.com/en-gb/watches/datejust/m278240-0004","imported catalogue"
"ROLEX","m278240-0005","unreviewed","unresolved — no verified source","unresolved — no verified source","unresolved — no verified source","unresolved — no verified source","https://www.rolex.com/en-gb/watches/datejust/m278240-0005","imported catalogue"
"ROLEX","m278240-0006","unreviewed","unresolved — no verified source","unresolved — no verified source","unresolved — no verified source","unresolved — no verified source","https://www.rolex.com/en-gb/watches/datejust/m278240-0006","imported catalogue"
"ROLEX","m278240-0007","unreviewed","unresolved — no verified source","unresolved — no verified source","unresolved — no verified source","unresolved — no verified source","https://www.rolex.com/en-gb/watches/datejust/m278240-0007","imported catalogue"
"ROLEX","m278240-0008","unreviewed","unresolved — no verified source","unresolved — no verified source","unresolved — no verified source","unresolved — no verified source","https://www.rolex.com/en-gb/watches/datejust/m278240-0008","imported catalogue"
"ROLEX","m278240-0009","unreviewed","unresolved — no verified source","unresolved — no verified source","unresolved — no verified source","unresolved — no verified source","https://www.rolex.com/en-gb/watches/datejust/m278240-0009","imported catalogue"
"ROLEX","m278240-0010","unreviewed","unresolved — no verified source","unresolved — no verified source","unresolved — no verified source","unresolved — no verified source","https://www.rolex.com/en-gb/watches/datejust/m278240-0010","imported catalogue"
"ROLEX","m278240-0011","unreviewed","unresolved — no verified source","unresolved — no verified source","unresolved — no verified source","unresolved — no verified source","https://www.rolex.com/en-gb/watches/datejust/m278240-0011","imported catalogue"
"ROLEX","m278240-0012","unreviewed","unresolved — no verified source","unresolved — no verified source","unresolved — no verified source","unresolved — no verified source","https://www.rolex.com/en-gb/watches/datejust/m278240-0012","imported catalogue"
"ROLEX","m278240-0013","unreviewed","unresolved — no verified source","unresolved — no verified source","unresolved — no verified source","unresolved — no verified source","https://www.rolex.com/en-gb/watches/datejust/m278240-0013","imported catalogue"
"ROLEX","m278240-0014","unreviewed","unresolved — no verified source","unresolved — no verified source","unresolved — no verified source","unresolved — no verified source","https://www.rolex.com/en-gb/watches/datejust/m278240-0014","imported catalogue"
"ROLEX","m278240-0015","unreviewed","unresolved — no verified source","unresolved — no verified source","unresolved — no verified source","unresolved — no verified source","https://www.rolex.com/en-gb/watches/datejust/m278240-0015","imported catalogue"
"ROLEX","m278240-0016","unreviewed","unresolved — no verified source","unresolved — no verified source","unresolved — no verified source","unresolved — no verified source","https://www.rolex.com/en-gb/watches/datejust/m278240-0016","imported catalogue"
"ROLEX","m278240-0017","unreviewed","unresolved — no verified source","unresolved — no verified source","unresolved — no verified source","unresolved — no verified source","https://www.rolex.com/en-gb/watches/datejust/m278240-0017","imported catalogue"
"ROLEX","m278240-0018","unreviewed","unresolved — no verified source","unresolved — no verified source","unresolved — no verified source","unresolved — no verified source","https://www.rolex.com/en-gb/watches/datejust/m278240-0018","imported catalogue"
"ROLEX","m278241-0001","unreviewed","unresolved — no verified source","unresolved — no verified source","unresolved — no verified source","unresolved — no verified source","https://www.rolex.com/en-gb/watches/datejust/m278241-0001","imported catalogue"
"ROLEX","m278241-0002","unreviewed","unresolved — no verified source","unresolved — no verified source","unresolved — no verified source","unresolved — no verified source","https://www.rolex.com/en-gb/watches/datejust/m278241-0002","imported catalogue"
"ROLEX","m278241-0003","unreviewed","unresolved — no verified source","unresolved — no verified source","unresolved — no verified source","unresolved — no verified source","https://www.rolex.com/en-gb/watches/datejust/m278241-0003","imported catalogue"
"ROLEX","m278241-0004","unreviewed","unresolved — no verified source","unresolved — no verified source","unresolved — no verified source","unresolved — no verified source","https://www.rolex.com/en-gb/watches/datejust/m278241-0004","imported catalogue"
"ROLEX","m278241-0005","unreviewed","unresolved — no verified source","unresolved — no verified source","unresolved — no verified source","unresolved — no verified source","https://www.rolex.com/en-gb/watches/datejust/m278241-0005","imported catalogue"
"ROLEX","m278241-0006","unreviewed","unresolved — no verified source","unresolved — no verified source","unresolved — no verified source","unresolved — no verified source","https://www.rolex.com/en-gb/watches/datejust/m278241-0006","imported catalogue"
"ROLEX","m278241-0009","unreviewed","unresolved — no verified source","unresolved — no verified source","unresolved — no verified source","unresolved — no verified source","https://www.rolex.com/en-gb/watches/datejust/m278241-0009","imported catalogue"
"ROLEX","m278241-0010","unreviewed","unresolved — no verified source","unresolved — no verified source","unresolved — no verified source","unresolved — no verified source","https://www.rolex.com/en-gb/watches/datejust/m278241-0010","imported catalogue"
"ROLEX","m278241-0015","unreviewed","unresolved — no verified source","unresolved — no verified source","unresolved — no verified source","unresolved — no verified source","https://www.rolex.com/en-gb/watches/datejust/m278241-0015","imported catalogue"
"ROLEX","m278241-0016","unreviewed","unresolved — no verified source","unresolved — no verified source","unresolved — no verified source","unresolved — no verified source","https://www.rolex.com/en-gb/watches/datejust/m278241-0016","imported catalogue"
"ROLEX","m278241-0017","unreviewed","unresolved — no verified source","unresolved — no verified source","unresolved — no verified source","unresolved — no verified source","https://www.rolex.com/en-gb/watches/datejust/m278241-0017","imported catalogue"
"ROLEX","m278241-0018","unreviewed","unresolved — no verified source","unresolved — no verified source","unresolved — no verified source","unresolved — no verified source","https://www.rolex.com/en-gb/watches/datejust/m278241-0018","imported catalogue"
"ROLEX","m278241-0019","unreviewed","unresolved — no verified source","unresolved — no verified source","unresolved — no verified source","unresolved — no verified source","https://www.rolex.com/en-gb/watches/datejust/m278241-0019","imported catalogue"
"ROLEX","m278241-0020","unreviewed","unresolved — no verified source","unresolved — no verified source","unresolved — no verified source","unresolved — no verified source","https://www.rolex.com/en-gb/watches/datejust/m278241-0020","imported catalogue"
"ROLEX","m278241-0023","unreviewed","unresolved — no verified source","unresolved — no verified source","unresolved — no verified source","unresolved — no verified source","https://www.rolex.com/en-gb/watches/datejust/m278241-0023","imported catalogue"
"ROLEX","m278241-0024","unreviewed","unresolved — no verified source","unresolved — no verified source","unresolved — no verified source","unresolved — no verified source","https://www.rolex.com/en-gb/watches/datejust/m278241-0024","imported catalogue"
"ROLEX","m278241-0025","unreviewed","unresolved — no verified source","unresolved — no verified source","unresolved — no verified source","unresolved — no verified source","https://www.rolex.com/en-gb/watches/datejust/m278241-0025","imported catalogue"
"ROLEX","m278241-0026","unreviewed","unresolved — no verified source","unresolved — no verified source","unresolved — no verified source","unresolved — no verified source","https://www.rolex.com/en-gb/watches/datejust/m278241-0026","imported catalogue"
"ROLEX","m278241-0027","unreviewed","unresolved — no verified source","unresolved — no verified source","unresolved — no verified source","unresolved — no verified source","https://www.rolex.com/en-gb/watches/datejust/m278241-0027","imported catalogue"
"ROLEX","m278241-0028","unreviewed","unresolved — no verified source","unresolved — no verified source","unresolved — no verified source","unresolved — no verified source","https://www.rolex.com/en-gb/watches/datejust/m278241-0028","imported catalogue"
"ROLEX","m278241-0029","unreviewed","unresolved — no verified source","unresolved — no verified source","unresolved — no verified source","unresolved — no verified source","https://www.rolex.com/en-gb/watches/datejust/m278241-0029","imported catalogue"
"ROLEX","m278241-0030","unreviewed","unresolved — no verified source","unresolved — no verified source","unresolved — no verified source","unresolved — no verified source","https://www.rolex.com/en-gb/watches/datejust/m278241-0030","imported catalogue"
"ROLEX","m278243-0001","unreviewed","unresolved — no verified source","unresolved — no verified source","unresolved — no verified source","unresolved — no verified source","https://www.rolex.com/en-gb/watches/datejust/m278243-0001","imported catalogue"
"ROLEX","m278243-0002","unreviewed","unresolved — no verified source","unresolved — no verified source","unresolved — no verified source","unresolved — no verified source","https://www.rolex.com/en-gb/watches/datejust/m278243-0002","imported catalogue"
"ROLEX","m278243-0003","unreviewed","unresolved — no verified source","unresolved — no verified source","unresolved — no verified source","unresolved — no verified source","https://www.rolex.com/en-gb/watches/datejust/m278243-0003","imported catalogue"
"ROLEX","m278243-0004","unreviewed","unresolved — no verified source","unresolved — no verified source","unresolved — no verified source","unresolved — no verified source","https://www.rolex.com/en-gb/watches/datejust/m278243-0004","imported catalogue"
"ROLEX","m278243-0013","unreviewed","unresolved — no verified source","unresolved — no verified source","unresolved — no verified source","unresolved — no verified source","https://www.rolex.com/en-gb/watches/datejust/m278243-0013","imported catalogue"
"ROLEX","m278243-0014","unreviewed","unresolved — no verified source","unresolved — no verified source","unresolved — no verified source","unresolved — no verified source","https://www.rolex.com/en-gb/watches/datejust/m278243-0014","imported catalogue"
"ROLEX","m278243-0015","unreviewed","unresolved — no verified source","unresolved — no verified source","unresolved — no verified source","unresolved — no verified source","https://www.rolex.com/en-gb/watches/datejust/m278243-0015","imported catalogue"
"ROLEX","m278243-0016","unreviewed","unresolved — no verified source","unresolved — no verified source","unresolved — no verified source","unresolved — no verified source","https://www.rolex.com/en-gb/watches/datejust/m278243-0016","imported catalogue"
"ROLEX","m278243-0017","unreviewed","unresolved — no verified source","unresolved — no verified source","unresolved — no verified source","unresolved — no verified source","https://www.rolex.com/en-gb/watches/datejust/m278243-0017","imported catalogue"
"ROLEX","m278243-0018","unreviewed","unresolved — no verified source","unresolved — no verified source","unresolved — no verified source","unresolved — no verified source","https://www.rolex.com/en-gb/watches/datejust/m278243-0018","imported catalogue"
"ROLEX","m278243-0019","unreviewed","unresolved — no verified source","unresolved — no verified source","unresolved — no verified source","unresolved — no verified source","https://www.rolex.com/en-gb/watches/datejust/m278243-0019","imported catalogue"
"ROLEX","m278243-0020","unreviewed","unresolved — no verified source","unresolved — no verified source","unresolved — no verified source","unresolved — no verified source","https://www.rolex.com/en-gb/watches/datejust/m278243-0020","imported catalogue"
"ROLEX","m278243-0021","unreviewed","unresolved — no verified source","unresolved — no verified source","unresolved — no verified source","unresolved — no verified source","https://www.rolex.com/en-gb/watches/datejust/m278243-0021","imported catalogue"
"ROLEX","m278243-0022","unreviewed","unresolved — no verified source","unresolved — no verified source","unresolved — no verified source","unresolved — no verified source","https://www.rolex.com/en-gb/watches/datejust/m278243-0022","imported catalogue"
"ROLEX","m278243-0023","unreviewed","unresolved — no verified source","unresolved — no verified source","unresolved — no verified source","unresolved — no verified source","https://www.rolex.com/en-gb/watches/datejust/m278243-0023","imported catalogue"
"ROLEX","m278243-0024","unreviewed","unresolved — no verified source","unresolved — no verified source","unresolved — no verified source","unresolved — no verified source","https://www.rolex.com/en-gb/watches/datejust/m278243-0024","imported catalogue"
"ROLEX","m278243-0025","unreviewed","unresolved — no verified source","unresolved — no verified source","unresolved — no verified source","unresolved — no verified source","https://www.rolex.com/en-gb/watches/datejust/m278243-0025","imported catalogue"
"ROLEX","m278243-0026","unreviewed","unresolved — no verified source","unresolved — no verified source","unresolved — no verified source","unresolved — no verified source","https://www.rolex.com/en-gb/watches/datejust/m278243-0026","imported catalogue"
"ROLEX","m278243-0027","unreviewed","unresolved — no verified source","unresolved — no verified source","unresolved — no verified source","unresolved — no verified source","https://www.rolex.com/en-gb/watches/datejust/m278243-0027","imported catalogue"
"ROLEX","m278243-0028","unreviewed","unresolved — no verified source","unresolved — no verified source","unresolved — no verified source","unresolved — no verified source","https://www.rolex.com/en-gb/watches/datejust/m278243-0028","imported catalogue"
"ROLEX","m278243-0029","unreviewed","unresolved — no verified source","unresolved — no verified source","unresolved — no verified source","unresolved — no verified source","https://www.rolex.com/en-gb/watches/datejust/m278243-0029","imported catalogue"
"ROLEX","m278243-0030","unreviewed","unresolved — no verified source","unresolved — no verified source","unresolved — no verified source","unresolved — no verified source","https://www.rolex.com/en-gb/watches/datejust/m278243-0030","imported catalogue"
"ROLEX","m278271-0001","unreviewed","unresolved — no verified source","unresolved — no verified source","unresolved — no verified source","unresolved — no verified source","https://www.rolex.com/en-gb/watches/datejust/m278271-0001","imported catalogue"
"ROLEX","m278271-0002","unreviewed","unresolved — no verified source","unresolved — no verified source","unresolved — no verified source","unresolved — no verified source","https://www.rolex.com/en-gb/watches/datejust/m278271-0002","imported catalogue"
"ROLEX","m278271-0003","unreviewed","unresolved — no verified source","unresolved — no verified source","unresolved — no verified source","unresolved — no verified source","https://www.rolex.com/en-gb/watches/datejust/m278271-0003","imported catalogue"
"ROLEX","m278271-0004","unreviewed","unresolved — no verified source","unresolved — no verified source","unresolved — no verified source","unresolved — no verified source","https://www.rolex.com/en-gb/watches/datejust/m278271-0004","imported catalogue"
"ROLEX","m278271-0005","unreviewed","unresolved — no verified source","unresolved — no verified source","unresolved — no verified source","unresolved — no verified source","https://www.rolex.com/en-gb/watches/datejust/m278271-0005","imported catalogue"
"ROLEX","m278271-0006","unreviewed","unresolved — no verified source","unresolved — no verified source","unresolved — no verified source","unresolved — no verified source","https://www.rolex.com/en-gb/watches/datejust/m278271-0006","imported catalogue"
"ROLEX","m278271-0009","unreviewed","unresolved — no verified source","unresolved — no verified source","unresolved — no verified source","unresolved — no verified source","https://www.rolex.com/en-gb/watches/datejust/m278271-0009","imported catalogue"
"ROLEX","m278271-0010","unreviewed","unresolved — no verified source","unresolved — no verified source","unresolved — no verified source","unresolved — no verified source","https://www.rolex.com/en-gb/watches/datejust/m278271-0010","imported catalogue"
"ROLEX","m278271-0015","unreviewed","unresolved — no verified source","unresolved — no verified source","unresolved — no verified source","unresolved — no verified source","https://www.rolex.com/en-gb/watches/datejust/m278271-0015","imported catalogue"
"ROLEX","m278271-0016","unreviewed","unresolved — no verified source","unresolved — no verified source","unresolved — no verified source","unresolved — no verified source","https://www.rolex.com/en-gb/watches/datejust/m278271-0016","imported catalogue"
"ROLEX","m278271-0017","unreviewed","unresolved — no verified source","unresolved — no verified source","unresolved — no verified source","unresolved — no verified source","https://www.rolex.com/en-gb/watches/datejust/m278271-0017","imported catalogue"
"ROLEX","m278271-0018","unreviewed","unresolved — no verified source","unresolved — no verified source","unresolved — no verified source","unresolved — no verified source","https://www.rolex.com/en-gb/watches/datejust/m278271-0018","imported catalogue"
"ROLEX","m278271-0019","unreviewed","unresolved — no verified source","unresolved — no verified source","unresolved — no verified source","unresolved — no verified source","https://www.rolex.com/en-gb/watches/datejust/m278271-0019","imported catalogue"
"ROLEX","m278271-0020","unreviewed","unresolved — no verified source","unresolved — no verified source","unresolved — no verified source","unresolved — no verified source","https://www.rolex.com/en-gb/watches/datejust/m278271-0020","imported catalogue"
"ROLEX","m278271-0023","unreviewed","unresolved — no verified source","unresolved — no verified source","unresolved — no verified source","unresolved — no verified source","https://www.rolex.com/en-gb/watches/datejust/m278271-0023","imported catalogue"
"ROLEX","m278271-0024","unreviewed","unresolved — no verified source","unresolved — no verified source","unresolved — no verified source","unresolved — no verified source","https://www.rolex.com/en-gb/watches/datejust/m278271-0024","imported catalogue"
"ROLEX","m278271-0025","unreviewed","unresolved — no verified source","unresolved — no verified source","unresolved — no verified source","unresolved — no verified source","https://www.rolex.com/en-gb/watches/datejust/m278271-0025","imported catalogue"
"ROLEX","m278271-0026","unreviewed","unresolved — no verified source","unresolved — no verified source","unresolved — no verified source","unresolved — no verified source","https://www.rolex.com/en-gb/watches/datejust/m278271-0026","imported catalogue"
"ROLEX","m278271-0027","unreviewed","unresolved — no verified source","unresolved — no verified source","unresolved — no verified source","unresolved — no verified source","https://www.rolex.com/en-gb/watches/datejust/m278271-0027","imported catalogue"
"ROLEX","m278271-0028","unreviewed","unresolved — no verified source","unresolved — no verified source","unresolved — no verified source","unresolved — no verified source","https://www.rolex.com/en-gb/watches/datejust/m278271-0028","imported catalogue"
"ROLEX","m278271-0029","unreviewed","unresolved — no verified source","unresolved — no verified source","unresolved — no verified source","unresolved — no verified source","https://www.rolex.com/en-gb/watches/datejust/m278271-0029","imported catalogue"
"ROLEX","m278271-0030","unreviewed","unresolved — no verified source","unresolved — no verified source","unresolved — no verified source","unresolved — no verified source","https://www.rolex.com/en-gb/watches/datejust/m278271-0030","imported catalogue"
"ROLEX","m278273-0001","unreviewed","unresolved — no verified source","unresolved — no verified source","unresolved — no verified source","unresolved — no verified source","https://www.rolex.com/en-gb/watches/datejust/m278273-0001","imported catalogue"
"ROLEX","m278273-0002","unreviewed","unresolved — no verified source","unresolved — no verified source","unresolved — no verified source","unresolved — no verified source","https://www.rolex.com/en-gb/watches/datejust/m278273-0002","imported catalogue"
"ROLEX","m278273-0003","unreviewed","unresolved — no verified source","unresolved — no verified source","unresolved — no verified source","unresolved — no verified source","https://www.rolex.com/en-gb/watches/datejust/m278273-0003","imported catalogue"
"ROLEX","m278273-0004","unreviewed","unresolved — no verified source","unresolved — no verified source","unresolved — no verified source","unresolved — no verified source","https://www.rolex.com/en-gb/watches/datejust/m278273-0004","imported catalogue"
"ROLEX","m278273-0013","unreviewed","unresolved — no verified source","unresolved — no verified source","unresolved — no verified source","unresolved — no verified source","https://www.rolex.com/en-gb/watches/datejust/m278273-0013","imported catalogue"
"ROLEX","m278273-0014","unreviewed","unresolved — no verified source","unresolved — no verified source","unresolved — no verified source","unresolved — no verified source","https://www.rolex.com/en-gb/watches/datejust/m278273-0014","imported catalogue"
"ROLEX","m278273-0015","unreviewed","unresolved — no verified source","unresolved — no verified source","unresolved — no verified source","unresolved — no verified source","https://www.rolex.com/en-gb/watches/datejust/m278273-0015","imported catalogue"
"ROLEX","m278273-0016","unreviewed","unresolved — no verified source","unresolved — no verified source","unresolved — no verified source","unresolved — no verified source","https://www.rolex.com/en-gb/watches/datejust/m278273-0016","imported catalogue"
"ROLEX","m278273-0017","unreviewed","unresolved — no verified source","unresolved — no verified source","unresolved — no verified source","unresolved — no verified source","https://www.rolex.com/en-gb/watches/datejust/m278273-0017","imported catalogue"
"ROLEX","m278273-0018","unreviewed","unresolved — no verified source","unresolved — no verified source","unresolved — no verified source","unresolved — no verified source","https://www.rolex.com/en-gb/watches/datejust/m278273-0018","imported catalogue"
"ROLEX","m278273-0019","unreviewed","unresolved — no verified source","unresolved — no verified source","unresolved — no verified source","unresolved — no verified source","https://www.rolex.com/en-gb/watches/datejust/m278273-0019","imported catalogue"
"ROLEX","m278273-0020","unreviewed","unresolved — no verified source","unresolved — no verified source","unresolved — no verified source","unresolved — no verified source","https://www.rolex.com/en-gb/watches/datejust/m278273-0020","imported catalogue"
"ROLEX","m278273-0021","unreviewed","unresolved — no verified source","unresolved — no verified source","unresolved — no verified source","unresolved — no verified source","https://www.rolex.com/en-gb/watches/datejust/m278273-0021","imported catalogue"
"ROLEX","m278273-0022","unreviewed","unresolved — no verified source","unresolved — no verified source","unresolved — no verified source","unresolved — no verified source","https://www.rolex.com/en-gb/watches/datejust/m278273-0022","imported catalogue"
"ROLEX","m278273-0023","unreviewed","unresolved — no verified source","unresolved — no verified source","unresolved — no verified source","unresolved — no verified source","https://www.rolex.com/en-gb/watches/datejust/m278273-0023","imported catalogue"
"ROLEX","m278273-0024","unreviewed","unresolved — no verified source","unresolved — no verified source","unresolved — no verified source","unresolved — no verified source","https://www.rolex.com/en-gb/watches/datejust/m278273-0024","imported catalogue"
"ROLEX","m278273-0025","unreviewed","unresolved — no verified source","unresolved — no verified source","unresolved — no verified source","unresolved — no verified source","https://www.rolex.com/en-gb/watches/datejust/m278273-0025","imported catalogue"
"ROLEX","m278273-0026","unreviewed","unresolved — no verified source","unresolved — no verified source","unresolved — no verified source","unresolved — no verified source","https://www.rolex.com/en-gb/watches/datejust/m278273-0026","imported catalogue"
"ROLEX","m278273-0027","unreviewed","unresolved — no verified source","unresolved — no verified source","unresolved — no verified source","unresolved — no verified source","https://www.rolex.com/en-gb/watches/datejust/m278273-0027","imported catalogue"
"ROLEX","m278273-0028","unreviewed","unresolved — no verified source","unresolved — no verified source","unresolved — no verified source","unresolved — no verified source","https://www.rolex.com/en-gb/watches/datejust/m278273-0028","imported catalogue"
"ROLEX","m278273-0029","unreviewed","unresolved — no verified source","unresolved — no verified source","unresolved — no verified source","unresolved — no verified source","https://www.rolex.com/en-gb/watches/datejust/m278273-0029","imported catalogue"
"ROLEX","m278273-0030","unreviewed","unresolved — no verified source","unresolved — no verified source","unresolved — no verified source","unresolved — no verified source","https://www.rolex.com/en-gb/watches/datejust/m278273-0030","imported catalogue"
"ROLEX","m278274-0001","unreviewed","unresolved — no verified source","unresolved — no verified source","unresolved — no verified source","unresolved — no verified source","https://www.rolex.com/en-gb/watches/datejust/m278274-0001","imported catalogue"
"ROLEX","m278274-0002","unreviewed","unresolved — no verified source","unresolved — no verified source","unresolved — no verified source","unresolved — no verified source","https://www.rolex.com/en-gb/watches/datejust/m278274-0002","imported catalogue"
"ROLEX","m278274-0005","unreviewed","unresolved — no verified source","unresolved — no verified source","unresolved — no verified source","unresolved — no verified source","https://www.rolex.com/en-gb/watches/datejust/m278274-0005","imported catalogue"
"ROLEX","m278274-0006","unreviewed","unresolved — no verified source","unresolved — no verified source","unresolved — no verified source","unresolved — no verified source","https://www.rolex.com/en-gb/watches/datejust/m278274-0006","imported catalogue"
"ROLEX","m278274-0007","unreviewed","unresolved — no verified source","unresolved — no verified source","unresolved — no verified source","unresolved — no verified source","https://www.rolex.com/en-gb/watches/datejust/m278274-0007","imported catalogue"
"ROLEX","m278274-0008","unreviewed","unresolved — no verified source","unresolved — no verified source","unresolved — no verified source","unresolved — no verified source","https://www.rolex.com/en-gb/watches/datejust/m278274-0008","imported catalogue"
"ROLEX","m278274-0009","unreviewed","unresolved — no verified source","unresolved — no verified source","unresolved — no verified source","unresolved — no verified source","https://www.rolex.com/en-gb/watches/datejust/m278274-0009","imported catalogue"
"ROLEX","m278274-0010","unreviewed","unresolved — no verified source","unresolved — no verified source","unresolved — no verified source","unresolved — no verified source","https://www.rolex.com/en-gb/watches/datejust/m278274-0010","imported catalogue"
"ROLEX","m278274-0011","unreviewed","unresolved — no verified source","unresolved — no verified source","unresolved — no verified source","unresolved — no verified source","https://www.rolex.com/en-gb/watches/datejust/m278274-0011","imported catalogue"
"ROLEX","m278274-0012","unreviewed","unresolved — no verified source","unresolved — no verified source","unresolved — no verified source","unresolved — no verified source","https://www.rolex.com/en-gb/watches/datejust/m278274-0012","imported catalogue"
"ROLEX","m278274-0013","unreviewed","unresolved — no verified source","unresolved — no verified source","unresolved — no verified source","unresolved — no verified source","https://www.rolex.com/en-gb/watches/datejust/m278274-0013","imported catalogue"
"ROLEX","m278274-0014","unreviewed","unresolved — no verified source","unresolved — no verified source","unresolved — no verified source","unresolved — no verified source","https://www.rolex.com/en-gb/watches/datejust/m278274-0014","imported catalogue"
"ROLEX","m278274-0015","unreviewed","unresolved — no verified source","unresolved — no verified source","unresolved — no verified source","unresolved — no verified source","https://www.rolex.com/en-gb/watches/datejust/m278274-0015","imported catalogue"
"ROLEX","m278274-0016","unreviewed","unresolved — no verified source","unresolved — no verified source","unresolved — no verified source","unresolved — no verified source","https://www.rolex.com/en-gb/watches/datejust/m278274-0016","imported catalogue"
"ROLEX","m278274-0017","unreviewed","unresolved — no verified source","unresolved — no verified source","unresolved — no verified source","unresolved — no verified source","https://www.rolex.com/en-gb/watches/datejust/m278274-0017","imported catalogue"
"ROLEX","m278274-0018","unreviewed","unresolved — no verified source","unresolved — no verified source","unresolved — no verified source","unresolved — no verified source","https://www.rolex.com/en-gb/watches/datejust/m278274-0018","imported catalogue"
"ROLEX","m278274-0019","unreviewed","unresolved — no verified source","unresolved — no verified source","unresolved — no verified source","unresolved — no verified source","https://www.rolex.com/en-gb/watches/datejust/m278274-0019","imported catalogue"
"ROLEX","m278274-0020","unreviewed","unresolved — no verified source","unresolved — no verified source","unresolved — no verified source","unresolved — no verified source","https://www.rolex.com/en-gb/watches/datejust/m278274-0020","imported catalogue"
"ROLEX","m278274-0021","unreviewed","unresolved — no verified source","unresolved — no verified source","unresolved — no verified source","unresolved — no verified source","https://www.rolex.com/en-gb/watches/datejust/m278274-0021","imported catalogue"
"ROLEX","m278274-0022","unreviewed","unresolved — no verified source","unresolved — no verified source","unresolved — no verified source","unresolved — no verified source","https://www.rolex.com/en-gb/watches/datejust/m278274-0022","imported catalogue"
"ROLEX","m278274-0023","unreviewed","unresolved — no verified source","unresolved — no verified source","unresolved — no verified source","unresolved — no verified source","https://www.rolex.com/en-gb/watches/datejust/m278274-0023","imported catalogue"
"ROLEX","m278274-0024","unreviewed","unresolved — no verified source","unresolved — no verified source","unresolved — no verified source","unresolved — no verified source","https://www.rolex.com/en-gb/watches/datejust/m278274-0024","imported catalogue"
"ROLEX","m278274-0025","unreviewed","unresolved — no verified source","unresolved — no verified source","unresolved — no verified source","unresolved — no verified source","https://www.rolex.com/en-gb/watches/datejust/m278274-0025","imported catalogue"
"ROLEX","m278274-0026","unreviewed","unresolved — no verified source","unresolved — no verified source","unresolved — no verified source","unresolved — no verified source","https://www.rolex.com/en-gb/watches/datejust/m278274-0026","imported catalogue"
"ROLEX","m278274-0027","unreviewed","unresolved — no verified source","unresolved — no verified source","unresolved — no verified source","unresolved — no verified source","https://www.rolex.com/en-gb/watches/datejust/m278274-0027","imported catalogue"
"ROLEX","m278274-0028","unreviewed","unresolved — no verified source","unresolved — no verified source","unresolved — no verified source","unresolved — no verified source","https://www.rolex.com/en-gb/watches/datejust/m278274-0028","imported catalogue"
"ROLEX","m278274-0029","unreviewed","unresolved — no verified source","unresolved — no verified source","unresolved — no verified source","unresolved — no verified source","https://www.rolex.com/en-gb/watches/datejust/m278274-0029","imported catalogue"
"ROLEX","m278274-0030","unreviewed","unresolved — no verified source","unresolved — no verified source","unresolved — no verified source","unresolved — no verified source","https://www.rolex.com/en-gb/watches/datejust/m278274-0030","imported catalogue"
"ROLEX","m278274-0031","unreviewed","unresolved — no verified source","unresolved — no verified source","unresolved — no verified source","unresolved — no verified source","https://www.rolex.com/en-gb/watches/datejust/m278274-0031","imported catalogue"
"ROLEX","m278274-0032","unreviewed","unresolved — no verified source","unresolved — no verified source","unresolved — no verified source","unresolved — no verified source","https://www.rolex.com/en-gb/watches/datejust/m278274-0032","imported catalogue"
"ROLEX","m278274-0033","unreviewed","unresolved — no verified source","unresolved — no verified source","unresolved — no verified source","unresolved — no verified source","https://www.rolex.com/en-gb/watches/datejust/m278274-0033","imported catalogue"
"ROLEX","m278274-0034","unreviewed","unresolved — no verified source","unresolved — no verified source","unresolved — no verified source","unresolved — no verified source","https://www.rolex.com/en-gb/watches/datejust/m278274-0034","imported catalogue"
"ROLEX","m278275-0009","unreviewed","unresolved — no verified source","unresolved — no verified source","unresolved — no verified source","unresolved — no verified source","https://www.rolex.com/en-gb/watches/datejust/m278275-0009","imported catalogue"
"ROLEX","m278275-0010","unreviewed","unresolved — no verified source","unresolved — no verified source","unresolved — no verified source","unresolved — no verified source","https://www.rolex.com/en-gb/watches/datejust/m278275-0010","imported catalogue"
"ROLEX","m278275-0019","unreviewed","unresolved — no verified source","unresolved — no verified source","unresolved — no verified source","unresolved — no verified source","https://www.rolex.com/en-gb/watches/datejust/m278275-0019","imported catalogue"
"ROLEX","m278275-0025","unreviewed","unresolved — no verified source","unresolved — no verified source","unresolved — no verified source","unresolved — no verified source","https://www.rolex.com/en-gb/watches/datejust/m278275-0025","imported catalogue"
"ROLEX","m278275-0027","unreviewed","unresolved — no verified source","unresolved — no verified source","unresolved — no verified source","unresolved — no verified source","https://www.rolex.com/en-gb/watches/datejust/m278275-0027","imported catalogue"
"ROLEX","m278275-0029","unreviewed","unresolved — no verified source","unresolved — no verified source","unresolved — no verified source","unresolved — no verified source","https://www.rolex.com/en-gb/watches/datejust/m278275-0029","imported catalogue"
"ROLEX","m278275-0031","unreviewed","unresolved — no verified source","unresolved — no verified source","unresolved — no verified source","unresolved — no verified source","https://www.rolex.com/en-gb/watches/datejust/m278275-0031","imported catalogue"
"ROLEX","m278275-0033","unreviewed","unresolved — no verified source","unresolved — no verified source","unresolved — no verified source","unresolved — no verified source","https://www.rolex.com/en-gb/watches/datejust/m278275-0033","imported catalogue"
"ROLEX","m278275-0035","unreviewed","unresolved — no verified source","unresolved — no verified source","unresolved — no verified source","unresolved — no verified source","https://www.rolex.com/en-gb/watches/datejust/m278275-0035","imported catalogue"
"ROLEX","m278275-0037","unreviewed","unresolved — no verified source","unresolved — no verified source","unresolved — no verified source","unresolved — no verified source","https://www.rolex.com/en-gb/watches/datejust/m278275-0037","imported catalogue"
"ROLEX","m278275-0039","unreviewed","unresolved — no verified source","unresolved — no verified source","unresolved — no verified source","unresolved — no verified source","https://www.rolex.com/en-gb/watches/datejust/m278275-0039","imported catalogue"
"ROLEX","m278278-0009","unreviewed","unresolved — no verified source","unresolved — no verified source","unresolved — no verified source","unresolved — no verified source","https://www.rolex.com/en-gb/watches/datejust/m278278-0009","imported catalogue"
"ROLEX","m278278-0010","unreviewed","unresolved — no verified source","unresolved — no verified source","unresolved — no verified source","unresolved — no verified source","https://www.rolex.com/en-gb/watches/datejust/m278278-0010","imported catalogue"
"ROLEX","m278278-0011","unreviewed","unresolved — no verified source","unresolved — no verified source","unresolved — no verified source","unresolved — no verified source","https://www.rolex.com/en-gb/watches/datejust/m278278-0011","imported catalogue"
"ROLEX","m278278-0020","unreviewed","unresolved — no verified source","unresolved — no verified source","unresolved — no verified source","unresolved — no verified source","https://www.rolex.com/en-gb/watches/datejust/m278278-0020","imported catalogue"
"ROLEX","m278278-0028","unreviewed","unresolved — no verified source","unresolved — no verified source","unresolved — no verified source","unresolved — no verified source","https://www.rolex.com/en-gb/watches/datejust/m278278-0028","imported catalogue"
"ROLEX","m278278-0030","unreviewed","unresolved — no verified source","unresolved — no verified source","unresolved — no verified source","unresolved — no verified source","https://www.rolex.com/en-gb/watches/datejust/m278278-0030","imported catalogue"
"ROLEX","m278278-0032","unreviewed","unresolved — no verified source","unresolved — no verified source","unresolved — no verified source","unresolved — no verified source","https://www.rolex.com/en-gb/watches/datejust/m278278-0032","imported catalogue"
"ROLEX","m278278-0034","unreviewed","unresolved — no verified source","unresolved — no verified source","unresolved — no verified source","unresolved — no verified source","https://www.rolex.com/en-gb/watches/datejust/m278278-0034","imported catalogue"
"ROLEX","m278278-0036","unreviewed","unresolved — no verified source","unresolved — no verified source","unresolved — no verified source","unresolved — no verified source","https://www.rolex.com/en-gb/watches/datejust/m278278-0036","imported catalogue"
"ROLEX","m278278-0038","unreviewed","unresolved — no verified source","unresolved — no verified source","unresolved — no verified source","unresolved — no verified source","https://www.rolex.com/en-gb/watches/datejust/m278278-0038","imported catalogue"
"ROLEX","m278278-0040","unreviewed","unresolved — no verified source","unresolved — no verified source","unresolved — no verified source","unresolved — no verified source","https://www.rolex.com/en-gb/watches/datejust/m278278-0040","imported catalogue"
"ROLEX","m278278-0049","unreviewed","unresolved — no verified source","unresolved — no verified source","unresolved — no verified source","unresolved — no verified source","https://www.rolex.com/en-gb/watches/datejust/m278278-0049","imported catalogue"
"ROLEX","m278285rbr-0005","unreviewed","unresolved — no verified source","unresolved — no verified source","unresolved — no verified source","unresolved — no verified source","https://www.rolex.com/en-gb/watches/datejust/m278285rbr-0005","imported catalogue"
"ROLEX","m278285rbr-0006","unreviewed","unresolved — no verified source","unresolved — no verified source","unresolved — no verified source","unresolved — no verified source","https://www.rolex.com/en-gb/watches/datejust/m278285rbr-0006","imported catalogue"
"ROLEX","m278285rbr-0008","unreviewed","unresolved — no verified source","unresolved — no verified source","unresolved — no verified source","unresolved — no verified source","https://www.rolex.com/en-gb/watches/datejust/m278285rbr-0008","imported catalogue"
"ROLEX","m278285rbr-0016","unreviewed","unresolved — no verified source","unresolved — no verified source","unresolved — no verified source","unresolved — no verified source","https://www.rolex.com/en-gb/watches/datejust/m278285rbr-0016","imported catalogue"
"ROLEX","m278285rbr-0018","unreviewed","unresolved — no verified source","unresolved — no verified source","unresolved — no verified source","unresolved — no verified source","https://www.rolex.com/en-gb/watches/datejust/m278285rbr-0018","imported catalogue"
"ROLEX","m278285rbr-0021","unreviewed","unresolved — no verified source","unresolved — no verified source","unresolved — no verified source","unresolved — no verified source","https://www.rolex.com/en-gb/watches/datejust/m278285rbr-0021","imported catalogue"
"ROLEX","m278285rbr-0023","unreviewed","unresolved — no verified source","unresolved — no verified source","unresolved — no verified source","unresolved — no verified source","https://www.rolex.com/en-gb/watches/datejust/m278285rbr-0023","imported catalogue"
"ROLEX","m278285rbr-0025","unreviewed","unresolved — no verified source","unresolved — no verified source","unresolved — no verified source","unresolved — no verified source","https://www.rolex.com/en-gb/watches/datejust/m278285rbr-0025","imported catalogue"
"ROLEX","m278285rbr-0027","unreviewed","unresolved — no verified source","unresolved — no verified source","unresolved — no verified source","unresolved — no verified source","https://www.rolex.com/en-gb/watches/datejust/m278285rbr-0027","imported catalogue"
"ROLEX","m278285rbr-0029","unreviewed","unresolved — no verified source","unresolved — no verified source","unresolved — no verified source","unresolved — no verified source","https://www.rolex.com/en-gb/watches/datejust/m278285rbr-0029","imported catalogue"
"ROLEX","m278285rbr-0030","unreviewed","unresolved — no verified source","unresolved — no verified source","unresolved — no verified source","unresolved — no verified source","https://www.rolex.com/en-gb/watches/datejust/m278285rbr-0030","imported catalogue"
"ROLEX","m278288rbr-0005","unreviewed","unresolved — no verified source","unresolved — no verified source","unresolved — no verified source","unresolved — no verified source","https://www.rolex.com/en-gb/watches/datejust/m278288rbr-0005","imported catalogue"
"ROLEX","m278288rbr-0006","unreviewed","unresolved — no verified source","unresolved — no verified source","unresolved — no verified source","unresolved — no verified source","https://www.rolex.com/en-gb/watches/datejust/m278288rbr-0006","imported catalogue"
"ROLEX","m278288rbr-0007","unreviewed","unresolved — no verified source","unresolved — no verified source","unresolved — no verified source","unresolved — no verified source","https://www.rolex.com/en-gb/watches/datejust/m278288rbr-0007","imported catalogue"
"ROLEX","m278288rbr-0009","unreviewed","unresolved — no verified source","unresolved — no verified source","unresolved — no verified source","unresolved — no verified source","https://www.rolex.com/en-gb/watches/datejust/m278288rbr-0009","imported catalogue"
"ROLEX","m278288rbr-0020","unreviewed","unresolved — no verified source","unresolved — no verified source","unresolved — no verified source","unresolved — no verified source","https://www.rolex.com/en-gb/watches/datejust/m278288rbr-0020","imported catalogue"
"ROLEX","m278288rbr-0022","unreviewed","unresolved — no verified source","unresolved — no verified source","unresolved — no verified source","unresolved — no verified source","https://www.rolex.com/en-gb/watches/datejust/m278288rbr-0022","imported catalogue"
"ROLEX","m278288rbr-0024","unreviewed","unresolved — no verified source","unresolved — no verified source","unresolved — no verified source","unresolved — no verified source","https://www.rolex.com/en-gb/watches/datejust/m278288rbr-0024","imported catalogue"
"ROLEX","m278288rbr-0026","unreviewed","unresolved — no verified source","unresolved — no verified source","unresolved — no verified source","unresolved — no verified source","https://www.rolex.com/en-gb/watches/datejust/m278288rbr-0026","imported catalogue"
"ROLEX","m278288rbr-0028","unreviewed","unresolved — no verified source","unresolved — no verified source","unresolved — no verified source","unresolved — no verified source","https://www.rolex.com/en-gb/watches/datejust/m278288rbr-0028","imported catalogue"
"ROLEX","m278288rbr-0030","unreviewed","unresolved — no verified source","unresolved — no verified source","unresolved — no verified source","unresolved — no verified source","https://www.rolex.com/en-gb/watches/datejust/m278288rbr-0030","imported catalogue"
"ROLEX","m278288rbr-0032","unreviewed","unresolved — no verified source","unresolved — no verified source","unresolved — no verified source","unresolved — no verified source","https://www.rolex.com/en-gb/watches/datejust/m278288rbr-0032","imported catalogue"
"ROLEX","m278288rbr-0041","unreviewed","unresolved — no verified source","unresolved — no verified source","unresolved — no verified source","unresolved — no verified source","https://www.rolex.com/en-gb/watches/datejust/m278288rbr-0041","imported catalogue"
"ROLEX","m278289rbr-0005","unreviewed","unresolved — no verified source","unresolved — no verified source","unresolved — no verified source","unresolved — no verified source","https://www.rolex.com/en-gb/watches/datejust/m278289rbr-0005","imported catalogue"
"ROLEX","m278289rbr-0006","unreviewed","unresolved — no verified source","unresolved — no verified source","unresolved — no verified source","unresolved — no verified source","https://www.rolex.com/en-gb/watches/datejust/m278289rbr-0006","imported catalogue"
"ROLEX","m278289rbr-0007","unreviewed","unresolved — no verified source","unresolved — no verified source","unresolved — no verified source","unresolved — no verified source","https://www.rolex.com/en-gb/watches/datejust/m278289rbr-0007","imported catalogue"
"ROLEX","m278289rbr-0011","unreviewed","unresolved — no verified source","unresolved — no verified source","unresolved — no verified source","unresolved — no verified source","https://www.rolex.com/en-gb/watches/datejust/m278289rbr-0011","imported catalogue"
"ROLEX","m278289rbr-0012","unreviewed","unresolved — no verified source","unresolved — no verified source","unresolved — no verified source","unresolved — no verified source","https://www.rolex.com/en-gb/watches/datejust/m278289rbr-0012","imported catalogue"
"ROLEX","m278289rbr-0013","unreviewed","unresolved — no verified source","unresolved — no verified source","unresolved — no verified source","unresolved — no verified source","https://www.rolex.com/en-gb/watches/datejust/m278289rbr-0013","imported catalogue"
"ROLEX","m278289rbr-0014","unreviewed","unresolved — no verified source","unresolved — no verified source","unresolved — no verified source","unresolved — no verified source","https://www.rolex.com/en-gb/watches/datejust/m278289rbr-0014","imported catalogue"
"ROLEX","m278289rbr-0015","unreviewed","unresolved — no verified source","unresolved — no verified source","unresolved — no verified source","unresolved — no verified source","https://www.rolex.com/en-gb/watches/datejust/m278289rbr-0015","imported catalogue"
"ROLEX","m278289rbr-0016","unreviewed","unresolved — no verified source","unresolved — no verified source","unresolved — no verified source","unresolved — no verified source","https://www.rolex.com/en-gb/watches/datejust/m278289rbr-0016","imported catalogue"
"ROLEX","m278289rbr-0017","unreviewed","unresolved — no verified source","unresolved — no verified source","unresolved — no verified source","unresolved — no verified source","https://www.rolex.com/en-gb/watches/datejust/m278289rbr-0017","imported catalogue"
"ROLEX","m278289rbr-0018","unreviewed","unresolved — no verified source","unresolved — no verified source","unresolved — no verified source","unresolved — no verified source","https://www.rolex.com/en-gb/watches/datejust/m278289rbr-0018","imported catalogue"
"ROLEX","m278289rbr-0019","unreviewed","unresolved — no verified source","unresolved — no verified source","unresolved — no verified source","unresolved — no verified source","https://www.rolex.com/en-gb/watches/datejust/m278289rbr-0019","imported catalogue"
"ROLEX","m278289rbr-0020","unreviewed","unresolved — no verified source","unresolved — no verified source","unresolved — no verified source","unresolved — no verified source","https://www.rolex.com/en-gb/watches/datejust/m278289rbr-0020","imported catalogue"
"ROLEX","m278289rbr-0021","unreviewed","unresolved — no verified source","unresolved — no verified source","unresolved — no verified source","unresolved — no verified source","https://www.rolex.com/en-gb/watches/datejust/m278289rbr-0021","imported catalogue"
"ROLEX","m278289rbr-0022","unreviewed","unresolved — no verified source","unresolved — no verified source","unresolved — no verified source","unresolved — no verified source","https://www.rolex.com/en-gb/watches/datejust/m278289rbr-0022","imported catalogue"
"ROLEX","m278289rbr-0023","unreviewed","unresolved — no verified source","unresolved — no verified source","unresolved — no verified source","unresolved — no verified source","https://www.rolex.com/en-gb/watches/datejust/m278289rbr-0023","imported catalogue"
"ROLEX","m278289rbr-0028","unreviewed","unresolved — no verified source","unresolved — no verified source","unresolved — no verified source","unresolved — no verified source","https://www.rolex.com/en-gb/watches/datejust/m278289rbr-0028","imported catalogue"
"ROLEX","m278341rbr-0001","unreviewed","unresolved — no verified source","unresolved — no verified source","unresolved — no verified source","unresolved — no verified source","https://www.rolex.com/en-gb/watches/datejust/m278341rbr-0001","imported catalogue"
"ROLEX","m278341rbr-0002","unreviewed","unresolved — no verified source","unresolved — no verified source","unresolved — no verified source","unresolved — no verified source","https://www.rolex.com/en-gb/watches/datejust/m278341rbr-0002","imported catalogue"
"ROLEX","m278341rbr-0003","unreviewed","unresolved — no verified source","unresolved — no verified source","unresolved — no verified source","unresolved — no verified source","https://www.rolex.com/en-gb/watches/datejust/m278341rbr-0003","imported catalogue"
"ROLEX","m278341rbr-0004","unreviewed","unresolved — no verified source","unresolved — no verified source","unresolved — no verified source","unresolved — no verified source","https://www.rolex.com/en-gb/watches/datejust/m278341rbr-0004","imported catalogue"
"ROLEX","m278341rbr-0005","unreviewed","unresolved — no verified source","unresolved — no verified source","unresolved — no verified source","unresolved — no verified source","https://www.rolex.com/en-gb/watches/datejust/m278341rbr-0005","imported catalogue"
"ROLEX","m278341rbr-0006","unreviewed","unresolved — no verified source","unresolved — no verified source","unresolved — no verified source","unresolved — no verified source","https://www.rolex.com/en-gb/watches/datejust/m278341rbr-0006","imported catalogue"
"ROLEX","m278341rbr-0009","unreviewed","unresolved — no verified source","unresolved — no verified source","unresolved — no verified source","unresolved — no verified source","https://www.rolex.com/en-gb/watches/datejust/m278341rbr-0009","imported catalogue"
"ROLEX","m278341rbr-0010","unreviewed","unresolved — no verified source","unresolved — no verified source","unresolved — no verified source","unresolved — no verified source","https://www.rolex.com/en-gb/watches/datejust/m278341rbr-0010","imported catalogue"
"ROLEX","m278341rbr-0015","unreviewed","unresolved — no verified source","unresolved — no verified source","unresolved — no verified source","unresolved — no verified source","https://www.rolex.com/en-gb/watches/datejust/m278341rbr-0015","imported catalogue"
"ROLEX","m278341rbr-0016","unreviewed","unresolved — no verified source","unresolved — no verified source","unresolved — no verified source","unresolved — no verified source","https://www.rolex.com/en-gb/watches/datejust/m278341rbr-0016","imported catalogue"
"ROLEX","m278341rbr-0017","unreviewed","unresolved — no verified source","unresolved — no verified source","unresolved — no verified source","unresolved — no verified source","https://www.rolex.com/en-gb/watches/datejust/m278341rbr-0017","imported catalogue"
"ROLEX","m278341rbr-0018","unreviewed","unresolved — no verified source","unresolved — no verified source","unresolved — no verified source","unresolved — no verified source","https://www.rolex.com/en-gb/watches/datejust/m278341rbr-0018","imported catalogue"
"ROLEX","m278341rbr-0019","unreviewed","unresolved — no verified source","unresolved — no verified source","unresolved — no verified source","unresolved — no verified source","https://www.rolex.com/en-gb/watches/datejust/m278341rbr-0019","imported catalogue"
"ROLEX","m278341rbr-0020","unreviewed","unresolved — no verified source","unresolved — no verified source","unresolved — no verified source","unresolved — no verified source","https://www.rolex.com/en-gb/watches/datejust/m278341rbr-0020","imported catalogue"
"ROLEX","m278341rbr-0023","unreviewed","unresolved — no verified source","unresolved — no verified source","unresolved — no verified source","unresolved — no verified source","https://www.rolex.com/en-gb/watches/datejust/m278341rbr-0023","imported catalogue"
"ROLEX","m278341rbr-0024","unreviewed","unresolved — no verified source","unresolved — no verified source","unresolved — no verified source","unresolved — no verified source","https://www.rolex.com/en-gb/watches/datejust/m278341rbr-0024","imported catalogue"
"ROLEX","m278341rbr-0025","unreviewed","unresolved — no verified source","unresolved — no verified source","unresolved — no verified source","unresolved — no verified source","https://www.rolex.com/en-gb/watches/datejust/m278341rbr-0025","imported catalogue"
"ROLEX","m278341rbr-0026","unreviewed","unresolved — no verified source","unresolved — no verified source","unresolved — no verified source","unresolved — no verified source","https://www.rolex.com/en-gb/watches/datejust/m278341rbr-0026","imported catalogue"
"ROLEX","m278341rbr-0027","unreviewed","unresolved — no verified source","unresolved — no verified source","unresolved — no verified source","unresolved — no verified source","https://www.rolex.com/en-gb/watches/datejust/m278341rbr-0027","imported catalogue"
"ROLEX","m278341rbr-0028","unreviewed","unresolved — no verified source","unresolved — no verified source","unresolved — no verified source","unresolved — no verified source","https://www.rolex.com/en-gb/watches/datejust/m278341rbr-0028","imported catalogue"
"ROLEX","m278341rbr-0029","unreviewed","unresolved — no verified source","unresolved — no verified source","unresolved — no verified source","unresolved — no verified source","https://www.rolex.com/en-gb/watches/datejust/m278341rbr-0029","imported catalogue"
"ROLEX","m278341rbr-0030","unreviewed","unresolved — no verified source","unresolved — no verified source","unresolved — no verified source","unresolved — no verified source","https://www.rolex.com/en-gb/watches/datejust/m278341rbr-0030","imported catalogue"
"ROLEX","m278343rbr-0001","unreviewed","unresolved — no verified source","unresolved — no verified source","unresolved — no verified source","unresolved — no verified source","https://www.rolex.com/en-gb/watches/datejust/m278343rbr-0001","imported catalogue"
"ROLEX","m278343rbr-0002","unreviewed","unresolved — no verified source","unresolved — no verified source","unresolved — no verified source","unresolved — no verified source","https://www.rolex.com/en-gb/watches/datejust/m278343rbr-0002","imported catalogue"
"ROLEX","m278343rbr-0003","unreviewed","unresolved — no verified source","unresolved — no verified source","unresolved — no verified source","unresolved — no verified source","https://www.rolex.com/en-gb/watches/datejust/m278343rbr-0003","imported catalogue"
"ROLEX","m278343rbr-0004","unreviewed","unresolved — no verified source","unresolved — no verified source","unresolved — no verified source","unresolved — no verified source","https://www.rolex.com/en-gb/watches/datejust/m278343rbr-0004","imported catalogue"
"ROLEX","m278343rbr-0013","unreviewed","unresolved — no verified source","unresolved — no verified source","unresolved — no verified source","unresolved — no verified source","https://www.rolex.com/en-gb/watches/datejust/m278343rbr-0013","imported catalogue"
"ROLEX","m278343rbr-0014","unreviewed","unresolved — no verified source","unresolved — no verified source","unresolved — no verified source","unresolved — no verified source","https://www.rolex.com/en-gb/watches/datejust/m278343rbr-0014","imported catalogue"
"ROLEX","m278343rbr-0015","unreviewed","unresolved — no verified source","unresolved — no verified source","unresolved — no verified source","unresolved — no verified source","https://www.rolex.com/en-gb/watches/datejust/m278343rbr-0015","imported catalogue"
"ROLEX","m278343rbr-0016","unreviewed","unresolved — no verified source","unresolved — no verified source","unresolved — no verified source","unresolved — no verified source","https://www.rolex.com/en-gb/watches/datejust/m278343rbr-0016","imported catalogue"
"ROLEX","m278343rbr-0017","unreviewed","unresolved — no verified source","unresolved — no verified source","unresolved — no verified source","unresolved — no verified source","https://www.rolex.com/en-gb/watches/datejust/m278343rbr-0017","imported catalogue"
"ROLEX","m278343rbr-0018","unreviewed","unresolved — no verified source","unresolved — no verified source","unresolved — no verified source","unresolved — no verified source","https://www.rolex.com/en-gb/watches/datejust/m278343rbr-0018","imported catalogue"
"ROLEX","m278343rbr-0019","unreviewed","unresolved — no verified source","unresolved — no verified source","unresolved — no verified source","unresolved — no verified source","https://www.rolex.com/en-gb/watches/datejust/m278343rbr-0019","imported catalogue"
"ROLEX","m278343rbr-0020","unreviewed","unresolved — no verified source","unresolved — no verified source","unresolved — no verified source","unresolved — no verified source","https://www.rolex.com/en-gb/watches/datejust/m278343rbr-0020","imported catalogue"
"ROLEX","m278343rbr-0021","unreviewed","unresolved — no verified source","unresolved — no verified source","unresolved — no verified source","unresolved — no verified source","https://www.rolex.com/en-gb/watches/datejust/m278343rbr-0021","imported catalogue"
"ROLEX","m278343rbr-0022","unreviewed","unresolved — no verified source","unresolved — no verified source","unresolved — no verified source","unresolved — no verified source","https://www.rolex.com/en-gb/watches/datejust/m278343rbr-0022","imported catalogue"
"ROLEX","m278343rbr-0023","unreviewed","unresolved — no verified source","unresolved — no verified source","unresolved — no verified source","unresolved — no verified source","https://www.rolex.com/en-gb/watches/datejust/m278343rbr-0023","imported catalogue"
"ROLEX","m278343rbr-0024","unreviewed","unresolved — no verified source","unresolved — no verified source","unresolved — no verified source","unresolved — no verified source","https://www.rolex.com/en-gb/watches/datejust/m278343rbr-0024","imported catalogue"
"ROLEX","m278343rbr-0025","unreviewed","unresolved — no verified source","unresolved — no verified source","unresolved — no verified source","unresolved — no verified source","https://www.rolex.com/en-gb/watches/datejust/m278343rbr-0025","imported catalogue"
"ROLEX","m278343rbr-0026","unreviewed","unresolved — no verified source","unresolved — no verified source","unresolved — no verified source","unresolved — no verified source","https://www.rolex.com/en-gb/watches/datejust/m278343rbr-0026","imported catalogue"
"ROLEX","m278343rbr-0027","unreviewed","unresolved — no verified source","unresolved — no verified source","unresolved — no verified source","unresolved — no verified source","https://www.rolex.com/en-gb/watches/datejust/m278343rbr-0027","imported catalogue"
"ROLEX","m278343rbr-0028","unreviewed","unresolved — no verified source","unresolved — no verified source","unresolved — no verified source","unresolved — no verified source","https://www.rolex.com/en-gb/watches/datejust/m278343rbr-0028","imported catalogue"
"ROLEX","m278343rbr-0029","unreviewed","unresolved — no verified source","unresolved — no verified source","unresolved — no verified source","unresolved — no verified source","https://www.rolex.com/en-gb/watches/datejust/m278343rbr-0029","imported catalogue"
"ROLEX","m278343rbr-0030","unreviewed","unresolved — no verified source","unresolved — no verified source","unresolved — no verified source","unresolved — no verified source","https://www.rolex.com/en-gb/watches/datejust/m278343rbr-0030","imported catalogue"
"ROLEX","m278344rbr-0001","unreviewed","unresolved — no verified source","unresolved — no verified source","unresolved — no verified source","unresolved — no verified source","https://www.rolex.com/en-gb/watches/datejust/m278344rbr-0001","imported catalogue"
"ROLEX","m278344rbr-0002","unreviewed","unresolved — no verified source","unresolved — no verified source","unresolved — no verified source","unresolved — no verified source","https://www.rolex.com/en-gb/watches/datejust/m278344rbr-0002","imported catalogue"
"ROLEX","m278344rbr-0005","unreviewed","unresolved — no verified source","unresolved — no verified source","unresolved — no verified source","unresolved — no verified source","https://www.rolex.com/en-gb/watches/datejust/m278344rbr-0005","imported catalogue"
"ROLEX","m278344rbr-0006","unreviewed","unresolved — no verified source","unresolved — no verified source","unresolved — no verified source","unresolved — no verified source","https://www.rolex.com/en-gb/watches/datejust/m278344rbr-0006","imported catalogue"
"ROLEX","m278344rbr-0007","unreviewed","unresolved — no verified source","unresolved — no verified source","unresolved — no verified source","unresolved — no verified source","https://www.rolex.com/en-gb/watches/datejust/m278344rbr-0007","imported catalogue"
"ROLEX","m278344rbr-0008","unreviewed","unresolved — no verified source","unresolved — no verified source","unresolved — no verified source","unresolved — no verified source","https://www.rolex.com/en-gb/watches/datejust/m278344rbr-0008","imported catalogue"
"ROLEX","m278344rbr-0011","unreviewed","unresolved — no verified source","unresolved — no verified source","unresolved — no verified source","unresolved — no verified source","https://www.rolex.com/en-gb/watches/datejust/m278344rbr-0011","imported catalogue"
"ROLEX","m278344rbr-0012","unreviewed","unresolved — no verified source","unresolved — no verified source","unresolved — no verified source","unresolved — no verified source","https://www.rolex.com/en-gb/watches/datejust/m278344rbr-0012","imported catalogue"
"ROLEX","m278344rbr-0013","unreviewed","unresolved — no verified source","unresolved — no verified source","unresolved — no verified source","unresolved — no verified source","https://www.rolex.com/en-gb/watches/datejust/m278344rbr-0013","imported catalogue"
"ROLEX","m278344rbr-0014","unreviewed","unresolved — no verified source","unresolved — no verified source","unresolved — no verified source","unresolved — no verified source","https://www.rolex.com/en-gb/watches/datejust/m278344rbr-0014","imported catalogue"
"ROLEX","m278344rbr-0015","unreviewed","unresolved — no verified source","unresolved — no verified source","unresolved — no verified source","unresolved — no verified source","https://www.rolex.com/en-gb/watches/datejust/m278344rbr-0015","imported catalogue"
"ROLEX","m278344rbr-0016","unreviewed","unresolved — no verified source","unresolved — no verified source","unresolved — no verified source","unresolved — no verified source","https://www.rolex.com/en-gb/watches/datejust/m278344rbr-0016","imported catalogue"
"ROLEX","m278344rbr-0017","unreviewed","unresolved — no verified source","unresolved — no verified source","unresolved — no verified source","unresolved — no verified source","https://www.rolex.com/en-gb/watches/datejust/m278344rbr-0017","imported catalogue"
"ROLEX","m278344rbr-0018","unreviewed","unresolved — no verified source","unresolved — no verified source","unresolved — no verified source","unresolved — no verified source","https://www.rolex.com/en-gb/watches/datejust/m278344rbr-0018","imported catalogue"
"ROLEX","m278344rbr-0019","unreviewed","unresolved — no verified source","unresolved — no verified source","unresolved — no verified source","unresolved — no verified source","https://www.rolex.com/en-gb/watches/datejust/m278344rbr-0019","imported catalogue"
"ROLEX","m278344rbr-0020","unreviewed","unresolved — no verified source","unresolved — no verified source","unresolved — no verified source","unresolved — no verified source","https://www.rolex.com/en-gb/watches/datejust/m278344rbr-0020","imported catalogue"
"ROLEX","m278344rbr-0021","unreviewed","unresolved — no verified source","unresolved — no verified source","unresolved — no verified source","unresolved — no verified source","https://www.rolex.com/en-gb/watches/datejust/m278344rbr-0021","imported catalogue"
"ROLEX","m278344rbr-0022","unreviewed","unresolved — no verified source","unresolved — no verified source","unresolved — no verified source","unresolved — no verified source","https://www.rolex.com/en-gb/watches/datejust/m278344rbr-0022","imported catalogue"
"ROLEX","m278344rbr-0023","unreviewed","unresolved — no verified source","unresolved — no verified source","unresolved — no verified source","unresolved — no verified source","https://www.rolex.com/en-gb/watches/datejust/m278344rbr-0023","imported catalogue"
"ROLEX","m278344rbr-0024","unreviewed","unresolved — no verified source","unresolved — no verified source","unresolved — no verified source","unresolved — no verified source","https://www.rolex.com/en-gb/watches/datejust/m278344rbr-0024","imported catalogue"
"ROLEX","m278344rbr-0025","unreviewed","unresolved — no verified source","unresolved — no verified source","unresolved — no verified source","unresolved — no verified source","https://www.rolex.com/en-gb/watches/datejust/m278344rbr-0025","imported catalogue"
"ROLEX","m278344rbr-0026","unreviewed","unresolved — no verified source","unresolved — no verified source","unresolved — no verified source","unresolved — no verified source","https://www.rolex.com/en-gb/watches/datejust/m278344rbr-0026","imported catalogue"
"ROLEX","m278344rbr-0027","unreviewed","unresolved — no verified source","unresolved — no verified source","unresolved — no verified source","unresolved — no verified source","https://www.rolex.com/en-gb/watches/datejust/m278344rbr-0027","imported catalogue"
"ROLEX","m278344rbr-0028","unreviewed","unresolved — no verified source","unresolved — no verified source","unresolved — no verified source","unresolved — no verified source","https://www.rolex.com/en-gb/watches/datejust/m278344rbr-0028","imported catalogue"
"ROLEX","m278344rbr-0029","unreviewed","unresolved — no verified source","unresolved — no verified source","unresolved — no verified source","unresolved — no verified source","https://www.rolex.com/en-gb/watches/datejust/m278344rbr-0029","imported catalogue"
"ROLEX","m278344rbr-0030","unreviewed","unresolved — no verified source","unresolved — no verified source","unresolved — no verified source","unresolved — no verified source","https://www.rolex.com/en-gb/watches/datejust/m278344rbr-0030","imported catalogue"
"ROLEX","m278344rbr-0031","unreviewed","unresolved — no verified source","unresolved — no verified source","unresolved — no verified source","unresolved — no verified source","https://www.rolex.com/en-gb/watches/datejust/m278344rbr-0031","imported catalogue"
"ROLEX","m278344rbr-0032","unreviewed","unresolved — no verified source","unresolved — no verified source","unresolved — no verified source","unresolved — no verified source","https://www.rolex.com/en-gb/watches/datejust/m278344rbr-0032","imported catalogue"
"ROLEX","m278344rbr-0033","unreviewed","unresolved — no verified source","unresolved — no verified source","unresolved — no verified source","unresolved — no verified source","https://www.rolex.com/en-gb/watches/datejust/m278344rbr-0033","imported catalogue"
"ROLEX","m278344rbr-0034","unreviewed","unresolved — no verified source","unresolved — no verified source","unresolved — no verified source","unresolved — no verified source","https://www.rolex.com/en-gb/watches/datejust/m278344rbr-0034","imported catalogue"
"ROLEX","m278344rbr-0035","unreviewed","unresolved — no verified source","unresolved — no verified source","unresolved — no verified source","unresolved — no verified source","https://www.rolex.com/en-gb/watches/datejust/m278344rbr-0035","imported catalogue"
"ROLEX","m278344rbr-0036","unreviewed","unresolved — no verified source","unresolved — no verified source","unresolved — no verified source","unresolved — no verified source","https://www.rolex.com/en-gb/watches/datejust/m278344rbr-0036","imported catalogue"
"ROLEX","m278381rbr-0001","unreviewed","unresolved — no verified source","unresolved — no verified source","unresolved — no verified source","unresolved — no verified source","https://www.rolex.com/en-gb/watches/datejust/m278381rbr-0001","imported catalogue"
"ROLEX","m278381rbr-0002","unreviewed","unresolved — no verified source","unresolved — no verified source","unresolved — no verified source","unresolved — no verified source","https://www.rolex.com/en-gb/watches/datejust/m278381rbr-0002","imported catalogue"
"ROLEX","m278381rbr-0003","unreviewed","unresolved — no verified source","unresolved — no verified source","unresolved — no verified source","unresolved — no verified source","https://www.rolex.com/en-gb/watches/datejust/m278381rbr-0003","imported catalogue"
"ROLEX","m278381rbr-0004","unreviewed","unresolved — no verified source","unresolved — no verified source","unresolved — no verified source","unresolved — no verified source","https://www.rolex.com/en-gb/watches/datejust/m278381rbr-0004","imported catalogue"
"ROLEX","m278381rbr-0005","unreviewed","unresolved — no verified source","unresolved — no verified source","unresolved — no verified source","unresolved — no verified source","https://www.rolex.com/en-gb/watches/datejust/m278381rbr-0005","imported catalogue"
"ROLEX","m278381rbr-0006","unreviewed","unresolved — no verified source","unresolved — no verified source","unresolved — no verified source","unresolved — no verified source","https://www.rolex.com/en-gb/watches/datejust/m278381rbr-0006","imported catalogue"
"ROLEX","m278381rbr-0009","unreviewed","unresolved — no verified source","unresolved — no verified source","unresolved — no verified source","unresolved — no verified source","https://www.rolex.com/en-gb/watches/datejust/m278381rbr-0009","imported catalogue"
"ROLEX","m278381rbr-0010","unreviewed","unresolved — no verified source","unresolved — no verified source","unresolved — no verified source","unresolved — no verified source","https://www.rolex.com/en-gb/watches/datejust/m278381rbr-0010","imported catalogue"
"ROLEX","m278381rbr-0015","unreviewed","unresolved — no verified source","unresolved — no verified source","unresolved — no verified source","unresolved — no verified source","https://www.rolex.com/en-gb/watches/datejust/m278381rbr-0015","imported catalogue"
"ROLEX","m278381rbr-0016","unreviewed","unresolved — no verified source","unresolved — no verified source","unresolved — no verified source","unresolved — no verified source","https://www.rolex.com/en-gb/watches/datejust/m278381rbr-0016","imported catalogue"
"ROLEX","m278381rbr-0017","unreviewed","unresolved — no verified source","unresolved — no verified source","unresolved — no verified source","unresolved — no verified source","https://www.rolex.com/en-gb/watches/datejust/m278381rbr-0017","imported catalogue"
"ROLEX","m278381rbr-0018","unreviewed","unresolved — no verified source","unresolved — no verified source","unresolved — no verified source","unresolved — no verified source","https://www.rolex.com/en-gb/watches/datejust/m278381rbr-0018","imported catalogue"
"ROLEX","m278381rbr-0019","unreviewed","unresolved — no verified source","unresolved — no verified source","unresolved — no verified source","unresolved — no verified source","https://www.rolex.com/en-gb/watches/datejust/m278381rbr-0019","imported catalogue"
"ROLEX","m278381rbr-0020","unreviewed","unresolved — no verified source","unresolved — no verified source","unresolved — no verified source","unresolved — no verified source","https://www.rolex.com/en-gb/watches/datejust/m278381rbr-0020","imported catalogue"
"ROLEX","m278381rbr-0023","unreviewed","unresolved — no verified source","unresolved — no verified source","unresolved — no verified source","unresolved — no verified source","https://www.rolex.com/en-gb/watches/datejust/m278381rbr-0023","imported catalogue"
"ROLEX","m278381rbr-0024","unreviewed","unresolved — no verified source","unresolved — no verified source","unresolved — no verified source","unresolved — no verified source","https://www.rolex.com/en-gb/watches/datejust/m278381rbr-0024","imported catalogue"
"ROLEX","m278381rbr-0025","unreviewed","unresolved — no verified source","unresolved — no verified source","unresolved — no verified source","unresolved — no verified source","https://www.rolex.com/en-gb/watches/datejust/m278381rbr-0025","imported catalogue"
"ROLEX","m278381rbr-0026","unreviewed","unresolved — no verified source","unresolved — no verified source","unresolved — no verified source","unresolved — no verified source","https://www.rolex.com/en-gb/watches/datejust/m278381rbr-0026","imported catalogue"
"ROLEX","m278381rbr-0027","unreviewed","unresolved — no verified source","unresolved — no verified source","unresolved — no verified source","unresolved — no verified source","https://www.rolex.com/en-gb/watches/datejust/m278381rbr-0027","imported catalogue"
"ROLEX","m278381rbr-0028","unreviewed","unresolved — no verified source","unresolved — no verified source","unresolved — no verified source","unresolved — no verified source","https://www.rolex.com/en-gb/watches/datejust/m278381rbr-0028","imported catalogue"
"ROLEX","m278381rbr-0029","unreviewed","unresolved — no verified source","unresolved — no verified source","unresolved — no verified source","unresolved — no verified source","https://www.rolex.com/en-gb/watches/datejust/m278381rbr-0029","imported catalogue"
"ROLEX","m278381rbr-0030","unreviewed","unresolved — no verified source","unresolved — no verified source","unresolved — no verified source","unresolved — no verified source","https://www.rolex.com/en-gb/watches/datejust/m278381rbr-0030","imported catalogue"
"ROLEX","m278383rbr-0001","unreviewed","unresolved — no verified source","unresolved — no verified source","unresolved — no verified source","unresolved — no verified source","https://www.rolex.com/en-gb/watches/datejust/m278383rbr-0001","imported catalogue"
"ROLEX","m278383rbr-0002","unreviewed","unresolved — no verified source","unresolved — no verified source","unresolved — no verified source","unresolved — no verified source","https://www.rolex.com/en-gb/watches/datejust/m278383rbr-0002","imported catalogue"
"ROLEX","m278383rbr-0003","unreviewed","unresolved — no verified source","unresolved — no verified source","unresolved — no verified source","unresolved — no verified source","https://www.rolex.com/en-gb/watches/datejust/m278383rbr-0003","imported catalogue"
"ROLEX","m278383rbr-0004","unreviewed","unresolved — no verified source","unresolved — no verified source","unresolved — no verified source","unresolved — no verified source","https://www.rolex.com/en-gb/watches/datejust/m278383rbr-0004","imported catalogue"
"ROLEX","m278383rbr-0013","unreviewed","unresolved — no verified source","unresolved — no verified source","unresolved — no verified source","unresolved — no verified source","https://www.rolex.com/en-gb/watches/datejust/m278383rbr-0013","imported catalogue"
"ROLEX","m278383rbr-0014","unreviewed","unresolved — no verified source","unresolved — no verified source","unresolved — no verified source","unresolved — no verified source","https://www.rolex.com/en-gb/watches/datejust/m278383rbr-0014","imported catalogue"
"ROLEX","m278383rbr-0015","unreviewed","unresolved — no verified source","unresolved — no verified source","unresolved — no verified source","unresolved — no verified source","https://www.rolex.com/en-gb/watches/datejust/m278383rbr-0015","imported catalogue"
"ROLEX","m278383rbr-0016","unreviewed","unresolved — no verified source","unresolved — no verified source","unresolved — no verified source","unresolved — no verified source","https://www.rolex.com/en-gb/watches/datejust/m278383rbr-0016","imported catalogue"
"ROLEX","m278383rbr-0017","unreviewed","unresolved — no verified source","unresolved — no verified source","unresolved — no verified source","unresolved — no verified source","https://www.rolex.com/en-gb/watches/datejust/m278383rbr-0017","imported catalogue"
"ROLEX","m278383rbr-0018","unreviewed","unresolved — no verified source","unresolved — no verified source","unresolved — no verified source","unresolved — no verified source","https://www.rolex.com/en-gb/watches/datejust/m278383rbr-0018","imported catalogue"
"ROLEX","m278383rbr-0019","unreviewed","unresolved — no verified source","unresolved — no verified source","unresolved — no verified source","unresolved — no verified source","https://www.rolex.com/en-gb/watches/datejust/m278383rbr-0019","imported catalogue"
"ROLEX","m278383rbr-0020","unreviewed","unresolved — no verified source","unresolved — no verified source","unresolved — no verified source","unresolved — no verified source","https://www.rolex.com/en-gb/watches/datejust/m278383rbr-0020","imported catalogue"
"ROLEX","m278383rbr-0021","unreviewed","unresolved — no verified source","unresolved — no verified source","unresolved — no verified source","unresolved — no verified source","https://www.rolex.com/en-gb/watches/datejust/m278383rbr-0021","imported catalogue"
"ROLEX","m278383rbr-0022","unreviewed","unresolved — no verified source","unresolved — no verified source","unresolved — no verified source","unresolved — no verified source","https://www.rolex.com/en-gb/watches/datejust/m278383rbr-0022","imported catalogue"
"ROLEX","m278383rbr-0023","unreviewed","unresolved — no verified source","unresolved — no verified source","unresolved — no verified source","unresolved — no verified source","https://www.rolex.com/en-gb/watches/datejust/m278383rbr-0023","imported catalogue"
"ROLEX","m278383rbr-0024","unreviewed","unresolved — no verified source","unresolved — no verified source","unresolved — no verified source","unresolved — no verified source","https://www.rolex.com/en-gb/watches/datejust/m278383rbr-0024","imported catalogue"
"ROLEX","m278383rbr-0025","unreviewed","unresolved — no verified source","unresolved — no verified source","unresolved — no verified source","unresolved — no verified source","https://www.rolex.com/en-gb/watches/datejust/m278383rbr-0025","imported catalogue"
"ROLEX","m278383rbr-0026","unreviewed","unresolved — no verified source","unresolved — no verified source","unresolved — no verified source","unresolved — no verified source","https://www.rolex.com/en-gb/watches/datejust/m278383rbr-0026","imported catalogue"
"ROLEX","m278383rbr-0027","unreviewed","unresolved — no verified source","unresolved — no verified source","unresolved — no verified source","unresolved — no verified source","https://www.rolex.com/en-gb/watches/datejust/m278383rbr-0027","imported catalogue"
"ROLEX","m278383rbr-0028","unreviewed","unresolved — no verified source","unresolved — no verified source","unresolved — no verified source","unresolved — no verified source","https://www.rolex.com/en-gb/watches/datejust/m278383rbr-0028","imported catalogue"
"ROLEX","m278383rbr-0029","unreviewed","unresolved — no verified source","unresolved — no verified source","unresolved — no verified source","unresolved — no verified source","https://www.rolex.com/en-gb/watches/datejust/m278383rbr-0029","imported catalogue"
"ROLEX","m278383rbr-0030","unreviewed","unresolved — no verified source","unresolved — no verified source","unresolved — no verified source","unresolved — no verified source","https://www.rolex.com/en-gb/watches/datejust/m278383rbr-0030","imported catalogue"
"ROLEX","m278384rbr-0001","unreviewed","unresolved — no verified source","unresolved — no verified source","unresolved — no verified source","unresolved — no verified source","https://www.rolex.com/en-gb/watches/datejust/m278384rbr-0001","imported catalogue"
"ROLEX","m278384rbr-0002","unreviewed","unresolved — no verified source","unresolved — no verified source","unresolved — no verified source","unresolved — no verified source","https://www.rolex.com/en-gb/watches/datejust/m278384rbr-0002","imported catalogue"
"ROLEX","m278384rbr-0007","unreviewed","unresolved — no verified source","unresolved — no verified source","unresolved — no verified source","unresolved — no verified source","https://www.rolex.com/en-gb/watches/datejust/m278384rbr-0007","imported catalogue"
"ROLEX","m278384rbr-0008","unreviewed","unresolved — no verified source","unresolved — no verified source","unresolved — no verified source","unresolved — no verified source","https://www.rolex.com/en-gb/watches/datejust/m278384rbr-0008","imported catalogue"
"ROLEX","m278384rbr-0009","unreviewed","unresolved — no verified source","unresolved — no verified source","unresolved — no verified source","unresolved — no verified source","https://www.rolex.com/en-gb/watches/datejust/m278384rbr-0009","imported catalogue"
"ROLEX","m278384rbr-0010","unreviewed","unresolved — no verified source","unresolved — no verified source","unresolved — no verified source","unresolved — no verified source","https://www.rolex.com/en-gb/watches/datejust/m278384rbr-0010","imported catalogue"
"ROLEX","m278384rbr-0013","unreviewed","unresolved — no verified source","unresolved — no verified source","unresolved — no verified source","unresolved — no verified source","https://www.rolex.com/en-gb/watches/datejust/m278384rbr-0013","imported catalogue"
"ROLEX","m278384rbr-0014","unreviewed","unresolved — no verified source","unresolved — no verified source","unresolved — no verified source","unresolved — no verified source","https://www.rolex.com/en-gb/watches/datejust/m278384rbr-0014","imported catalogue"
"ROLEX","m278384rbr-0015","unreviewed","unresolved — no verified source","unresolved — no verified source","unresolved — no verified source","unresolved — no verified source","https://www.rolex.com/en-gb/watches/datejust/m278384rbr-0015","imported catalogue"
"ROLEX","m278384rbr-0016","unreviewed","unresolved — no verified source","unresolved — no verified source","unresolved — no verified source","unresolved — no verified source","https://www.rolex.com/en-gb/watches/datejust/m278384rbr-0016","imported catalogue"
"ROLEX","m278384rbr-0017","unreviewed","unresolved — no verified source","unresolved — no verified source","unresolved — no verified source","unresolved — no verified source","https://www.rolex.com/en-gb/watches/datejust/m278384rbr-0017","imported catalogue"
"ROLEX","m278384rbr-0018","unreviewed","unresolved — no verified source","unresolved — no verified source","unresolved — no verified source","unresolved — no verified source","https://www.rolex.com/en-gb/watches/datejust/m278384rbr-0018","imported catalogue"
"ROLEX","m278384rbr-0019","unreviewed","unresolved — no verified source","unresolved — no verified source","unresolved — no verified source","unresolved — no verified source","https://www.rolex.com/en-gb/watches/datejust/m278384rbr-0019","imported catalogue"
"ROLEX","m278384rbr-0020","unreviewed","unresolved — no verified source","unresolved — no verified source","unresolved — no verified source","unresolved — no verified source","https://www.rolex.com/en-gb/watches/datejust/m278384rbr-0020","imported catalogue"
"ROLEX","m278384rbr-0021","unreviewed","unresolved — no verified source","unresolved — no verified source","unresolved — no verified source","unresolved — no verified source","https://www.rolex.com/en-gb/watches/datejust/m278384rbr-0021","imported catalogue"
"ROLEX","m278384rbr-0022","unreviewed","unresolved — no verified source","unresolved — no verified source","unresolved — no verified source","unresolved — no verified source","https://www.rolex.com/en-gb/watches/datejust/m278384rbr-0022","imported catalogue"
"ROLEX","m278384rbr-0023","unreviewed","unresolved — no verified source","unresolved — no verified source","unresolved — no verified source","unresolved — no verified source","https://www.rolex.com/en-gb/watches/datejust/m278384rbr-0023","imported catalogue"
"ROLEX","m278384rbr-0024","unreviewed","unresolved — no verified source","unresolved — no verified source","unresolved — no verified source","unresolved — no verified source","https://www.rolex.com/en-gb/watches/datejust/m278384rbr-0024","imported catalogue"
"ROLEX","m278384rbr-0025","unreviewed","unresolved — no verified source","unresolved — no verified source","unresolved — no verified source","unresolved — no verified source","https://www.rolex.com/en-gb/watches/datejust/m278384rbr-0025","imported catalogue"
"ROLEX","m278384rbr-0026","unreviewed","unresolved — no verified source","unresolved — no verified source","unresolved — no verified source","unresolved — no verified source","https://www.rolex.com/en-gb/watches/datejust/m278384rbr-0026","imported catalogue"
"ROLEX","m278384rbr-0027","unreviewed","unresolved — no verified source","unresolved — no verified source","unresolved — no verified source","unresolved — no verified source","https://www.rolex.com/en-gb/watches/datejust/m278384rbr-0027","imported catalogue"
"ROLEX","m278384rbr-0028","unreviewed","unresolved — no verified source","unresolved — no verified source","unresolved — no verified source","unresolved — no verified source","https://www.rolex.com/en-gb/watches/datejust/m278384rbr-0028","imported catalogue"
"ROLEX","m278384rbr-0029","unreviewed","unresolved — no verified source","unresolved — no verified source","unresolved — no verified source","unresolved — no verified source","https://www.rolex.com/en-gb/watches/datejust/m278384rbr-0029","imported catalogue"
"ROLEX","m278384rbr-0030","unreviewed","unresolved — no verified source","unresolved — no verified source","unresolved — no verified source","unresolved — no verified source","https://www.rolex.com/en-gb/watches/datejust/m278384rbr-0030","imported catalogue"
"ROLEX","m278384rbr-0031","unreviewed","unresolved — no verified source","unresolved — no verified source","unresolved — no verified source","unresolved — no verified source","https://www.rolex.com/en-gb/watches/datejust/m278384rbr-0031","imported catalogue"
"ROLEX","m278384rbr-0032","unreviewed","unresolved — no verified source","unresolved — no verified source","unresolved — no verified source","unresolved — no verified source","https://www.rolex.com/en-gb/watches/datejust/m278384rbr-0032","imported catalogue"
"ROLEX","m278384rbr-0033","unreviewed","unresolved — no verified source","unresolved — no verified source","unresolved — no verified source","unresolved — no verified source","https://www.rolex.com/en-gb/watches/datejust/m278384rbr-0033","imported catalogue"
"ROLEX","m278384rbr-0034","unreviewed","unresolved — no verified source","unresolved — no verified source","unresolved — no verified source","unresolved — no verified source","https://www.rolex.com/en-gb/watches/datejust/m278384rbr-0034","imported catalogue"
"ROLEX","m278384rbr-0035","unreviewed","unresolved — no verified source","unresolved — no verified source","unresolved — no verified source","unresolved — no verified source","https://www.rolex.com/en-gb/watches/datejust/m278384rbr-0035","imported catalogue"
"ROLEX","m278384rbr-0036","unreviewed","unresolved — no verified source","unresolved — no verified source","unresolved — no verified source","unresolved — no verified source","https://www.rolex.com/en-gb/watches/datejust/m278384rbr-0036","imported catalogue"
"ROLEX","m278384rbr-0037","unreviewed","unresolved — no verified source","unresolved — no verified source","unresolved — no verified source","unresolved — no verified source","https://www.rolex.com/en-gb/watches/datejust/m278384rbr-0037","imported catalogue"
"ROLEX","m278384rbr-0038","unreviewed","unresolved — no verified source","unresolved — no verified source","unresolved — no verified source","unresolved — no verified source","https://www.rolex.com/en-gb/watches/datejust/m278384rbr-0038","imported catalogue"
"ROLEX","m279135rbr-0001","unreviewed","unresolved — no verified source","unresolved — no verified source","unresolved — no verified source","unresolved — no verified source","https://www.rolex.com/en-gb/watches/lady-datejust/m279135rbr-0001","imported catalogue"
"ROLEX","m279135rbr-0002","unreviewed","unresolved — no verified source","unresolved — no verified source","unresolved — no verified source","unresolved — no verified source","https://www.rolex.com/en-gb/watches/lady-datejust/m279135rbr-0002","imported catalogue"
"ROLEX","m279135rbr-0005","unreviewed","unresolved — no verified source","unresolved — no verified source","unresolved — no verified source","unresolved — no verified source","https://www.rolex.com/en-gb/watches/lady-datejust/m279135rbr-0005","imported catalogue"
"ROLEX","m279135rbr-0008","unreviewed","unresolved — no verified source","unresolved — no verified source","unresolved — no verified source","unresolved — no verified source","https://www.rolex.com/en-gb/watches/lady-datejust/m279135rbr-0008","imported catalogue"
"ROLEX","m279135rbr-0010","unreviewed","unresolved — no verified source","unresolved — no verified source","unresolved — no verified source","unresolved — no verified source","https://www.rolex.com/en-gb/watches/lady-datejust/m279135rbr-0010","imported catalogue"
"ROLEX","m279135rbr-0011","unreviewed","unresolved — no verified source","unresolved — no verified source","unresolved — no verified source","unresolved — no verified source","https://www.rolex.com/en-gb/watches/lady-datejust/m279135rbr-0011","imported catalogue"
"ROLEX","m279135rbr-0012","unreviewed","unresolved — no verified source","unresolved — no verified source","unresolved — no verified source","unresolved — no verified source","https://www.rolex.com/en-gb/watches/lady-datejust/m279135rbr-0012","imported catalogue"
"ROLEX","m279135rbr-0014","unreviewed","unresolved — no verified source","unresolved — no verified source","unresolved — no verified source","unresolved — no verified source","https://www.rolex.com/en-gb/watches/lady-datejust/m279135rbr-0014","imported catalogue"
"ROLEX","m279135rbr-0015","unreviewed","unresolved — no verified source","unresolved — no verified source","unresolved — no verified source","unresolved — no verified source","https://www.rolex.com/en-gb/watches/lady-datejust/m279135rbr-0015","imported catalogue"
"ROLEX","m279135rbr-0016","unreviewed","unresolved — no verified source","unresolved — no verified source","unresolved — no verified source","unresolved — no verified source","https://www.rolex.com/en-gb/watches/lady-datejust/m279135rbr-0016","imported catalogue"
"ROLEX","m279135rbr-0017","unreviewed","unresolved — no verified source","unresolved — no verified source","unresolved — no verified source","unresolved — no verified source","https://www.rolex.com/en-gb/watches/lady-datejust/m279135rbr-0017","imported catalogue"
"ROLEX","m279135rbr-0018","unreviewed","unresolved — no verified source","unresolved — no verified source","unresolved — no verified source","unresolved — no verified source","https://www.rolex.com/en-gb/watches/lady-datejust/m279135rbr-0018","imported catalogue"
"ROLEX","m279135rbr-0019","unreviewed","unresolved — no verified source","unresolved — no verified source","unresolved — no verified source","unresolved — no verified source","https://www.rolex.com/en-gb/watches/lady-datejust/m279135rbr-0019","imported catalogue"
"ROLEX","m279135rbr-0020","unreviewed","unresolved — no verified source","unresolved — no verified source","unresolved — no verified source","unresolved — no verified source","https://www.rolex.com/en-gb/watches/lady-datejust/m279135rbr-0020","imported catalogue"
"ROLEX","m279135rbr-0021","unreviewed","unresolved — no verified source","unresolved — no verified source","unresolved — no verified source","unresolved — no verified source","https://www.rolex.com/en-gb/watches/lady-datejust/m279135rbr-0021","imported catalogue"
"ROLEX","m279135rbr-0022","unreviewed","unresolved — no verified source","unresolved — no verified source","unresolved — no verified source","unresolved — no verified source","https://www.rolex.com/en-gb/watches/lady-datejust/m279135rbr-0022","imported catalogue"
"ROLEX","m279135rbr-0023","unreviewed","unresolved — no verified source","unresolved — no verified source","unresolved — no verified source","unresolved — no verified source","https://www.rolex.com/en-gb/watches/lady-datejust/m279135rbr-0023","imported catalogue"
"ROLEX","m279135rbr-0024","unreviewed","unresolved — no verified source","unresolved — no verified source","unresolved — no verified source","unresolved — no verified source","https://www.rolex.com/en-gb/watches/lady-datejust/m279135rbr-0024","imported catalogue"
"ROLEX","m279135rbr-0025","unreviewed","unresolved — no verified source","unresolved — no verified source","unresolved — no verified source","unresolved — no verified source","https://www.rolex.com/en-gb/watches/lady-datejust/m279135rbr-0025","imported catalogue"
"ROLEX","m279135rbr-0026","unreviewed","unresolved — no verified source","unresolved — no verified source","unresolved — no verified source","unresolved — no verified source","https://www.rolex.com/en-gb/watches/lady-datejust/m279135rbr-0026","imported catalogue"
"ROLEX","m279135rbr-0027","unreviewed","unresolved — no verified source","unresolved — no verified source","unresolved — no verified source","unresolved — no verified source","https://www.rolex.com/en-gb/watches/lady-datejust/m279135rbr-0027","imported catalogue"
"ROLEX","m279135rbr-0028","unreviewed","unresolved — no verified source","unresolved — no verified source","unresolved — no verified source","unresolved — no verified source","https://www.rolex.com/en-gb/watches/lady-datejust/m279135rbr-0028","imported catalogue"
"ROLEX","m279135rbr-0029","unreviewed","unresolved — no verified source","unresolved — no verified source","unresolved — no verified source","unresolved — no verified source","https://www.rolex.com/en-gb/watches/lady-datejust/m279135rbr-0029","imported catalogue"
"ROLEX","m279135rbr-0030","unreviewed","unresolved — no verified source","unresolved — no verified source","unresolved — no verified source","unresolved — no verified source","https://www.rolex.com/en-gb/watches/lady-datejust/m279135rbr-0030","imported catalogue"
"ROLEX","m279138rbr-0001","unreviewed","unresolved — no verified source","unresolved — no verified source","unresolved — no verified source","unresolved — no verified source","https://www.rolex.com/en-gb/watches/lady-datejust/m279138rbr-0001","imported catalogue"
"ROLEX","m279138rbr-0002","unreviewed","unresolved — no verified source","unresolved — no verified source","unresolved — no verified source","unresolved — no verified source","https://www.rolex.com/en-gb/watches/lady-datejust/m279138rbr-0002","imported catalogue"
"ROLEX","m279138rbr-0005","unreviewed","unresolved — no verified source","unresolved — no verified source","unresolved — no verified source","unresolved — no verified source","https://www.rolex.com/en-gb/watches/lady-datejust/m279138rbr-0005","imported catalogue"
"ROLEX","m279138rbr-0006","unreviewed","unresolved — no verified source","unresolved — no verified source","unresolved — no verified source","unresolved — no verified source","https://www.rolex.com/en-gb/watches/lady-datejust/m279138rbr-0006","imported catalogue"
"ROLEX","m279138rbr-0007","unreviewed","unresolved — no verified source","unresolved — no verified source","unresolved — no verified source","unresolved — no verified source","https://www.rolex.com/en-gb/watches/lady-datejust/m279138rbr-0007","imported catalogue"
"ROLEX","m279138rbr-0012","unreviewed","unresolved — no verified source","unresolved — no verified source","unresolved — no verified source","unresolved — no verified source","https://www.rolex.com/en-gb/watches/lady-datejust/m279138rbr-0012","imported catalogue"
"ROLEX","m279138rbr-0013","unreviewed","unresolved — no verified source","unresolved — no verified source","unresolved — no verified source","unresolved — no verified source","https://www.rolex.com/en-gb/watches/lady-datejust/m279138rbr-0013","imported catalogue"
"ROLEX","m279138rbr-0014","unreviewed","unresolved — no verified source","unresolved — no verified source","unresolved — no verified source","unresolved — no verified source","https://www.rolex.com/en-gb/watches/lady-datejust/m279138rbr-0014","imported catalogue"
"ROLEX","m279138rbr-0015","unreviewed","unresolved — no verified source","unresolved — no verified source","unresolved — no verified source","unresolved — no verified source","https://www.rolex.com/en-gb/watches/lady-datejust/m279138rbr-0015","imported catalogue"
"ROLEX","m279138rbr-0016","unreviewed","unresolved — no verified source","unresolved — no verified source","unresolved — no verified source","unresolved — no verified source","https://www.rolex.com/en-gb/watches/lady-datejust/m279138rbr-0016","imported catalogue"
"ROLEX","m279138rbr-0017","unreviewed","unresolved — no verified source","unresolved — no verified source","unresolved — no verified source","unresolved — no verified source","https://www.rolex.com/en-gb/watches/lady-datejust/m279138rbr-0017","imported catalogue"
"ROLEX","m279138rbr-0018","unreviewed","unresolved — no verified source","unresolved — no verified source","unresolved — no verified source","unresolved — no verified source","https://www.rolex.com/en-gb/watches/lady-datejust/m279138rbr-0018","imported catalogue"
"ROLEX","m279138rbr-0019","unreviewed","unresolved — no verified source","unresolved — no verified source","unresolved — no verified source","unresolved — no verified source","https://www.rolex.com/en-gb/watches/lady-datejust/m279138rbr-0019","imported catalogue"
"ROLEX","m279138rbr-0020","unreviewed","unresolved — no verified source","unresolved — no verified source","unresolved — no verified source","unresolved — no verified source","https://www.rolex.com/en-gb/watches/lady-datejust/m279138rbr-0020","imported catalogue"
"ROLEX","m279138rbr-0021","unreviewed","unresolved — no verified source","unresolved — no verified source","unresolved — no verified source","unresolved — no verified source","https://www.rolex.com/en-gb/watches/lady-datejust/m279138rbr-0021","imported catalogue"
"ROLEX","m279138rbr-0022","unreviewed","unresolved — no verified source","unresolved — no verified source","unresolved — no verified source","unresolved — no verified source","https://www.rolex.com/en-gb/watches/lady-datejust/m279138rbr-0022","imported catalogue"
"ROLEX","m279138rbr-0023","unreviewed","unresolved — no verified source","unresolved — no verified source","unresolved — no verified source","unresolved — no verified source","https://www.rolex.com/en-gb/watches/lady-datejust/m279138rbr-0023","imported catalogue"
"ROLEX","m279138rbr-0024","unreviewed","unresolved — no verified source","unresolved — no verified source","unresolved — no verified source","unresolved — no verified source","https://www.rolex.com/en-gb/watches/lady-datejust/m279138rbr-0024","imported catalogue"
"ROLEX","m279138rbr-0029","unreviewed","unresolved — no verified source","unresolved — no verified source","unresolved — no verified source","unresolved — no verified source","https://www.rolex.com/en-gb/watches/lady-datejust/m279138rbr-0029","imported catalogue"
"ROLEX","m279138rbr-0030","unreviewed","unresolved — no verified source","unresolved — no verified source","unresolved — no verified source","unresolved — no verified source","https://www.rolex.com/en-gb/watches/lady-datejust/m279138rbr-0030","imported catalogue"
"ROLEX","m279138rbr-0031","unreviewed","unresolved — no verified source","unresolved — no verified source","unresolved — no verified source","unresolved — no verified source","https://www.rolex.com/en-gb/watches/lady-datejust/m279138rbr-0031","imported catalogue"
"ROLEX","m279138rbr-0032","unreviewed","unresolved — no verified source","unresolved — no verified source","unresolved — no verified source","unresolved — no verified source","https://www.rolex.com/en-gb/watches/lady-datejust/m279138rbr-0032","imported catalogue"
"ROLEX","m279139rbr-0002","unreviewed","unresolved — no verified source","unresolved — no verified source","unresolved — no verified source","unresolved — no verified source","https://www.rolex.com/en-gb/watches/lady-datejust/m279139rbr-0002","imported catalogue"
"ROLEX","m279139rbr-0003","unreviewed","unresolved — no verified source","unresolved — no verified source","unresolved — no verified source","unresolved — no verified source","https://www.rolex.com/en-gb/watches/lady-datejust/m279139rbr-0003","imported catalogue"
"ROLEX","m279139rbr-0004","unreviewed","unresolved — no verified source","unresolved — no verified source","unresolved — no verified source","unresolved — no verified source","https://www.rolex.com/en-gb/watches/lady-datejust/m279139rbr-0004","imported catalogue"
"ROLEX","m279139rbr-0005","unreviewed","unresolved — no verified source","unresolved — no verified source","unresolved — no verified source","unresolved — no verified source","https://www.rolex.com/en-gb/watches/lady-datejust/m279139rbr-0005","imported catalogue"
"ROLEX","m279139rbr-0006","unreviewed","unresolved — no verified source","unresolved — no verified source","unresolved — no verified source","unresolved — no verified source","https://www.rolex.com/en-gb/watches/lady-datejust/m279139rbr-0006","imported catalogue"
"ROLEX","m279139rbr-0007","unreviewed","unresolved — no verified source","unresolved — no verified source","unresolved — no verified source","unresolved — no verified source","https://www.rolex.com/en-gb/watches/lady-datejust/m279139rbr-0007","imported catalogue"
"ROLEX","m279139rbr-0008","unreviewed","unresolved — no verified source","unresolved — no verified source","unresolved — no verified source","unresolved — no verified source","https://www.rolex.com/en-gb/watches/lady-datejust/m279139rbr-0008","imported catalogue"
"ROLEX","m279139rbr-0009","unreviewed","unresolved — no verified source","unresolved — no verified source","unresolved — no verified source","unresolved — no verified source","https://www.rolex.com/en-gb/watches/lady-datejust/m279139rbr-0009","imported catalogue"
"ROLEX","m279139rbr-0010","unreviewed","unresolved — no verified source","unresolved — no verified source","unresolved — no verified source","unresolved — no verified source","https://www.rolex.com/en-gb/watches/lady-datejust/m279139rbr-0010","imported catalogue"
"ROLEX","m279139rbr-0011","unreviewed","unresolved — no verified source","unresolved — no verified source","unresolved — no verified source","unresolved — no verified source","https://www.rolex.com/en-gb/watches/lady-datejust/m279139rbr-0011","imported catalogue"
"ROLEX","m279139rbr-0012","unreviewed","unresolved — no verified source","unresolved — no verified source","unresolved — no verified source","unresolved — no verified source","https://www.rolex.com/en-gb/watches/lady-datejust/m279139rbr-0012","imported catalogue"
"ROLEX","m279139rbr-0013","unreviewed","unresolved — no verified source","unresolved — no verified source","unresolved — no verified source","unresolved — no verified source","https://www.rolex.com/en-gb/watches/lady-datejust/m279139rbr-0013","imported catalogue"
"ROLEX","m279139rbr-0014","unreviewed","unresolved — no verified source","unresolved — no verified source","unresolved — no verified source","unresolved — no verified source","https://www.rolex.com/en-gb/watches/lady-datejust/m279139rbr-0014","imported catalogue"
"ROLEX","m279160-0001","unreviewed","unresolved — no verified source","unresolved — no verified source","unresolved — no verified source","unresolved — no verified source","https://www.rolex.com/en-gb/watches/lady-datejust/m279160-0001","imported catalogue"
"ROLEX","m279160-0002","unreviewed","unresolved — no verified source","unresolved — no verified source","unresolved — no verified source","unresolved — no verified source","https://www.rolex.com/en-gb/watches/lady-datejust/m279160-0002","imported catalogue"
"ROLEX","m279160-0005","unreviewed","unresolved — no verified source","unresolved — no verified source","unresolved — no verified source","unresolved — no verified source","https://www.rolex.com/en-gb/watches/lady-datejust/m279160-0005","imported catalogue"
"ROLEX","m279160-0006","unreviewed","unresolved — no verified source","unresolved — no verified source","unresolved — no verified source","unresolved — no verified source","https://www.rolex.com/en-gb/watches/lady-datejust/m279160-0006","imported catalogue"
"ROLEX","m279160-0007","unreviewed","unresolved — no verified source","unresolved — no verified source","unresolved — no verified source","unresolved — no verified source","https://www.rolex.com/en-gb/watches/lady-datejust/m279160-0007","imported catalogue"
"ROLEX","m279160-0008","unreviewed","unresolved — no verified source","unresolved — no verified source","unresolved — no verified source","unresolved — no verified source","https://www.rolex.com/en-gb/watches/lady-datejust/m279160-0008","imported catalogue"
"ROLEX","m279160-0009","unreviewed","unresolved — no verified source","unresolved — no verified source","unresolved — no verified source","unresolved — no verified source","https://www.rolex.com/en-gb/watches/lady-datejust/m279160-0009","imported catalogue"
"ROLEX","m279160-0010","unreviewed","unresolved — no verified source","unresolved — no verified source","unresolved — no verified source","unresolved — no verified source","https://www.rolex.com/en-gb/watches/lady-datejust/m279160-0010","imported catalogue"
"ROLEX","m279160-0011","unreviewed","unresolved — no verified source","unresolved — no verified source","unresolved — no verified source","unresolved — no verified source","https://www.rolex.com/en-gb/watches/lady-datejust/m279160-0011","imported catalogue"
"ROLEX","m279160-0012","unreviewed","unresolved — no verified source","unresolved — no verified source","unresolved — no verified source","unresolved — no verified source","https://www.rolex.com/en-gb/watches/lady-datejust/m279160-0012","imported catalogue"
"ROLEX","m279160-0013","unreviewed","unresolved — no verified source","unresolved — no verified source","unresolved — no verified source","unresolved — no verified source","https://www.rolex.com/en-gb/watches/lady-datejust/m279160-0013","imported catalogue"
"ROLEX","m279160-0014","unreviewed","unresolved — no verified source","unresolved — no verified source","unresolved — no verified source","unresolved — no verified source","https://www.rolex.com/en-gb/watches/lady-datejust/m279160-0014","imported catalogue"
"ROLEX","m279160-0015","unreviewed","unresolved — no verified source","unresolved — no verified source","unresolved — no verified source","unresolved — no verified source","https://www.rolex.com/en-gb/watches/lady-datejust/m279160-0015","imported catalogue"
"ROLEX","m279160-0016","unreviewed","unresolved — no verified source","unresolved — no verified source","unresolved — no verified source","unresolved — no verified source","https://www.rolex.com/en-gb/watches/lady-datejust/m279160-0016","imported catalogue"
"ROLEX","m279161-0003","unreviewed","unresolved — no verified source","unresolved — no verified source","unresolved — no verified source","unresolved — no verified source","https://www.rolex.com/en-gb/watches/lady-datejust/m279161-0003","imported catalogue"
"ROLEX","m279161-0004","unreviewed","unresolved — no verified source","unresolved — no verified source","unresolved — no verified source","unresolved — no verified source","https://www.rolex.com/en-gb/watches/lady-datejust/m279161-0004","imported catalogue"
"ROLEX","m279161-0007","unreviewed","unresolved — no verified source","unresolved — no verified source","unresolved — no verified source","unresolved — no verified source","https://www.rolex.com/en-gb/watches/lady-datejust/m279161-0007","imported catalogue"
"ROLEX","m279161-0008","unreviewed","unresolved — no verified source","unresolved — no verified source","unresolved — no verified source","unresolved — no verified source","https://www.rolex.com/en-gb/watches/lady-datejust/m279161-0008","imported catalogue"
"ROLEX","m279161-0009","unreviewed","unresolved — no verified source","unresolved — no verified source","unresolved — no verified source","unresolved — no verified source","https://www.rolex.com/en-gb/watches/lady-datejust/m279161-0009","imported catalogue"
"ROLEX","m279161-0010","unreviewed","unresolved — no verified source","unresolved — no verified source","unresolved — no verified source","unresolved — no verified source","https://www.rolex.com/en-gb/watches/lady-datejust/m279161-0010","imported catalogue"
"ROLEX","m279161-0011","unreviewed","unresolved — no verified source","unresolved — no verified source","unresolved — no verified source","unresolved — no verified source","https://www.rolex.com/en-gb/watches/lady-datejust/m279161-0011","imported catalogue"
"ROLEX","m279161-0012","unreviewed","unresolved — no verified source","unresolved — no verified source","unresolved — no verified source","unresolved — no verified source","https://www.rolex.com/en-gb/watches/lady-datejust/m279161-0012","imported catalogue"
"ROLEX","m279161-0013","unreviewed","unresolved — no verified source","unresolved — no verified source","unresolved — no verified source","unresolved — no verified source","https://www.rolex.com/en-gb/watches/lady-datejust/m279161-0013","imported catalogue"
"ROLEX","m279161-0014","unreviewed","unresolved — no verified source","unresolved — no verified source","unresolved — no verified source","unresolved — no verified source","https://www.rolex.com/en-gb/watches/lady-datejust/m279161-0014","imported catalogue"
"ROLEX","m279161-0015","unreviewed","unresolved — no verified source","unresolved — no verified source","unresolved — no verified source","unresolved — no verified source","https://www.rolex.com/en-gb/watches/lady-datejust/m279161-0015","imported catalogue"
"ROLEX","m279161-0016","unreviewed","unresolved — no verified source","unresolved — no verified source","unresolved — no verified source","unresolved — no verified source","https://www.rolex.com/en-gb/watches/lady-datejust/m279161-0016","imported catalogue"
"ROLEX","m279161-0017","unreviewed","unresolved — no verified source","unresolved — no verified source","unresolved — no verified source","unresolved — no verified source","https://www.rolex.com/en-gb/watches/lady-datejust/m279161-0017","imported catalogue"
"ROLEX","m279161-0018","unreviewed","unresolved — no verified source","unresolved — no verified source","unresolved — no verified source","unresolved — no verified source","https://www.rolex.com/en-gb/watches/lady-datejust/m279161-0018","imported catalogue"
"ROLEX","m279161-0021","unreviewed","unresolved — no verified source","unresolved — no verified source","unresolved — no verified source","unresolved — no verified source","https://www.rolex.com/en-gb/watches/lady-datejust/m279161-0021","imported catalogue"
"ROLEX","m279161-0022","unreviewed","unresolved — no verified source","unresolved — no verified source","unresolved — no verified source","unresolved — no verified source","https://www.rolex.com/en-gb/watches/lady-datejust/m279161-0022","imported catalogue"
"ROLEX","m279161-0023","unreviewed","unresolved — no verified source","unresolved — no verified source","unresolved — no verified source","unresolved — no verified source","https://www.rolex.com/en-gb/watches/lady-datejust/m279161-0023","imported catalogue"
"ROLEX","m279161-0024","unreviewed","unresolved — no verified source","unresolved — no verified source","unresolved — no verified source","unresolved — no verified source","https://www.rolex.com/en-gb/watches/lady-datejust/m279161-0024","imported catalogue"
"ROLEX","m279161-0025","unreviewed","unresolved — no verified source","unresolved — no verified source","unresolved — no verified source","unresolved — no verified source","https://www.rolex.com/en-gb/watches/lady-datejust/m279161-0025","imported catalogue"
"ROLEX","m279161-0026","unreviewed","unresolved — no verified source","unresolved — no verified source","unresolved — no verified source","unresolved — no verified source","https://www.rolex.com/en-gb/watches/lady-datejust/m279161-0026","imported catalogue"
"ROLEX","m279161-0027","unreviewed","unresolved — no verified source","unresolved — no verified source","unresolved — no verified source","unresolved — no verified source","https://www.rolex.com/en-gb/watches/lady-datejust/m279161-0027","imported catalogue"
"ROLEX","m279161-0028","unreviewed","unresolved — no verified source","unresolved — no verified source","unresolved — no verified source","unresolved — no verified source","https://www.rolex.com/en-gb/watches/lady-datejust/m279161-0028","imported catalogue"
"ROLEX","m279163-0001","unreviewed","unresolved — no verified source","unresolved — no verified source","unresolved — no verified source","unresolved — no verified source","https://www.rolex.com/en-gb/watches/lady-datejust/m279163-0001","imported catalogue"
"ROLEX","m279163-0002","unreviewed","unresolved — no verified source","unresolved — no verified source","unresolved — no verified source","unresolved — no verified source","https://www.rolex.com/en-gb/watches/lady-datejust/m279163-0002","imported catalogue"
"ROLEX","m279163-0003","unreviewed","unresolved — no verified source","unresolved — no verified source","unresolved — no verified source","unresolved — no verified source","https://www.rolex.com/en-gb/watches/lady-datejust/m279163-0003","imported catalogue"
"ROLEX","m279163-0004","unreviewed","unresolved — no verified source","unresolved — no verified source","unresolved — no verified source","unresolved — no verified source","https://www.rolex.com/en-gb/watches/lady-datejust/m279163-0004","imported catalogue"
"ROLEX","m279163-0005","unreviewed","unresolved — no verified source","unresolved — no verified source","unresolved — no verified source","unresolved — no verified source","https://www.rolex.com/en-gb/watches/lady-datejust/m279163-0005","imported catalogue"
"ROLEX","m279163-0006","unreviewed","unresolved — no verified source","unresolved — no verified source","unresolved — no verified source","unresolved — no verified source","https://www.rolex.com/en-gb/watches/lady-datejust/m279163-0006","imported catalogue"
"ROLEX","m279163-0007","unreviewed","unresolved — no verified source","unresolved — no verified source","unresolved — no verified source","unresolved — no verified source","https://www.rolex.com/en-gb/watches/lady-datejust/m279163-0007","imported catalogue"
"ROLEX","m279163-0008","unreviewed","unresolved — no verified source","unresolved — no verified source","unresolved — no verified source","unresolved — no verified source","https://www.rolex.com/en-gb/watches/lady-datejust/m279163-0008","imported catalogue"
"ROLEX","m279163-0009","unreviewed","unresolved — no verified source","unresolved — no verified source","unresolved — no verified source","unresolved — no verified source","https://www.rolex.com/en-gb/watches/lady-datejust/m279163-0009","imported catalogue"
"ROLEX","m279163-0010","unreviewed","unresolved — no verified source","unresolved — no verified source","unresolved — no verified source","unresolved — no verified source","https://www.rolex.com/en-gb/watches/lady-datejust/m279163-0010","imported catalogue"
"ROLEX","m279163-0011","unreviewed","unresolved — no verified source","unresolved — no verified source","unresolved — no verified source","unresolved — no verified source","https://www.rolex.com/en-gb/watches/lady-datejust/m279163-0011","imported catalogue"
"ROLEX","m279163-0012","unreviewed","unresolved — no verified source","unresolved — no verified source","unresolved — no verified source","unresolved — no verified source","https://www.rolex.com/en-gb/watches/lady-datejust/m279163-0012","imported catalogue"
"ROLEX","m279163-0013","unreviewed","unresolved — no verified source","unresolved — no verified source","unresolved — no verified source","unresolved — no verified source","https://www.rolex.com/en-gb/watches/lady-datejust/m279163-0013","imported catalogue"
"ROLEX","m279163-0014","unreviewed","unresolved — no verified source","unresolved — no verified source","unresolved — no verified source","unresolved — no verified source","https://www.rolex.com/en-gb/watches/lady-datejust/m279163-0014","imported catalogue"
"ROLEX","m279163-0019","unreviewed","unresolved — no verified source","unresolved — no verified source","unresolved — no verified source","unresolved — no verified source","https://www.rolex.com/en-gb/watches/lady-datejust/m279163-0019","imported catalogue"
"ROLEX","m279163-0020","unreviewed","unresolved — no verified source","unresolved — no verified source","unresolved — no verified source","unresolved — no verified source","https://www.rolex.com/en-gb/watches/lady-datejust/m279163-0020","imported catalogue"
"ROLEX","m279163-0021","unreviewed","unresolved — no verified source","unresolved — no verified source","unresolved — no verified source","unresolved — no verified source","https://www.rolex.com/en-gb/watches/lady-datejust/m279163-0021","imported catalogue"
"ROLEX","m279163-0022","unreviewed","unresolved — no verified source","unresolved — no verified source","unresolved — no verified source","unresolved — no verified source","https://www.rolex.com/en-gb/watches/lady-datejust/m279163-0022","imported catalogue"
"ROLEX","m279163-0023","unreviewed","unresolved — no verified source","unresolved — no verified source","unresolved — no verified source","unresolved — no verified source","https://www.rolex.com/en-gb/watches/lady-datejust/m279163-0023","imported catalogue"
"ROLEX","m279163-0024","unreviewed","unresolved — no verified source","unresolved — no verified source","unresolved — no verified source","unresolved — no verified source","https://www.rolex.com/en-gb/watches/lady-datejust/m279163-0024","imported catalogue"
"ROLEX","m279171-0003","unreviewed","unresolved — no verified source","unresolved — no verified source","unresolved — no verified source","unresolved — no verified source","https://www.rolex.com/en-gb/watches/lady-datejust/m279171-0003","imported catalogue"
"ROLEX","m279171-0004","unreviewed","unresolved — no verified source","unresolved — no verified source","unresolved — no verified source","unresolved — no verified source","https://www.rolex.com/en-gb/watches/lady-datejust/m279171-0004","imported catalogue"
"ROLEX","m279171-0007","unreviewed","unresolved — no verified source","unresolved — no verified source","unresolved — no verified source","unresolved — no verified source","https://www.rolex.com/en-gb/watches/lady-datejust/m279171-0007","imported catalogue"
"ROLEX","m279171-0008","unreviewed","unresolved — no verified source","unresolved — no verified source","unresolved — no verified source","unresolved — no verified source","https://www.rolex.com/en-gb/watches/lady-datejust/m279171-0008","imported catalogue"
"ROLEX","m279171-0009","unreviewed","unresolved — no verified source","unresolved — no verified source","unresolved — no verified source","unresolved — no verified source","https://www.rolex.com/en-gb/watches/lady-datejust/m279171-0009","imported catalogue"
"ROLEX","m279171-0010","unreviewed","unresolved — no verified source","unresolved — no verified source","unresolved — no verified source","unresolved — no verified source","https://www.rolex.com/en-gb/watches/lady-datejust/m279171-0010","imported catalogue"
"ROLEX","m279171-0011","unreviewed","unresolved — no verified source","unresolved — no verified source","unresolved — no verified source","unresolved — no verified source","https://www.rolex.com/en-gb/watches/lady-datejust/m279171-0011","imported catalogue"
"ROLEX","m279171-0012","unreviewed","unresolved — no verified source","unresolved — no verified source","unresolved — no verified source","unresolved — no verified source","https://www.rolex.com/en-gb/watches/lady-datejust/m279171-0012","imported catalogue"
"ROLEX","m279171-0013","unreviewed","unresolved — no verified source","unresolved — no verified source","unresolved — no verified source","unresolved — no verified source","https://www.rolex.com/en-gb/watches/lady-datejust/m279171-0013","imported catalogue"
"ROLEX","m279171-0014","unreviewed","unresolved — no verified source","unresolved — no verified source","unresolved — no verified source","unresolved — no verified source","https://www.rolex.com/en-gb/watches/lady-datejust/m279171-0014","imported catalogue"
"ROLEX","m279171-0015","unreviewed","unresolved — no verified source","unresolved — no verified source","unresolved — no verified source","unresolved — no verified source","https://www.rolex.com/en-gb/watches/lady-datejust/m279171-0015","imported catalogue"
"ROLEX","m279171-0016","unreviewed","unresolved — no verified source","unresolved — no verified source","unresolved — no verified source","unresolved — no verified source","https://www.rolex.com/en-gb/watches/lady-datejust/m279171-0016","imported catalogue"
"ROLEX","m279171-0017","unreviewed","unresolved — no verified source","unresolved — no verified source","unresolved — no verified source","unresolved — no verified source","https://www.rolex.com/en-gb/watches/lady-datejust/m279171-0017","imported catalogue"
"ROLEX","m279171-0018","unreviewed","unresolved — no verified source","unresolved — no verified source","unresolved — no verified source","unresolved — no verified source","https://www.rolex.com/en-gb/watches/lady-datejust/m279171-0018","imported catalogue"
"ROLEX","m279171-0021","unreviewed","unresolved — no verified source","unresolved — no verified source","unresolved — no verified source","unresolved — no verified source","https://www.rolex.com/en-gb/watches/lady-datejust/m279171-0021","imported catalogue"
"ROLEX","m279171-0022","unreviewed","unresolved — no verified source","unresolved — no verified source","unresolved — no verified source","unresolved — no verified source","https://www.rolex.com/en-gb/watches/lady-datejust/m279171-0022","imported catalogue"
"ROLEX","m279171-0023","unreviewed","unresolved — no verified source","unresolved — no verified source","unresolved — no verified source","unresolved — no verified source","https://www.rolex.com/en-gb/watches/lady-datejust/m279171-0023","imported catalogue"
"ROLEX","m279171-0024","unreviewed","unresolved — no verified source","unresolved — no verified source","unresolved — no verified source","unresolved — no verified source","https://www.rolex.com/en-gb/watches/lady-datejust/m279171-0024","imported catalogue"
"ROLEX","m279171-0025","unreviewed","unresolved — no verified source","unresolved — no verified source","unresolved — no verified source","unresolved — no verified source","https://www.rolex.com/en-gb/watches/lady-datejust/m279171-0025","imported catalogue"
"ROLEX","m279171-0026","unreviewed","unresolved — no verified source","unresolved — no verified source","unresolved — no verified source","unresolved — no verified source","https://www.rolex.com/en-gb/watches/lady-datejust/m279171-0026","imported catalogue"
"ROLEX","m279171-0027","unreviewed","unresolved — no verified source","unresolved — no verified source","unresolved — no verified source","unresolved — no verified source","https://www.rolex.com/en-gb/watches/lady-datejust/m279171-0027","imported catalogue"
"ROLEX","m279171-0028","unreviewed","unresolved — no verified source","unresolved — no verified source","unresolved — no verified source","unresolved — no verified source","https://www.rolex.com/en-gb/watches/lady-datejust/m279171-0028","imported catalogue"
"ROLEX","m279173-0001","unreviewed","unresolved — no verified source","unresolved — no verified source","unresolved — no verified source","unresolved — no verified source","https://www.rolex.com/en-gb/watches/lady-datejust/m279173-0001","imported catalogue"
"ROLEX","m279173-0002","unreviewed","unresolved — no verified source","unresolved — no verified source","unresolved — no verified source","unresolved — no verified source","https://www.rolex.com/en-gb/watches/lady-datejust/m279173-0002","imported catalogue"
"ROLEX","m279173-0003","unreviewed","unresolved — no verified source","unresolved — no verified source","unresolved — no verified source","unresolved — no verified source","https://www.rolex.com/en-gb/watches/lady-datejust/m279173-0003","imported catalogue"
"ROLEX","m279173-0004","unreviewed","unresolved — no verified source","unresolved — no verified source","unresolved — no verified source","unresolved — no verified source","https://www.rolex.com/en-gb/watches/lady-datejust/m279173-0004","imported catalogue"
"ROLEX","m279173-0005","unreviewed","unresolved — no verified source","unresolved — no verified source","unresolved — no verified source","unresolved — no verified source","https://www.rolex.com/en-gb/watches/lady-datejust/m279173-0005","imported catalogue"
"ROLEX","m279173-0006","unreviewed","unresolved — no verified source","unresolved — no verified source","unresolved — no verified source","unresolved — no verified source","https://www.rolex.com/en-gb/watches/lady-datejust/m279173-0006","imported catalogue"
"ROLEX","m279173-0007","unreviewed","unresolved — no verified source","unresolved — no verified source","unresolved — no verified source","unresolved — no verified source","https://www.rolex.com/en-gb/watches/lady-datejust/m279173-0007","imported catalogue"
"ROLEX","m279173-0008","unreviewed","unresolved — no verified source","unresolved — no verified source","unresolved — no verified source","unresolved — no verified source","https://www.rolex.com/en-gb/watches/lady-datejust/m279173-0008","imported catalogue"
"ROLEX","m279173-0009","unreviewed","unresolved — no verified source","unresolved — no verified source","unresolved — no verified source","unresolved — no verified source","https://www.rolex.com/en-gb/watches/lady-datejust/m279173-0009","imported catalogue"
"ROLEX","m279173-0010","unreviewed","unresolved — no verified source","unresolved — no verified source","unresolved — no verified source","unresolved — no verified source","https://www.rolex.com/en-gb/watches/lady-datejust/m279173-0010","imported catalogue"
"ROLEX","m279173-0011","unreviewed","unresolved — no verified source","unresolved — no verified source","unresolved — no verified source","unresolved — no verified source","https://www.rolex.com/en-gb/watches/lady-datejust/m279173-0011","imported catalogue"
"ROLEX","m279173-0012","unreviewed","unresolved — no verified source","unresolved — no verified source","unresolved — no verified source","unresolved — no verified source","https://www.rolex.com/en-gb/watches/lady-datejust/m279173-0012","imported catalogue"
"ROLEX","m279173-0013","unreviewed","unresolved — no verified source","unresolved — no verified source","unresolved — no verified source","unresolved — no verified source","https://www.rolex.com/en-gb/watches/lady-datejust/m279173-0013","imported catalogue"
"ROLEX","m279173-0014","unreviewed","unresolved — no verified source","unresolved — no verified source","unresolved — no verified source","unresolved — no verified source","https://www.rolex.com/en-gb/watches/lady-datejust/m279173-0014","imported catalogue"
"ROLEX","m279173-0019","unreviewed","unresolved — no verified source","unresolved — no verified source","unresolved — no verified source","unresolved — no verified source","https://www.rolex.com/en-gb/watches/lady-datejust/m279173-0019","imported catalogue"
"ROLEX","m279173-0020","unreviewed","unresolved — no verified source","unresolved — no verified source","unresolved — no verified source","unresolved — no verified source","https://www.rolex.com/en-gb/watches/lady-datejust/m279173-0020","imported catalogue"
"ROLEX","m279173-0021","unreviewed","unresolved — no verified source","unresolved — no verified source","unresolved — no verified source","unresolved — no verified source","https://www.rolex.com/en-gb/watches/lady-datejust/m279173-0021","imported catalogue"
"ROLEX","m279173-0022","unreviewed","unresolved — no verified source","unresolved — no verified source","unresolved — no verified source","unresolved — no verified source","https://www.rolex.com/en-gb/watches/lady-datejust/m279173-0022","imported catalogue"
"ROLEX","m279173-0023","unreviewed","unresolved — no verified source","unresolved — no verified source","unresolved — no verified source","unresolved — no verified source","https://www.rolex.com/en-gb/watches/lady-datejust/m279173-0023","imported catalogue"
"ROLEX","m279173-0024","unreviewed","unresolved — no verified source","unresolved — no verified source","unresolved — no verified source","unresolved — no verified source","https://www.rolex.com/en-gb/watches/lady-datejust/m279173-0024","imported catalogue"
"ROLEX","m279174-0001","unreviewed","unresolved — no verified source","unresolved — no verified source","unresolved — no verified source","unresolved — no verified source","https://www.rolex.com/en-gb/watches/lady-datejust/m279174-0001","imported catalogue"
"ROLEX","m279174-0002","unreviewed","unresolved — no verified source","unresolved — no verified source","unresolved — no verified source","unresolved — no verified source","https://www.rolex.com/en-gb/watches/lady-datejust/m279174-0002","imported catalogue"
"ROLEX","m279174-0003","unreviewed","unresolved — no verified source","unresolved — no verified source","unresolved — no verified source","unresolved — no verified source","https://www.rolex.com/en-gb/watches/lady-datejust/m279174-0003","imported catalogue"
"ROLEX","m279174-0004","unreviewed","unresolved — no verified source","unresolved — no verified source","unresolved — no verified source","unresolved — no verified source","https://www.rolex.com/en-gb/watches/lady-datejust/m279174-0004","imported catalogue"
"ROLEX","m279174-0005","unreviewed","unresolved — no verified source","unresolved — no verified source","unresolved — no verified source","unresolved — no verified source","https://www.rolex.com/en-gb/watches/lady-datejust/m279174-0005","imported catalogue"
"ROLEX","m279174-0006","unreviewed","unresolved — no verified source","unresolved — no verified source","unresolved — no verified source","unresolved — no verified source","https://www.rolex.com/en-gb/watches/lady-datejust/m279174-0006","imported catalogue"
"ROLEX","m279174-0007","unreviewed","unresolved — no verified source","unresolved — no verified source","unresolved — no verified source","unresolved — no verified source","https://www.rolex.com/en-gb/watches/lady-datejust/m279174-0007","imported catalogue"
"ROLEX","m279174-0008","unreviewed","unresolved — no verified source","unresolved — no verified source","unresolved — no verified source","unresolved — no verified source","https://www.rolex.com/en-gb/watches/lady-datejust/m279174-0008","imported catalogue"
"ROLEX","m279174-0009","unreviewed","unresolved — no verified source","unresolved — no verified source","unresolved — no verified source","unresolved — no verified source","https://www.rolex.com/en-gb/watches/lady-datejust/m279174-0009","imported catalogue"
"ROLEX","m279174-0010","unreviewed","unresolved — no verified source","unresolved — no verified source","unresolved — no verified source","unresolved — no verified source","https://www.rolex.com/en-gb/watches/lady-datejust/m279174-0010","imported catalogue"
"ROLEX","m279174-0011","unreviewed","unresolved — no verified source","unresolved — no verified source","unresolved — no verified source","unresolved — no verified source","https://www.rolex.com/en-gb/watches/lady-datejust/m279174-0011","imported catalogue"
"ROLEX","m279174-0012","unreviewed","unresolved — no verified source","unresolved — no verified source","unresolved — no verified source","unresolved — no verified source","https://www.rolex.com/en-gb/watches/lady-datejust/m279174-0012","imported catalogue"
"ROLEX","m279174-0013","unreviewed","unresolved — no verified source","unresolved — no verified source","unresolved — no verified source","unresolved — no verified source","https://www.rolex.com/en-gb/watches/lady-datejust/m279174-0013","imported catalogue"
"ROLEX","m279174-0014","unreviewed","unresolved — no verified source","unresolved — no verified source","unresolved — no verified source","unresolved — no verified source","https://www.rolex.com/en-gb/watches/lady-datejust/m279174-0014","imported catalogue"
"ROLEX","m279174-0015","unreviewed","unresolved — no verified source","unresolved — no verified source","unresolved — no verified source","unresolved — no verified source","https://www.rolex.com/en-gb/watches/lady-datejust/m279174-0015","imported catalogue"
"ROLEX","m279174-0016","unreviewed","unresolved — no verified source","unresolved — no verified source","unresolved — no verified source","unresolved — no verified source","https://www.rolex.com/en-gb/watches/lady-datejust/m279174-0016","imported catalogue"
"ROLEX","m279174-0017","unreviewed","unresolved — no verified source","unresolved — no verified source","unresolved — no verified source","unresolved — no verified source","https://www.rolex.com/en-gb/watches/lady-datejust/m279174-0017","imported catalogue"
"ROLEX","m279174-0018","unreviewed","unresolved — no verified source","unresolved — no verified source","unresolved — no verified source","unresolved — no verified source","https://www.rolex.com/en-gb/watches/lady-datejust/m279174-0018","imported catalogue"
"ROLEX","m279174-0019","unreviewed","unresolved — no verified source","unresolved — no verified source","unresolved — no verified source","unresolved — no verified source","https://www.rolex.com/en-gb/watches/lady-datejust/m279174-0019","imported catalogue"
"ROLEX","m279174-0020","unreviewed","unresolved — no verified source","unresolved — no verified source","unresolved — no verified source","unresolved — no verified source","https://www.rolex.com/en-gb/watches/lady-datejust/m279174-0020","imported catalogue"
"ROLEX","m279174-0021","unreviewed","unresolved — no verified source","unresolved — no verified source","unresolved — no verified source","unresolved — no verified source","https://www.rolex.com/en-gb/watches/lady-datejust/m279174-0021","imported catalogue"
"ROLEX","m279174-0022","unreviewed","unresolved — no verified source","unresolved — no verified source","unresolved — no verified source","unresolved — no verified source","https://www.rolex.com/en-gb/watches/lady-datejust/m279174-0022","imported catalogue"
"ROLEX","m279175-0002","unreviewed","unresolved — no verified source","unresolved — no verified source","unresolved — no verified source","unresolved — no verified source","https://www.rolex.com/en-gb/watches/lady-datejust/m279175-0002","imported catalogue"
"ROLEX","m279175-0004","unreviewed","unresolved — no verified source","unresolved — no verified source","unresolved — no verified source","unresolved — no verified source","https://www.rolex.com/en-gb/watches/lady-datejust/m279175-0004","imported catalogue"
"ROLEX","m279175-0007","unreviewed","unresolved — no verified source","unresolved — no verified source","unresolved — no verified source","unresolved — no verified source","https://www.rolex.com/en-gb/watches/lady-datejust/m279175-0007","imported catalogue"
"ROLEX","m279175-0008","unreviewed","unresolved — no verified source","unresolved — no verified source","unresolved — no verified source","unresolved — no verified source","https://www.rolex.com/en-gb/watches/lady-datejust/m279175-0008","imported catalogue"
"ROLEX","m279175-0009","unreviewed","unresolved — no verified source","unresolved — no verified source","unresolved — no verified source","unresolved — no verified source","https://www.rolex.com/en-gb/watches/lady-datejust/m279175-0009","imported catalogue"
"ROLEX","m279175-0010","unreviewed","unresolved — no verified source","unresolved — no verified source","unresolved — no verified source","unresolved — no verified source","https://www.rolex.com/en-gb/watches/lady-datejust/m279175-0010","imported catalogue"
"ROLEX","m279175-0013","unreviewed","unresolved — no verified source","unresolved — no verified source","unresolved — no verified source","unresolved — no verified source","https://www.rolex.com/en-gb/watches/lady-datejust/m279175-0013","imported catalogue"
"ROLEX","m279175-0014","unreviewed","unresolved — no verified source","unresolved — no verified source","unresolved — no verified source","unresolved — no verified source","https://www.rolex.com/en-gb/watches/lady-datejust/m279175-0014","imported catalogue"
"ROLEX","m279175-0015","unreviewed","unresolved — no verified source","unresolved — no verified source","unresolved — no verified source","unresolved — no verified source","https://www.rolex.com/en-gb/watches/lady-datejust/m279175-0015","imported catalogue"
"ROLEX","m279175-0016","unreviewed","unresolved — no verified source","unresolved — no verified source","unresolved — no verified source","unresolved — no verified source","https://www.rolex.com/en-gb/watches/lady-datejust/m279175-0016","imported catalogue"
"ROLEX","m279175-0017","unreviewed","unresolved — no verified source","unresolved — no verified source","unresolved — no verified source","unresolved — no verified source","https://www.rolex.com/en-gb/watches/lady-datejust/m279175-0017","imported catalogue"
"ROLEX","m279175-0018","unreviewed","unresolved — no verified source","unresolved — no verified source","unresolved — no verified source","unresolved — no verified source","https://www.rolex.com/en-gb/watches/lady-datejust/m279175-0018","imported catalogue"
"ROLEX","m279175-0019","unreviewed","unresolved — no verified source","unresolved — no verified source","unresolved — no verified source","unresolved — no verified source","https://www.rolex.com/en-gb/watches/lady-datejust/m279175-0019","imported catalogue"
"ROLEX","m279175-0020","unreviewed","unresolved — no verified source","unresolved — no verified source","unresolved — no verified source","unresolved — no verified source","https://www.rolex.com/en-gb/watches/lady-datejust/m279175-0020","imported catalogue"
"ROLEX","m279175-0021","unreviewed","unresolved — no verified source","unresolved — no verified source","unresolved — no verified source","unresolved — no verified source","https://www.rolex.com/en-gb/watches/lady-datejust/m279175-0021","imported catalogue"
"ROLEX","m279175-0022","unreviewed","unresolved — no verified source","unresolved — no verified source","unresolved — no verified source","unresolved — no verified source","https://www.rolex.com/en-gb/watches/lady-datejust/m279175-0022","imported catalogue"
"ROLEX","m279175-0023","unreviewed","unresolved — no verified source","unresolved — no verified source","unresolved — no verified source","unresolved — no verified source","https://www.rolex.com/en-gb/watches/lady-datejust/m279175-0023","imported catalogue"
"ROLEX","m279175-0024","unreviewed","unresolved — no verified source","unresolved — no verified source","unresolved — no verified source","unresolved — no verified source","https://www.rolex.com/en-gb/watches/lady-datejust/m279175-0024","imported catalogue"
"ROLEX","m279175-0025","unreviewed","unresolved — no verified source","unresolved — no verified source","unresolved — no verified source","unresolved — no verified source","https://www.rolex.com/en-gb/watches/lady-datejust/m279175-0025","imported catalogue"
"ROLEX","m279175-0026","unreviewed","unresolved — no verified source","unresolved — no verified source","unresolved — no verified source","unresolved — no verified source","https://www.rolex.com/en-gb/watches/lady-datejust/m279175-0026","imported catalogue"
"ROLEX","m279175-0027","unreviewed","unresolved — no verified source","unresolved — no verified source","unresolved — no verified source","unresolved — no verified source","https://www.rolex.com/en-gb/watches/lady-datejust/m279175-0027","imported catalogue"
"ROLEX","m279175-0028","unreviewed","unresolved — no verified source","unresolved — no verified source","unresolved — no verified source","unresolved — no verified source","https://www.rolex.com/en-gb/watches/lady-datejust/m279175-0028","imported catalogue"
"ROLEX","m279175-0029","unreviewed","unresolved — no verified source","unresolved — no verified source","unresolved — no verified source","unresolved — no verified source","https://www.rolex.com/en-gb/watches/lady-datejust/m279175-0029","imported catalogue"
"ROLEX","m279175-0030","unreviewed","unresolved — no verified source","unresolved — no verified source","unresolved — no verified source","unresolved — no verified source","https://www.rolex.com/en-gb/watches/lady-datejust/m279175-0030","imported catalogue"
"ROLEX","m279178-0001","unreviewed","unresolved — no verified source","unresolved — no verified source","unresolved — no verified source","unresolved — no verified source","https://www.rolex.com/en-gb/watches/lady-datejust/m279178-0001","imported catalogue"
"ROLEX","m279178-0002","unreviewed","unresolved — no verified source","unresolved — no verified source","unresolved — no verified source","unresolved — no verified source","https://www.rolex.com/en-gb/watches/lady-datejust/m279178-0002","imported catalogue"
"ROLEX","m279178-0003","unreviewed","unresolved — no verified source","unresolved — no verified source","unresolved — no verified source","unresolved — no verified source","https://www.rolex.com/en-gb/watches/lady-datejust/m279178-0003","imported catalogue"
"ROLEX","m279178-0004","unreviewed","unresolved — no verified source","unresolved — no verified source","unresolved — no verified source","unresolved — no verified source","https://www.rolex.com/en-gb/watches/lady-datejust/m279178-0004","imported catalogue"
"ROLEX","m279178-0005","unreviewed","unresolved — no verified source","unresolved — no verified source","unresolved — no verified source","unresolved — no verified source","https://www.rolex.com/en-gb/watches/lady-datejust/m279178-0005","imported catalogue"
"ROLEX","m279178-0006","unreviewed","unresolved — no verified source","unresolved — no verified source","unresolved — no verified source","unresolved — no verified source","https://www.rolex.com/en-gb/watches/lady-datejust/m279178-0006","imported catalogue"
"ROLEX","m279178-0013","unreviewed","unresolved — no verified source","unresolved — no verified source","unresolved — no verified source","unresolved — no verified source","https://www.rolex.com/en-gb/watches/lady-datejust/m279178-0013","imported catalogue"
"ROLEX","m279178-0014","unreviewed","unresolved — no verified source","unresolved — no verified source","unresolved — no verified source","unresolved — no verified source","https://www.rolex.com/en-gb/watches/lady-datejust/m279178-0014","imported catalogue"
"ROLEX","m279178-0015","unreviewed","unresolved — no verified source","unresolved — no verified source","unresolved — no verified source","unresolved — no verified source","https://www.rolex.com/en-gb/watches/lady-datejust/m279178-0015","imported catalogue"
"ROLEX","m279178-0016","unreviewed","unresolved — no verified source","unresolved — no verified source","unresolved — no verified source","unresolved — no verified source","https://www.rolex.com/en-gb/watches/lady-datejust/m279178-0016","imported catalogue"
"ROLEX","m279178-0017","unreviewed","unresolved — no verified source","unresolved — no verified source","unresolved — no verified source","unresolved — no verified source","https://www.rolex.com/en-gb/watches/lady-datejust/m279178-0017","imported catalogue"
"ROLEX","m279178-0020","unreviewed","unresolved — no verified source","unresolved — no verified source","unresolved — no verified source","unresolved — no verified source","https://www.rolex.com/en-gb/watches/lady-datejust/m279178-0020","imported catalogue"
"ROLEX","m279178-0021","unreviewed","unresolved — no verified source","unresolved — no verified source","unresolved — no verified source","unresolved — no verified source","https://www.rolex.com/en-gb/watches/lady-datejust/m279178-0021","imported catalogue"
"ROLEX","m279178-0022","unreviewed","unresolved — no verified source","unresolved — no verified source","unresolved — no verified source","unresolved — no verified source","https://www.rolex.com/en-gb/watches/lady-datejust/m279178-0022","imported catalogue"
"ROLEX","m279178-0023","unreviewed","unresolved — no verified source","unresolved — no verified source","unresolved — no verified source","unresolved — no verified source","https://www.rolex.com/en-gb/watches/lady-datejust/m279178-0023","imported catalogue"
"ROLEX","m279178-0024","unreviewed","unresolved — no verified source","unresolved — no verified source","unresolved — no verified source","unresolved — no verified source","https://www.rolex.com/en-gb/watches/lady-datejust/m279178-0024","imported catalogue"
"ROLEX","m279178-0025","unreviewed","unresolved — no verified source","unresolved — no verified source","unresolved — no verified source","unresolved — no verified source","https://www.rolex.com/en-gb/watches/lady-datejust/m279178-0025","imported catalogue"
"ROLEX","m279178-0026","unreviewed","unresolved — no verified source","unresolved — no verified source","unresolved — no verified source","unresolved — no verified source","https://www.rolex.com/en-gb/watches/lady-datejust/m279178-0026","imported catalogue"
"ROLEX","m279178-0029","unreviewed","unresolved — no verified source","unresolved — no verified source","unresolved — no verified source","unresolved — no verified source","https://www.rolex.com/en-gb/watches/lady-datejust/m279178-0029","imported catalogue"
"ROLEX","m279178-0030","unreviewed","unresolved — no verified source","unresolved — no verified source","unresolved — no verified source","unresolved — no verified source","https://www.rolex.com/en-gb/watches/lady-datejust/m279178-0030","imported catalogue"
"ROLEX","m279178-0031","unreviewed","unresolved — no verified source","unresolved — no verified source","unresolved — no verified source","unresolved — no verified source","https://www.rolex.com/en-gb/watches/lady-datejust/m279178-0031","imported catalogue"
"ROLEX","m279178-0032","unreviewed","unresolved — no verified source","unresolved — no verified source","unresolved — no verified source","unresolved — no verified source","https://www.rolex.com/en-gb/watches/lady-datejust/m279178-0032","imported catalogue"
"ROLEX","m279381rbr-0003","unreviewed","unresolved — no verified source","unresolved — no verified source","unresolved — no verified source","unresolved — no verified source","https://www.rolex.com/en-gb/watches/lady-datejust/m279381rbr-0003","imported catalogue"
"ROLEX","m279381rbr-0004","unreviewed","unresolved — no verified source","unresolved — no verified source","unresolved — no verified source","unresolved — no verified source","https://www.rolex.com/en-gb/watches/lady-datejust/m279381rbr-0004","imported catalogue"
"ROLEX","m279381rbr-0007","unreviewed","unresolved — no verified source","unresolved — no verified source","unresolved — no verified source","unresolved — no verified source","https://www.rolex.com/en-gb/watches/lady-datejust/m279381rbr-0007","imported catalogue"
"ROLEX","m279381rbr-0008","unreviewed","unresolved — no verified source","unresolved — no verified source","unresolved — no verified source","unresolved — no verified source","https://www.rolex.com/en-gb/watches/lady-datejust/m279381rbr-0008","imported catalogue"
"ROLEX","m279381rbr-0009","unreviewed","unresolved — no verified source","unresolved — no verified source","unresolved — no verified source","unresolved — no verified source","https://www.rolex.com/en-gb/watches/lady-datejust/m279381rbr-0009","imported catalogue"
"ROLEX","m279381rbr-0010","unreviewed","unresolved — no verified source","unresolved — no verified source","unresolved — no verified source","unresolved — no verified source","https://www.rolex.com/en-gb/watches/lady-datejust/m279381rbr-0010","imported catalogue"
"ROLEX","m279381rbr-0011","unreviewed","unresolved — no verified source","unresolved — no verified source","unresolved — no verified source","unresolved — no verified source","https://www.rolex.com/en-gb/watches/lady-datejust/m279381rbr-0011","imported catalogue"
"ROLEX","m279381rbr-0012","unreviewed","unresolved — no verified source","unresolved — no verified source","unresolved — no verified source","unresolved — no verified source","https://www.rolex.com/en-gb/watches/lady-datejust/m279381rbr-0012","imported catalogue"
"ROLEX","m279381rbr-0013","unreviewed","unresolved — no verified source","unresolved — no verified source","unresolved — no verified source","unresolved — no verified source","https://www.rolex.com/en-gb/watches/lady-datejust/m279381rbr-0013","imported catalogue"
"ROLEX","m279381rbr-0014","unreviewed","unresolved — no verified source","unresolved — no verified source","unresolved — no verified source","unresolved — no verified source","https://www.rolex.com/en-gb/watches/lady-datejust/m279381rbr-0014","imported catalogue"
"ROLEX","m279381rbr-0015","unreviewed","unresolved — no verified source","unresolved — no verified source","unresolved — no verified source","unresolved — no verified source","https://www.rolex.com/en-gb/watches/lady-datejust/m279381rbr-0015","imported catalogue"
"ROLEX","m279381rbr-0016","unreviewed","unresolved — no verified source","unresolved — no verified source","unresolved — no verified source","unresolved — no verified source","https://www.rolex.com/en-gb/watches/lady-datejust/m279381rbr-0016","imported catalogue"
"ROLEX","m279381rbr-0017","unreviewed","unresolved — no verified source","unresolved — no verified source","unresolved — no verified source","unresolved — no verified source","https://www.rolex.com/en-gb/watches/lady-datejust/m279381rbr-0017","imported catalogue"
"ROLEX","m279381rbr-0018","unreviewed","unresolved — no verified source","unresolved — no verified source","unresolved — no verified source","unresolved — no verified source","https://www.rolex.com/en-gb/watches/lady-datejust/m279381rbr-0018","imported catalogue"
"ROLEX","m279381rbr-0021","unreviewed","unresolved — no verified source","unresolved — no verified source","unresolved — no verified source","unresolved — no verified source","https://www.rolex.com/en-gb/watches/lady-datejust/m279381rbr-0021","imported catalogue"
"ROLEX","m279381rbr-0022","unreviewed","unresolved — no verified source","unresolved — no verified source","unresolved — no verified source","unresolved — no verified source","https://www.rolex.com/en-gb/watches/lady-datejust/m279381rbr-0022","imported catalogue"
"ROLEX","m279381rbr-0023","unreviewed","unresolved — no verified source","unresolved — no verified source","unresolved — no verified source","unresolved — no verified source","https://www.rolex.com/en-gb/watches/lady-datejust/m279381rbr-0023","imported catalogue"
"ROLEX","m279381rbr-0024","unreviewed","unresolved — no verified source","unresolved — no verified source","unresolved — no verified source","unresolved — no verified source","https://www.rolex.com/en-gb/watches/lady-datejust/m279381rbr-0024","imported catalogue"
"ROLEX","m279381rbr-0025","unreviewed","unresolved — no verified source","unresolved — no verified source","unresolved — no verified source","unresolved — no verified source","https://www.rolex.com/en-gb/watches/lady-datejust/m279381rbr-0025","imported catalogue"
"ROLEX","m279381rbr-0026","unreviewed","unresolved — no verified source","unresolved — no verified source","unresolved — no verified source","unresolved — no verified source","https://www.rolex.com/en-gb/watches/lady-datejust/m279381rbr-0026","imported catalogue"
"ROLEX","m279381rbr-0027","unreviewed","unresolved — no verified source","unresolved — no verified source","unresolved — no verified source","unresolved — no verified source","https://www.rolex.com/en-gb/watches/lady-datejust/m279381rbr-0027","imported catalogue"
"ROLEX","m279381rbr-0028","unreviewed","unresolved — no verified source","unresolved — no verified source","unresolved — no verified source","unresolved — no verified source","https://www.rolex.com/en-gb/watches/lady-datejust/m279381rbr-0028","imported catalogue"
"ROLEX","m279383rbr-0001","unreviewed","unresolved — no verified source","unresolved — no verified source","unresolved — no verified source","unresolved — no verified source","https://www.rolex.com/en-gb/watches/lady-datejust/m279383rbr-0001","imported catalogue"
"ROLEX","m279383rbr-0002","unreviewed","unresolved — no verified source","unresolved — no verified source","unresolved — no verified source","unresolved — no verified source","https://www.rolex.com/en-gb/watches/lady-datejust/m279383rbr-0002","imported catalogue"
"ROLEX","m279383rbr-0003","unreviewed","unresolved — no verified source","unresolved — no verified source","unresolved — no verified source","unresolved — no verified source","https://www.rolex.com/en-gb/watches/lady-datejust/m279383rbr-0003","imported catalogue"
"ROLEX","m279383rbr-0004","unreviewed","unresolved — no verified source","unresolved — no verified source","unresolved — no verified source","unresolved — no verified source","https://www.rolex.com/en-gb/watches/lady-datejust/m279383rbr-0004","imported catalogue"
"ROLEX","m279383rbr-0005","unreviewed","unresolved — no verified source","unresolved — no verified source","unresolved — no verified source","unresolved — no verified source","https://www.rolex.com/en-gb/watches/lady-datejust/m279383rbr-0005","imported catalogue"
"ROLEX","m279383rbr-0006","unreviewed","unresolved — no verified source","unresolved — no verified source","unresolved — no verified source","unresolved — no verified source","https://www.rolex.com/en-gb/watches/lady-datejust/m279383rbr-0006","imported catalogue"
"ROLEX","m279383rbr-0007","unreviewed","unresolved — no verified source","unresolved — no verified source","unresolved — no verified source","unresolved — no verified source","https://www.rolex.com/en-gb/watches/lady-datejust/m279383rbr-0007","imported catalogue"
"ROLEX","m279383rbr-0008","unreviewed","unresolved — no verified source","unresolved — no verified source","unresolved — no verified source","unresolved — no verified source","https://www.rolex.com/en-gb/watches/lady-datejust/m279383rbr-0008","imported catalogue"
"ROLEX","m279383rbr-0009","unreviewed","unresolved — no verified source","unresolved — no verified source","unresolved — no verified source","unresolved — no verified source","https://www.rolex.com/en-gb/watches/lady-datejust/m279383rbr-0009","imported catalogue"
"ROLEX","m279383rbr-0010","unreviewed","unresolved — no verified source","unresolved — no verified source","unresolved — no verified source","unresolved — no verified source","https://www.rolex.com/en-gb/watches/lady-datejust/m279383rbr-0010","imported catalogue"
"ROLEX","m279383rbr-0011","unreviewed","unresolved — no verified source","unresolved — no verified source","unresolved — no verified source","unresolved — no verified source","https://www.rolex.com/en-gb/watches/lady-datejust/m279383rbr-0011","imported catalogue"
"ROLEX","m279383rbr-0012","unreviewed","unresolved — no verified source","unresolved — no verified source","unresolved — no verified source","unresolved — no verified source","https://www.rolex.com/en-gb/watches/lady-datejust/m279383rbr-0012","imported catalogue"
"ROLEX","m279383rbr-0017","unreviewed","unresolved — no verified source","unresolved — no verified source","unresolved — no verified source","unresolved — no verified source","https://www.rolex.com/en-gb/watches/lady-datejust/m279383rbr-0017","imported catalogue"
"ROLEX","m279383rbr-0018","unreviewed","unresolved — no verified source","unresolved — no verified source","unresolved — no verified source","unresolved — no verified source","https://www.rolex.com/en-gb/watches/lady-datejust/m279383rbr-0018","imported catalogue"
"ROLEX","m279383rbr-0019","unreviewed","unresolved — no verified source","unresolved — no verified source","unresolved — no verified source","unresolved — no verified source","https://www.rolex.com/en-gb/watches/lady-datejust/m279383rbr-0019","imported catalogue"
"ROLEX","m279383rbr-0020","unreviewed","unresolved — no verified source","unresolved — no verified source","unresolved — no verified source","unresolved — no verified source","https://www.rolex.com/en-gb/watches/lady-datejust/m279383rbr-0020","imported catalogue"
"ROLEX","m279383rbr-0021","unreviewed","unresolved — no verified source","unresolved — no verified source","unresolved — no verified source","unresolved — no verified source","https://www.rolex.com/en-gb/watches/lady-datejust/m279383rbr-0021","imported catalogue"
"ROLEX","m279383rbr-0022","unreviewed","unresolved — no verified source","unresolved — no verified source","unresolved — no verified source","unresolved — no verified source","https://www.rolex.com/en-gb/watches/lady-datejust/m279383rbr-0022","imported catalogue"
"ROLEX","m279383rbr-0023","unreviewed","unresolved — no verified source","unresolved — no verified source","unresolved — no verified source","unresolved — no verified source","https://www.rolex.com/en-gb/watches/lady-datejust/m279383rbr-0023","imported catalogue"
"ROLEX","m279383rbr-0024","unreviewed","unresolved — no verified source","unresolved — no verified source","unresolved — no verified source","unresolved — no verified source","https://www.rolex.com/en-gb/watches/lady-datejust/m279383rbr-0024","imported catalogue"
"ROLEX","m279384rbr-0001","unreviewed","unresolved — no verified source","unresolved — no verified source","unresolved — no verified source","unresolved — no verified source","https://www.rolex.com/en-gb/watches/lady-datejust/m279384rbr-0001","imported catalogue"
"ROLEX","m279384rbr-0002","unreviewed","unresolved — no verified source","unresolved — no verified source","unresolved — no verified source","unresolved — no verified source","https://www.rolex.com/en-gb/watches/lady-datejust/m279384rbr-0002","imported catalogue"
"ROLEX","m279384rbr-0003","unreviewed","unresolved — no verified source","unresolved — no verified source","unresolved — no verified source","unresolved — no verified source","https://www.rolex.com/en-gb/watches/lady-datejust/m279384rbr-0003","imported catalogue"
"ROLEX","m279384rbr-0004","unreviewed","unresolved — no verified source","unresolved — no verified source","unresolved — no verified source","unresolved — no verified source","https://www.rolex.com/en-gb/watches/lady-datejust/m279384rbr-0004","imported catalogue"
"ROLEX","m279384rbr-0005","unreviewed","unresolved — no verified source","unresolved — no verified source","unresolved — no verified source","unresolved — no verified source","https://www.rolex.com/en-gb/watches/lady-datejust/m279384rbr-0005","imported catalogue"
"ROLEX","m279384rbr-0006","unreviewed","unresolved — no verified source","unresolved — no verified source","unresolved — no verified source","unresolved — no verified source","https://www.rolex.com/en-gb/watches/lady-datejust/m279384rbr-0006","imported catalogue"
"ROLEX","m279384rbr-0007","unreviewed","unresolved — no verified source","unresolved — no verified source","unresolved — no verified source","unresolved — no verified source","https://www.rolex.com/en-gb/watches/lady-datejust/m279384rbr-0007","imported catalogue"
"ROLEX","m279384rbr-0008","unreviewed","unresolved — no verified source","unresolved — no verified source","unresolved — no verified source","unresolved — no verified source","https://www.rolex.com/en-gb/watches/lady-datejust/m279384rbr-0008","imported catalogue"
"ROLEX","m279384rbr-0009","unreviewed","unresolved — no verified source","unresolved — no verified source","unresolved — no verified source","unresolved — no verified source","https://www.rolex.com/en-gb/watches/lady-datejust/m279384rbr-0009","imported catalogue"
"ROLEX","m279384rbr-0010","unreviewed","unresolved — no verified source","unresolved — no verified source","unresolved — no verified source","unresolved — no verified source","https://www.rolex.com/en-gb/watches/lady-datejust/m279384rbr-0010","imported catalogue"
"ROLEX","m279384rbr-0011","unreviewed","unresolved — no verified source","unresolved — no verified source","unresolved — no verified source","unresolved — no verified source","https://www.rolex.com/en-gb/watches/lady-datejust/m279384rbr-0011","imported catalogue"
"ROLEX","m279384rbr-0012","unreviewed","unresolved — no verified source","unresolved — no verified source","unresolved — no verified source","unresolved — no verified source","https://www.rolex.com/en-gb/watches/lady-datejust/m279384rbr-0012","imported catalogue"
"ROLEX","m279384rbr-0013","unreviewed","unresolved — no verified source","unresolved — no verified source","unresolved — no verified source","unresolved — no verified source","https://www.rolex.com/en-gb/watches/lady-datejust/m279384rbr-0013","imported catalogue"
"ROLEX","m279384rbr-0014","unreviewed","unresolved — no verified source","unresolved — no verified source","unresolved — no verified source","unresolved — no verified source","https://www.rolex.com/en-gb/watches/lady-datejust/m279384rbr-0014","imported catalogue"
"ROLEX","m279384rbr-0015","unreviewed","unresolved — no verified source","unresolved — no verified source","unresolved — no verified source","unresolved — no verified source","https://www.rolex.com/en-gb/watches/lady-datejust/m279384rbr-0015","imported catalogue"
"ROLEX","m279384rbr-0016","unreviewed","unresolved — no verified source","unresolved — no verified source","unresolved — no verified source","unresolved — no verified source","https://www.rolex.com/en-gb/watches/lady-datejust/m279384rbr-0016","imported catalogue"
"ROLEX","m279384rbr-0017","unreviewed","unresolved — no verified source","unresolved — no verified source","unresolved — no verified source","unresolved — no verified source","https://www.rolex.com/en-gb/watches/lady-datejust/m279384rbr-0017","imported catalogue"
"ROLEX","m279384rbr-0018","unreviewed","unresolved — no verified source","unresolved — no verified source","unresolved — no verified source","unresolved — no verified source","https://www.rolex.com/en-gb/watches/lady-datejust/m279384rbr-0018","imported catalogue"
"ROLEX","m279384rbr-0019","unreviewed","unresolved — no verified source","unresolved — no verified source","unresolved — no verified source","unresolved — no verified source","https://www.rolex.com/en-gb/watches/lady-datejust/m279384rbr-0019","imported catalogue"
"ROLEX","m279384rbr-0020","unreviewed","unresolved — no verified source","unresolved — no verified source","unresolved — no verified source","unresolved — no verified source","https://www.rolex.com/en-gb/watches/lady-datejust/m279384rbr-0020","imported catalogue"
"ROLEX","m279384rbr-0021","unreviewed","unresolved — no verified source","unresolved — no verified source","unresolved — no verified source","unresolved — no verified source","https://www.rolex.com/en-gb/watches/lady-datejust/m279384rbr-0021","imported catalogue"
"ROLEX","m279384rbr-0022","unreviewed","unresolved — no verified source","unresolved — no verified source","unresolved — no verified source","unresolved — no verified source","https://www.rolex.com/en-gb/watches/lady-datejust/m279384rbr-0022","imported catalogue"
"ROLEX","m279458rbr-0001","unreviewed","unresolved — no verified source","unresolved — no verified source","unresolved — no verified source","unresolved — no verified source","https://www.rolex.com/en-gb/watches/lady-datejust/m279458rbr-0001","imported catalogue"
"ROLEX","m279459rbr-0001","unreviewed","unresolved — no verified source","unresolved — no verified source","unresolved — no verified source","unresolved — no verified source","https://www.rolex.com/en-gb/watches/lady-datejust/m279459rbr-0001","imported catalogue"
"ROLEX","m336235-0002","unreviewed","unresolved — no verified source","unresolved — no verified source","unresolved — no verified source","unresolved — no verified source","https://www.rolex.com/en-gb/watches/sky-dweller/m336235-0002","imported catalogue"
"ROLEX","m336235-0003","unreviewed","unresolved — no verified source","unresolved — no verified source","unresolved — no verified source","unresolved — no verified source","https://www.rolex.com/en-gb/watches/sky-dweller/m336235-0003","imported catalogue"
"ROLEX","m336235-0004","unreviewed","unresolved — no verified source","unresolved — no verified source","unresolved — no verified source","unresolved — no verified source","https://www.rolex.com/en-gb/watches/sky-dweller/m336235-0004","imported catalogue"
"ROLEX","m336238-0001","unreviewed","unresolved — no verified source","unresolved — no verified source","unresolved — no verified source","unresolved — no verified source","https://www.rolex.com/en-gb/watches/sky-dweller/m336238-0001","imported catalogue"
"ROLEX","m336238-0002","unreviewed","unresolved — no verified source","unresolved — no verified source","unresolved — no verified source","unresolved — no verified source","https://www.rolex.com/en-gb/watches/sky-dweller/m336238-0002","imported catalogue"
"ROLEX","m336238-0003","unreviewed","unresolved — no verified source","unresolved — no verified source","unresolved — no verified source","unresolved — no verified source","https://www.rolex.com/en-gb/watches/sky-dweller/m336238-0003","imported catalogue"
"ROLEX","m336238-0004","unreviewed","unresolved — no verified source","unresolved — no verified source","unresolved — no verified source","unresolved — no verified source","https://www.rolex.com/en-gb/watches/sky-dweller/m336238-0004","imported catalogue"
"ROLEX","m336239-0002","unreviewed","unresolved — no verified source","unresolved — no verified source","unresolved — no verified source","unresolved — no verified source","https://www.rolex.com/en-gb/watches/sky-dweller/m336239-0002","imported catalogue"
"ROLEX","m336239-0003","unreviewed","unresolved — no verified source","unresolved — no verified source","unresolved — no verified source","unresolved — no verified source","https://www.rolex.com/en-gb/watches/sky-dweller/m336239-0003","imported catalogue"
"ROLEX","m336933-0001","unreviewed","unresolved — no verified source","unresolved — no verified source","unresolved — no verified source","unresolved — no verified source","https://www.rolex.com/en-gb/watches/sky-dweller/m336933-0001","imported catalogue"
"ROLEX","m336933-0002","unreviewed","unresolved — no verified source","unresolved — no verified source","unresolved — no verified source","unresolved — no verified source","https://www.rolex.com/en-gb/watches/sky-dweller/m336933-0002","imported catalogue"
"ROLEX","m336933-0003","unreviewed","unresolved — no verified source","unresolved — no verified source","unresolved — no verified source","unresolved — no verified source","https://www.rolex.com/en-gb/watches/sky-dweller/m336933-0003","imported catalogue"
"ROLEX","m336933-0004","unreviewed","unresolved — no verified source","unresolved — no verified source","unresolved — no verified source","unresolved — no verified source","https://www.rolex.com/en-gb/watches/sky-dweller/m336933-0004","imported catalogue"
"ROLEX","m336933-0005","unreviewed","unresolved — no verified source","unresolved — no verified source","unresolved — no verified source","unresolved — no verified source","https://www.rolex.com/en-gb/watches/sky-dweller/m336933-0005","imported catalogue"
"ROLEX","m336933-0006","unreviewed","unresolved — no verified source","unresolved — no verified source","unresolved — no verified source","unresolved — no verified source","https://www.rolex.com/en-gb/watches/sky-dweller/m336933-0006","imported catalogue"
"ROLEX","m336934-0001","unreviewed","unresolved — no verified source","unresolved — no verified source","unresolved — no verified source","unresolved — no verified source","https://www.rolex.com/en-gb/watches/sky-dweller/m336934-0001","imported catalogue"
"ROLEX","m336934-0002","unreviewed","unresolved — no verified source","unresolved — no verified source","unresolved — no verified source","unresolved — no verified source","https://www.rolex.com/en-gb/watches/sky-dweller/m336934-0002","imported catalogue"
"ROLEX","m336934-0003","unreviewed","unresolved — no verified source","unresolved — no verified source","unresolved — no verified source","unresolved — no verified source","https://www.rolex.com/en-gb/watches/sky-dweller/m336934-0003","imported catalogue"
"ROLEX","m336934-0004","unreviewed","unresolved — no verified source","unresolved — no verified source","unresolved — no verified source","unresolved — no verified source","https://www.rolex.com/en-gb/watches/sky-dweller/m336934-0004","imported catalogue"
"ROLEX","m336934-0005","unreviewed","unresolved — no verified source","unresolved — no verified source","unresolved — no verified source","unresolved — no verified source","https://www.rolex.com/en-gb/watches/sky-dweller/m336934-0005","imported catalogue"
"ROLEX","m336934-0006","unreviewed","unresolved — no verified source","unresolved — no verified source","unresolved — no verified source","unresolved — no verified source","https://www.rolex.com/en-gb/watches/sky-dweller/m336934-0006","imported catalogue"
"ROLEX","m336934-0007","unreviewed","unresolved — no verified source","unresolved — no verified source","unresolved — no verified source","unresolved — no verified source","https://www.rolex.com/en-gb/watches/sky-dweller/m336934-0007","imported catalogue"
"ROLEX","m336934-0008","unreviewed","unresolved — no verified source","unresolved — no verified source","unresolved — no verified source","unresolved — no verified source","https://www.rolex.com/en-gb/watches/sky-dweller/m336934-0008","imported catalogue"
"ROLEX","m336935-0001","unreviewed","unresolved — no verified source","unresolved — no verified source","unresolved — no verified source","unresolved — no verified source","https://www.rolex.com/en-gb/watches/sky-dweller/m336935-0001","imported catalogue"
"ROLEX","m336935-0002","unreviewed","unresolved — no verified source","unresolved — no verified source","unresolved — no verified source","unresolved — no verified source","https://www.rolex.com/en-gb/watches/sky-dweller/m336935-0002","imported catalogue"
"ROLEX","m336935-0003","unreviewed","unresolved — no verified source","unresolved — no verified source","unresolved — no verified source","unresolved — no verified source","https://www.rolex.com/en-gb/watches/sky-dweller/m336935-0003","imported catalogue"
"ROLEX","m336935-0004","unreviewed","unresolved — no verified source","unresolved — no verified source","unresolved — no verified source","unresolved — no verified source","https://www.rolex.com/en-gb/watches/sky-dweller/m336935-0004","imported catalogue"
"ROLEX","m336935-0005","unreviewed","unresolved — no verified source","unresolved — no verified source","unresolved — no verified source","unresolved — no verified source","https://www.rolex.com/en-gb/watches/sky-dweller/m336935-0005","imported catalogue"
"ROLEX","m336935-0006","unreviewed","unresolved — no verified source","unresolved — no verified source","unresolved — no verified source","unresolved — no verified source","https://www.rolex.com/en-gb/watches/sky-dweller/m336935-0006","imported catalogue"
"ROLEX","m336935-0007","unreviewed","unresolved — no verified source","unresolved — no verified source","unresolved — no verified source","unresolved — no verified source","https://www.rolex.com/en-gb/watches/sky-dweller/m336935-0007","imported catalogue"
"ROLEX","m336935-0008","unreviewed","unresolved — no verified source","unresolved — no verified source","unresolved — no verified source","unresolved — no verified source","https://www.rolex.com/en-gb/watches/sky-dweller/m336935-0008","imported catalogue"
"ROLEX","m336938-0001","unreviewed","unresolved — no verified source","unresolved — no verified source","unresolved — no verified source","unresolved — no verified source","https://www.rolex.com/en-gb/watches/sky-dweller/m336938-0001","imported catalogue"
"ROLEX","m336938-0002","unreviewed","unresolved — no verified source","unresolved — no verified source","unresolved — no verified source","unresolved — no verified source","https://www.rolex.com/en-gb/watches/sky-dweller/m336938-0002","imported catalogue"
"ROLEX","m336938-0003","unreviewed","unresolved — no verified source","unresolved — no verified source","unresolved — no verified source","unresolved — no verified source","https://www.rolex.com/en-gb/watches/sky-dweller/m336938-0003","imported catalogue"
"ROLEX","m336938-0004","unreviewed","unresolved — no verified source","unresolved — no verified source","unresolved — no verified source","unresolved — no verified source","https://www.rolex.com/en-gb/watches/sky-dweller/m336938-0004","imported catalogue"
"ROLEX","m336938-0005","unreviewed","unresolved — no verified source","unresolved — no verified source","unresolved — no verified source","unresolved — no verified source","https://www.rolex.com/en-gb/watches/sky-dweller/m336938-0005","imported catalogue"
"ROLEX","m336938-0006","unreviewed","unresolved — no verified source","unresolved — no verified source","unresolved — no verified source","unresolved — no verified source","https://www.rolex.com/en-gb/watches/sky-dweller/m336938-0006","imported catalogue"
"ROLEX","m336938-0007","unreviewed","unresolved — no verified source","unresolved — no verified source","unresolved — no verified source","unresolved — no verified source","https://www.rolex.com/en-gb/watches/sky-dweller/m336938-0007","imported catalogue"
"ROLEX","m336938-0008","unreviewed","unresolved — no verified source","unresolved — no verified source","unresolved — no verified source","unresolved — no verified source","https://www.rolex.com/en-gb/watches/sky-dweller/m336938-0008","imported catalogue"
"ROLEX","m52506-0003","unreviewed","unresolved — no verified source","unresolved — no verified source","unresolved — no verified source","unresolved — no verified source","https://www.rolex.com/en-gb/watches/1908/m52506-0003","imported catalogue"
"ROLEX","m52508-0002","unreviewed","unresolved — no verified source","unresolved — no verified source","unresolved — no verified source","unresolved — no verified source","https://www.rolex.com/en-gb/watches/1908/m52508-0002","imported catalogue"
"ROLEX","m52508-0005","unreviewed","unresolved — no verified source","unresolved — no verified source","unresolved — no verified source","unresolved — no verified source","https://www.rolex.com/en-gb/watches/1908/m52508-0005","imported catalogue"
"ROLEX","m52508-0006","unreviewed","unresolved — no verified source","unresolved — no verified source","unresolved — no verified source","unresolved — no verified source","https://www.rolex.com/en-gb/watches/1908/m52508-0006","imported catalogue"
"ROLEX","m52508-0007","unreviewed","unresolved — no verified source","unresolved — no verified source","unresolved — no verified source","unresolved — no verified source","https://www.rolex.com/en-gb/watches/1908/m52508-0007","imported catalogue"
"ROLEX","m52508-0008","unreviewed","unresolved — no verified source","unresolved — no verified source","unresolved — no verified source","unresolved — no verified source","https://www.rolex.com/en-gb/watches/1908/m52508-0008","imported catalogue"
"ROLEX","m52509-0002","unreviewed","unresolved — no verified source","unresolved — no verified source","unresolved — no verified source","unresolved — no verified source","https://www.rolex.com/en-gb/watches/1908/m52509-0002","imported catalogue"
"ROLEX","m52509-0005","unreviewed","unresolved — no verified source","unresolved — no verified source","unresolved — no verified source","unresolved — no verified source","https://www.rolex.com/en-gb/watches/1908/m52509-0005","imported catalogue"
"Breitling","A10320","unreviewed","unresolved — no verified source","unresolved — no verified source","unresolved — no verified source","unresolved — no verified source","https://www.breitling.com/gb-en/watches/chronomat/chronomat-automatic-36-my26/A10320101A1A1/","rules"
"Breitling","A10370","unreviewed","unresolved — no verified source","unresolved — no verified source","unresolved — no verified source","unresolved — no verified source","https://www.breitling.com/gb-en/collections/superocean-heritage/","rules"
"Breitling","A13312","unreviewed","unresolved — no verified source","unresolved — no verified source","unresolved — no verified source","unresolved — no verified source","","rules"
"Breitling","A13313","unreviewed","unresolved — no verified source","unresolved — no verified source","unresolved — no verified source","unresolved — no verified source","https://www.breitling.com/","rules"
"Breitling","A13320","reviewed","verified","reviewed gap — No verified photograph in inspected source set; further auction/dealer research remains open.","reviewed gap — No verified photograph in inspected source set; further auction/dealer research remains open.","reviewed gap — No verified photograph in inspected source set; further auction/dealer research remains open.","https://www.breitlingsource.com/watch_details/Soheritage_170.html","rules"
"Breitling","A13340","reviewed","verified","reviewed gap — No verified photograph in inspected source set; further auction/dealer research remains open.","reviewed gap — No verified photograph in inspected source set; further auction/dealer research remains open.","reviewed gap — No verified photograph in inspected source set; further auction/dealer research remains open.","https://www.breitlingsource.com/watch_details/Superocean_75.html","rules"
"Breitling","A13341","unreviewed","unresolved — no verified source","unresolved — no verified source","unresolved — no verified source","unresolved — no verified source","https://www.breitlingsource.com/watch_details/Superocean_238.html","rules"
"Breitling","A13353","unreviewed","unresolved — no verified source","unresolved — no verified source","unresolved — no verified source","unresolved — no verified source","https://breitlingsource.com/phpBB2/viewtopic.php?f=3&t=57972","rules"
"Breitling","A13356","reviewed","verified","reviewed gap — No verified photograph in inspected source set; further auction/dealer research remains open.","reviewed gap — No verified photograph in inspected source set; further auction/dealer research remains open.","reviewed gap — No verified photograph in inspected source set; further auction/dealer research remains open.","https://breitlingsource.com/watch_details/Chronomat_3.html","rules"
"Breitling","A13362","unreviewed","unresolved — no verified source","unresolved — no verified source","unresolved — no verified source","unresolved — no verified source","https://www.breitlingsource.com/watch_details/Bentley_43.html","rules"
"Breitling","A13371","unreviewed","unresolved — no verified source","unresolved — no verified source","unresolved — no verified source","unresolved — no verified source","https://www.breitlingsource.com/watch_details/Avenger_287.html","rules"
"Breitling","A13385","unreviewed","unresolved — no verified source","unresolved — no verified source","unresolved — no verified source","unresolved — no verified source","https://www.breitling.com/gb-en/collections/avenger/","rules"
"Breitling","A16362","unreviewed","unresolved — no verified source","unresolved — no verified source","unresolved — no verified source","unresolved — no verified source","https://www.breitlingsource.com/","rules"
"Breitling","A17316","unreviewed","unresolved — no verified source","unresolved — no verified source","unresolved — no verified source","unresolved — no verified source","https://www.breitling.com/gb-en/watches/superocean/superocean-automatic-36/A17316D21A1S1/","rules | research updates"
"Breitling","A17318","unreviewed","unresolved — no verified source","unresolved — no verified source","unresolved — no verified source","unresolved — no verified source","https://www.breitling.com/gb-en/collections/avenger/","rules"
"Breitling","A17320","reviewed","verified","reviewed gap — No verified photograph in inspected source set; further auction/dealer research remains open.","verified","reviewed gap — No verified photograph in inspected source set; further auction/dealer research remains open.","https://www.breitlingsource.com/","rules"
"Breitling","A17321","unreviewed","unresolved — no verified source","unresolved — no verified source","unresolved — no verified source","unresolved — no verified source","https://www.breitlingsource.com/","rules"
"Breitling","A17325","unreviewed","unresolved — no verified source","unresolved — no verified source","unresolved — no verified source","unresolved — no verified source","https://www.breitling.com/gb-en/collections/navitimer/","rules"
"Breitling","A17326","unreviewed","unresolved — no verified source","unresolved — no verified source","unresolved — no verified source","unresolved — no verified source","https://www.breitling.com/gb-en/collections/navitimer/","rules"
"Breitling","A17328","unreviewed","unresolved — no verified source","unresolved — no verified source","unresolved — no verified source","unresolved — no verified source","https://www.breitling.com/gb-en/watches/avenger/avenger-automatic-42-my23/A17328101B1X1/","rules | research updates"
"Breitling","A17329","unreviewed","unresolved — no verified source","unresolved — no verified source","unresolved — no verified source","unresolved — no verified source","https://www.breitling.com/gb-en/collections/navitimer/","rules"
"Breitling","A17330","reviewed","verified","reviewed gap — No verified photograph in inspected source set; further auction/dealer research remains open.","reviewed gap — No verified photograph in inspected source set; further auction/dealer research remains open.","reviewed gap — No verified photograph in inspected source set; further auction/dealer research remains open.","","rules"
"Breitling","A17331","unreviewed","unresolved — no verified source","unresolved — no verified source","unresolved — no verified source","unresolved — no verified source","https://www.breitlingsource.com/","rules"
"Breitling","A17360","reviewed","verified","reviewed gap — No verified photograph in inspected source set; further auction/dealer research remains open.","verified","reviewed gap — No verified photograph in inspected source set; further auction/dealer research remains open.","https://www.breitlingsource.com/","rules"
"Breitling","A17364","unreviewed","unresolved — no verified source","unresolved — no verified source","unresolved — no verified source","unresolved — no verified source","https://www.breitlingsource.com/","rules"
"Breitling","A17366","unreviewed","unresolved — no verified source","unresolved — no verified source","unresolved — no verified source","unresolved — no verified source","https://www.breitling.com/gb-en/watches/superocean/superocean-automatic-42/A17366D71B2S1/","rules | research updates"
"Breitling","A17375","unreviewed","unresolved — no verified source","unresolved — no verified source","unresolved — no verified source","unresolved — no verified source","https://www.breitling.com/gb-en/collections/superocean/","rules"
"Breitling","A17376","unreviewed","unresolved — no verified source","unresolved — no verified source","unresolved — no verified source","unresolved — no verified source","https://www.breitling.com/gb-en/collections/superocean/","rules"
"Breitling","A17378","unreviewed","unresolved — no verified source","unresolved — no verified source","unresolved — no verified source","unresolved — no verified source","https://www.breitling.com/gb-en/collections/superocean/","rules"
"Breitling","A17388","unreviewed","unresolved — no verified source","unresolved — no verified source","unresolved — no verified source","unresolved — no verified source","https://www.breitlingsource.com/","rules"
"Breitling","A17392","unreviewed","unresolved — no verified source","unresolved — no verified source","unresolved — no verified source","unresolved — no verified source","https://www.breitlingsource.com/watch_details/SuperOcean_319.html","rules"
"Breitling","A17395","unreviewed","unresolved — no verified source","unresolved — no verified source","unresolved — no verified source","unresolved — no verified source","https://www.breitling.com/gb-en/collections/navitimer/","rules"
"Breitling","A24322","reviewed","verified","reviewed gap — No verified photograph in inspected source set; further auction/dealer research remains open.","verified","reviewed gap — No verified photograph in inspected source set; further auction/dealer research remains open.","https://www.breitlingsource.com/","rules"
"Breitling","A32320","unreviewed","unresolved — no verified source","unresolved — no verified source","unresolved — no verified source","unresolved — no verified source","https://www.breitling.com/gb-en/watches/avenger/avenger-automatic-gmt-44-my23/A32320101B1X1/","rules | research updates"
"Breitling","A32398","unreviewed","unresolved — no verified source","unresolved — no verified source","unresolved — no verified source","unresolved — no verified source","https://www.breitling.com/gb-en/watches/chronomat/chronomat-automatic-gmt-40/P32398101C1S1/","rules"
"Breitling","A44364","unreviewed","unresolved — no verified source","unresolved — no verified source","unresolved — no verified source","unresolved — no verified source","https://breitlingsource.com/watch_details/Bentley_200.html","rules"
"Breitling","A59028","unreviewed","unresolved — no verified source","unresolved — no verified source","unresolved — no verified source","unresolved — no verified source","https://breitlingsource.com/watch_details/Navitimer_134.html","rules"
"Breitling","A73310","unreviewed","unresolved — no verified source","unresolved — no verified source","unresolved — no verified source","unresolved — no verified source","","rules"
"Breitling","A73322","unreviewed","unresolved — no verified source","unresolved — no verified source","unresolved — no verified source","unresolved — no verified source","https://www.breitlingsource.com/","rules"
"Breitling","A73380","unreviewed","unresolved — no verified source","unresolved — no verified source","unresolved — no verified source","unresolved — no verified source","https://www.breitlingsource.com/watch_details/Colt_64.html","rules"
"Breitling","A74380","reviewed","verified","reviewed gap — No verified photograph in inspected source set; further auction/dealer research remains open.","verified","verified","https://www.breitlingsource.com/watch_details/Colt_61.html","rules"
"Breitling","AB0110","reviewed","verified","reviewed gap — No verified photograph in inspected source set; further auction/dealer research remains open.","reviewed gap — No verified photograph in inspected source set; further auction/dealer research remains open.","reviewed gap — No verified photograph in inspected source set; further auction/dealer research remains open.","https://www.breitling.com/gb-en/collections/chronomat/","rules"
"Breitling","AB0118","unreviewed","unresolved — no verified source","unresolved — no verified source","unresolved — no verified source","unresolved — no verified source","https://www.breitling.com/gb-en/watches/premier/premier-b01-chronograph-42/AB0118221G1A1/","rules"
"Breitling","AB0121","unreviewed","unresolved — no verified source","unresolved — no verified source","unresolved — no verified source","unresolved — no verified source","https://www.breitling.com/gb-en/watches/navitimer/navitimer-b01-chronograph-43/AB0121211C1P3/","rules"
"Breitling","AB0127","unreviewed","unresolved — no verified source","unresolved — no verified source","unresolved — no verified source","unresolved — no verified source","https://www.breitling.com/gb-en/watches/navitimer/navitimer-b01-chronograph-46/AB0127211B1X1/","rules"
"Breitling","AB0134","unreviewed","unresolved — no verified source","unresolved — no verified source","unresolved — no verified source","unresolved — no verified source","https://www.breitling.com/gb-en/watches/chronomat/chronomat-b01-42/AB01341B1B1A1/","rules | research updates"
"Breitling","AB0138","unreviewed","unresolved — no verified source","unresolved — no verified source","unresolved — no verified source","unresolved — no verified source","https://www.breitling.com/gb-en/watches/navitimer/navitimer-b01-chronograph-43-my22/AB0138241L1P1/","rules | research updates"
"Breitling","AB0139","unreviewed","unresolved — no verified source","unresolved — no verified source","unresolved — no verified source","unresolved — no verified source","https://www.breitling.com/gb-en/watches/navitimer/navitimer-b01-chronograph-41-my22/AB0139211G1A1/","rules | research updates"
"Breitling","AB0145","unreviewed","unresolved — no verified source","unresolved — no verified source","unresolved — no verified source","unresolved — no verified source","https://www.breitling.com/gb-en/watches/premier/premier-b01-chronograph-42-my23/AB0145211G1P1/","rules | research updates"
"Breitling","AB0147","unreviewed","unresolved — no verified source","unresolved — no verified source","unresolved — no verified source","unresolved — no verified source","https://www.breitling.com/gb-en/watches/avenger/avenger-b01-chronograph-44-my23/AB0147101A1X1/","rules | research updates"
"Breitling","AB0156","unreviewed","unresolved — no verified source","unresolved — no verified source","unresolved — no verified source","unresolved — no verified source","https://www.breitling.com/gb-en/watches/superocean-heritage/superocean-heritage-b01-chronograph-42-my25/AB0156361L1S1/","rules"
"Breitling","AB0162","unreviewed","unresolved — no verified source","unresolved — no verified source","unresolved — no verified source","unresolved — no verified source","https://www.breitling.com/gb-en/watches/superocean-heritage/superocean-heritage-b01-chronograph-44/AB0162161C1S1/","rules"
"Breitling","AB0176","unreviewed","unresolved — no verified source","unresolved — no verified source","unresolved — no verified source","unresolved — no verified source","https://www.breitling.com/gb-en/watches/top-time/top-time-b01/AB01762C1I1X1/","rules | research updates"
"Breitling","AB0230","unreviewed","unresolved — no verified source","unresolved — no verified source","unresolved — no verified source","unresolved — no verified source","https://www.breitling.com/gb-en/collections/navitimer/","rules"
"Breitling","AB2010","unreviewed","unresolved — no verified source","unresolved — no verified source","unresolved — no verified source","unresolved — no verified source","https://www.breitling.com/gb-en/watches/superocean-heritage/","rules"
"Breitling","AB2020","unreviewed","awaiting visual/source inspection","unresolved — no verified source","unresolved — no verified source","unresolved — no verified source","https://www.breitling.com/gb-en/watches/superocean-heritage/superocean-heritage-b20-automatic-46/AB2020121L1A1/","rules | research updates"
"Breitling","AB2030","unreviewed","unresolved — no verified source","unresolved — no verified source","unresolved — no verified source","unresolved — no verified source","https://www.breitling.com/gb-en/watches/superocean-heritage/superocean-heritage-b20-automatic-44/AB2030121B1S1/","rules | research updates"
"Breitling","AB3110","unreviewed","unresolved — no verified source","unresolved — no verified source","unresolved — no verified source","unresolved — no verified source","https://www.breitling.com/gb-en/about/madebybreitling/caliber-b31/","rules"
"Breitling","AB3114","unreviewed","unresolved — no verified source","unresolved — no verified source","unresolved — no verified source","unresolved — no verified source","https://www.breitling.com/gb-en/watches/chronomat/chronomat-b31-automatic-40-my26/AB3114101L1A1/","rules | research updates"
"Breitling","B12019","unreviewed","unresolved — no verified source","unresolved — no verified source","unresolved — no verified source","unresolved — no verified source","https://www.breitlingsource.com/phpBB2/viewtopic.php?t=24143","rules"
"Breitling","B30011","unreviewed","unresolved — no verified source","unresolved — no verified source","unresolved — no verified source","unresolved — no verified source","https://www.breitlingsource.com/","rules"
"Breitling","C17391","unreviewed","unresolved — no verified source","unresolved — no verified source","unresolved — no verified source","unresolved — no verified source","https://www.breitlingsource.com/","rules"
"Breitling","D12022","unreviewed","unresolved — no verified source","unresolved — no verified source","unresolved — no verified source","unresolved — no verified source","https://www.breitlingsource.com/watch_details/Navitimer_55.html","rules"
"Breitling","E56121.1","unreviewed","unresolved — no verified source","unresolved — no verified source","unresolved — no verified source","unresolved — no verified source","https://www.breitlingsource.com/watch_details/Professional_33.html","rules"
"Breitling","E79362","reviewed","verified","reviewed gap — No verified photograph in inspected source set; further auction/dealer research remains open.","reviewed gap — No verified photograph in inspected source set; further auction/dealer research remains open.","reviewed gap — No verified photograph in inspected source set; further auction/dealer research remains open.","https://www.breitling.com/gb-en/collections/professional/","rules"
"Breitling","E79363","unreviewed","unresolved — no verified source","unresolved — no verified source","unresolved — no verified source","unresolved — no verified source","https://www.breitling.com/gb-en/collections/professional/","rules"
"Breitling","EB7010","unreviewed","awaiting visual/source inspection","unresolved — no verified source","unresolved — no verified source","unresolved — no verified source","https://www.breitling.com/gb-en/watches/professional/aerospace-b70/EB70101A1O1E1/","rules | research updates"
"Breitling","M17368","unreviewed","unresolved — no verified source","unresolved — no verified source","unresolved — no verified source","unresolved — no verified source","https://www.breitlingsource.com/","rules"
"Breitling","N17375","unreviewed","unresolved — no verified source","unresolved — no verified source","unresolved — no verified source","unresolved — no verified source","https://www.breitling.com/gb-en/collections/superocean/","rules"
"Breitling","P32398","unreviewed","unresolved — no verified source","unresolved — no verified source","unresolved — no verified source","unresolved — no verified source","https://www.breitling.com/gb-en/watches/chronomat/chronomat-automatic-gmt-40/P32398101C1S1/","rules"
"Breitling","SB0147","unreviewed","unresolved — no verified source","unresolved — no verified source","unresolved — no verified source","unresolved — no verified source","","rules"
"Breitling","U13324","unreviewed","unresolved — no verified source","unresolved — no verified source","unresolved — no verified source","unresolved — no verified source","https://www.breitling.com/","rules"
"Breitling","UB0121","unreviewed","unresolved — no verified source","unresolved — no verified source","unresolved — no verified source","unresolved — no verified source","","rules"
"Breitling","UB2010","unreviewed","unresolved — no verified source","unresolved — no verified source","unresolved — no verified source","unresolved — no verified source","","rules"
"Breitling","UB2030","unreviewed","unresolved — no verified source","unresolved — no verified source","unresolved — no verified source","unresolved — no verified source","","rules"
"Breitling","UB3111","unreviewed","unresolved — no verified source","unresolved — no verified source","unresolved — no verified source","unresolved — no verified source","https://www.breitling.com/gb-en/watches/superocean-heritage/superocean-heritage-b31-automatic-44-my25/UB3112161C1A1/","rules"
"Breitling","UB3112","unreviewed","unresolved — no verified source","unresolved — no verified source","unresolved — no verified source","unresolved — no verified source","https://www.breitling.com/gb-en/watches/superocean-heritage/superocean-heritage-b31-automatic-44-my25/UB3112161C1A1/","rules"
"Breitling","V17310","unreviewed","unresolved — no verified source","unresolved — no verified source","unresolved — no verified source","unresolved — no verified source","","rules"
"Breitling","VB5510","unreviewed","unresolved — no verified source","unresolved — no verified source","unresolved — no verified source","unresolved — no verified source","https://www.breitling.com/","rules"
"Breitling","X82310","unreviewed","unresolved — no verified source","unresolved — no verified source","unresolved — no verified source","unresolved — no verified source","https://www.breitling.com/gb-en/watches/professional/endurance-pro/X823109A1K1S1/","rules | research updates"
"Breitling","X83310","unreviewed","awaiting visual/source inspection","unresolved — no verified source","unresolved — no verified source","unresolved — no verified source","https://www.breitling.com/gb-en/watches/professional/endurance-pro-38mm/X83310D41B1S1/","rules | research updates"
"BREITLING","A17316D21A1S1","unreviewed","unresolved — no verified source","unresolved — no verified source","unresolved — no verified source","unresolved — no verified source","https://www.breitling.com/gb-en/watches/superocean/superocean-automatic-36/A17316D21A1S1/","research updates"
"BREITLING","A17328101B1X1","unreviewed","unresolved — no verified source","unresolved — no verified source","unresolved — no verified source","unresolved — no verified source","https://www.breitling.com/gb-en/watches/avenger/avenger-automatic-42-my23/A17328101B1X1/","research updates"
"BREITLING","A17366D71B2S1","unreviewed","unresolved — no verified source","unresolved — no verified source","unresolved — no verified source","unresolved — no verified source","https://www.breitling.com/gb-en/watches/superocean/superocean-automatic-42/A17366D71B2S1/","research updates"
"BREITLING","A32320101B1X1","unreviewed","unresolved — no verified source","unresolved — no verified source","unresolved — no verified source","unresolved — no verified source","https://www.breitling.com/gb-en/watches/avenger/avenger-automatic-gmt-44-my23/A32320101B1X1/","research updates"
"BREITLING","A32360","reviewed","verified","reviewed gap — No verified photograph in inspected source set; further auction/dealer research remains open.","reviewed gap — No verified photograph in inspected source set; further auction/dealer research remains open.","reviewed gap — No verified photograph in inspected source set; further auction/dealer research remains open.","https://www.christies.com/lot/lot-5255764","rules"
"BREITLING","A32360B4/C698","unreviewed","unresolved — no verified source","unresolved — no verified source","unresolved — no verified source","unresolved — no verified source","https://www.christies.com/lot/lot-5255764","rules"
"BREITLING","AB01341B1B1A1","unreviewed","unresolved — no verified source","unresolved — no verified source","unresolved — no verified source","unresolved — no verified source","https://www.breitling.com/gb-en/watches/chronomat/chronomat-b01-42/AB01341B1B1A1/","research updates"
"BREITLING","AB0138241L1P1","unreviewed","unresolved — no verified source","unresolved — no verified source","unresolved — no verified source","unresolved — no verified source","https://www.breitling.com/gb-en/watches/navitimer/navitimer-b01-chronograph-43-my22/AB0138241L1P1/","research updates"
"BREITLING","AB0139211G1A1","unreviewed","unresolved — no verified source","unresolved — no verified source","unresolved — no verified source","unresolved — no verified source","https://www.breitling.com/gb-en/watches/navitimer/navitimer-b01-chronograph-41-my22/AB0139211G1A1/","research updates"
"BREITLING","AB0145211G1P1","unreviewed","unresolved — no verified source","unresolved — no verified source","unresolved — no verified source","unresolved — no verified source","https://www.breitling.com/gb-en/watches/premier/premier-b01-chronograph-42-my23/AB0145211G1P1/","research updates"
"BREITLING","AB0147101A1X1","unreviewed","unresolved — no verified source","unresolved — no verified source","unresolved — no verified source","unresolved — no verified source","https://www.breitling.com/gb-en/watches/avenger/avenger-b01-chronograph-44-my23/AB0147101A1X1/","research updates"
"BREITLING","AB01762C1I1X1","unreviewed","unresolved — no verified source","unresolved — no verified source","unresolved — no verified source","unresolved — no verified source","https://www.breitling.com/gb-en/watches/top-time/top-time-b01/AB01762C1I1X1/","research updates"
"BREITLING","AB2020121L1A1","unreviewed","unresolved — no verified source","unresolved — no verified source","unresolved — no verified source","unresolved — no verified source","https://www.breitling.com/gb-en/watches/superocean-heritage/superocean-heritage-b20-automatic-46/AB2020121L1A1/","research updates"
"BREITLING","AB2030121B1S1","unreviewed","unresolved — no verified source","unresolved — no verified source","unresolved — no verified source","unresolved — no verified source","https://www.breitling.com/gb-en/watches/superocean-heritage/superocean-heritage-b20-automatic-44/AB2030121B1S1/","research updates"
"BREITLING","AB3114101L1A1","unreviewed","unresolved — no verified source","unresolved — no verified source","unresolved — no verified source","unresolved — no verified source","https://www.breitling.com/gb-en/watches/chronomat/chronomat-b31-automatic-40-my26/AB3114101L1A1/","research updates"
"BREITLING","EB70101A1O1E1","unreviewed","unresolved — no verified source","unresolved — no verified source","unresolved — no verified source","unresolved — no verified source","https://www.breitling.com/gb-en/watches/professional/aerospace-b70/EB70101A1O1E1/","research updates"
"BREITLING","X823109A1K1S1","unreviewed","unresolved — no verified source","unresolved — no verified source","unresolved — no verified source","unresolved — no verified source","https://www.breitling.com/gb-en/watches/professional/endurance-pro/X823109A1K1S1/","research updates"
"BREITLING","X83310D41B1S1","unreviewed","unresolved — no verified source","unresolved — no verified source","unresolved — no verified source","unresolved — no verified source","https://www.breitling.com/gb-en/watches/professional/endurance-pro-38mm/X83310D41B1S1/","research updates"
"Cartier","183957","unreviewed","unresolved — no verified source","unresolved — no verified source","unresolved — no verified source","unresolved — no verified source","","rules"
"Cartier","187906","unreviewed","unresolved — no verified source","unresolved — no verified source","unresolved — no verified source","unresolved — no verified source","","rules"
"Cartier","2603","unreviewed","unresolved — no verified source","unresolved — no verified source","unresolved — no verified source","unresolved — no verified source","","rules"
"Cartier","681006","unreviewed","unresolved — no verified source","unresolved — no verified source","unresolved — no verified source","unresolved — no verified source","","rules"
"Cartier","83083241","unreviewed","unresolved — no verified source","unresolved — no verified source","unresolved — no verified source","unresolved — no verified source","","rules"
"Cartier","83782747","unreviewed","unresolved — no verified source","unresolved — no verified source","unresolved — no verified source","unresolved — no verified source","","rules"
"Cartier","W1003154","unreviewed","unresolved — no verified source","unresolved — no verified source","unresolved — no verified source","unresolved — no verified source","","rules"
"Cartier","W1013754","unreviewed","unresolved — no verified source","unresolved — no verified source","unresolved — no verified source","unresolved — no verified source","","rules"
"Cartier","W1014054","unreviewed","unresolved — no verified source","unresolved — no verified source","unresolved — no verified source","unresolved — no verified source","","rules"
"Cartier","W1014154","unreviewed","unresolved — no verified source","unresolved — no verified source","unresolved — no verified source","unresolved — no verified source","","rules"
"Cartier","W200114A","unreviewed","unresolved — no verified source","unresolved — no verified source","unresolved — no verified source","unresolved — no verified source","","rules"
"Cartier","W20011C4","reviewed","verified","reviewed gap — No verified photograph in inspected source set; further source research remains open.","verified","verified","","rules"
"Cartier","W20012C4","unreviewed","unresolved — no verified source","unresolved — no verified source","unresolved — no verified source","unresolved — no verified source","","rules"
"Cartier","W20018D6","reviewed","verified","reviewed gap — No verified photograph in inspected source set; further source research remains open.","verified","verified","","rules"
"Cartier","W20038R301","unreviewed","unresolved — no verified source","unresolved — no verified source","unresolved — no verified source","unresolved — no verified source","","rules"
"Cartier","W20045C4","unreviewed","unresolved — no verified source","unresolved — no verified source","unresolved — no verified source","unresolved — no verified source","","rules"
"Cartier","W20056D6","unreviewed","unresolved — no verified source","unresolved — no verified source","unresolved — no verified source","unresolved — no verified source","","rules"
"Cartier","W20058C4","unreviewed","unresolved — no verified source","unresolved — no verified source","unresolved — no verified source","unresolved — no verified source","","rules"
"Cartier","W20072X7","unreviewed","unresolved — no verified source","unresolved — no verified source","unresolved — no verified source","unresolved — no verified source","","rules"
"Cartier","W20073X8","unreviewed","unresolved — no verified source","unresolved — no verified source","unresolved — no verified source","unresolved — no verified source","","rules"
"Cartier","W20090X8","unreviewed","unresolved — no verified source","unresolved — no verified source","unresolved — no verified source","unresolved — no verified source","","rules"
"Cartier","W20098D6","unreviewed","unresolved — no verified source","unresolved — no verified source","unresolved — no verified source","unresolved — no verified source","","rules"
"Cartier","W20126X8","unreviewed","unresolved — no verified source","unresolved — no verified source","unresolved — no verified source","unresolved — no verified source","","rules"
"Cartier","W2020008","unreviewed","unresolved — no verified source","unresolved — no verified source","unresolved — no verified source","unresolved — no verified source","","rules"
"Cartier","W25022B9","reviewed","verified","reviewed gap — No verified photograph in inspected source set; further source research remains open.","verified","verified","","rules"
"Cartier","W25075Z5","unreviewed","unresolved — no verified source","unresolved — no verified source","unresolved — no verified source","unresolved — no verified source","","rules"
"Cartier","W2603556","unreviewed","unresolved — no verified source","unresolved — no verified source","unresolved — no verified source","unresolved — no verified source","","rules"
"Cartier","W31010M7","unreviewed","unresolved — no verified source","unresolved — no verified source","unresolved — no verified source","unresolved — no verified source","","rules"
"Cartier","W31015M7","unreviewed","unresolved — no verified source","unresolved — no verified source","unresolved — no verified source","unresolved — no verified source","","rules"
"Cartier","W31058M7","unreviewed","unresolved — no verified source","unresolved — no verified source","unresolved — no verified source","unresolved — no verified source","","rules"
"Cartier","W3140026","unreviewed","unresolved — no verified source","unresolved — no verified source","unresolved — no verified source","unresolved — no verified source","","rules"
"Cartier","W350068A","unreviewed","unresolved — no verified source","unresolved — no verified source","unresolved — no verified source","unresolved — no verified source","","rules"
"Cartier","W51002Q3","unreviewed","unresolved — no verified source","unresolved — no verified source","unresolved — no verified source","unresolved — no verified source","","rules"
"Cartier","W51005Q4","unreviewed","unresolved — no verified source","unresolved — no verified source","unresolved — no verified source","unresolved — no verified source","","rules"
"Cartier","W51008Q3","unreviewed","unresolved — no verified source","unresolved — no verified source","unresolved — no verified source","unresolved — no verified source","","rules"
"Cartier","W51011Q3","unreviewed","unresolved — no verified source","unresolved — no verified source","unresolved — no verified source","unresolved — no verified source","","rules"
"Cartier","W5200013","unreviewed","unresolved — no verified source","unresolved — no verified source","unresolved — no verified source","unresolved — no verified source","","rules"
"Cartier","W5200027","unreviewed","unresolved — no verified source","unresolved — no verified source","unresolved — no verified source","unresolved — no verified source","","rules"
"Cartier","W5200028","unreviewed","unresolved — no verified source","unresolved — no verified source","unresolved — no verified source","unresolved — no verified source","","rules"
"Cartier","W62002V3","unreviewed","unresolved — no verified source","unresolved — no verified source","unresolved — no verified source","unresolved — no verified source","","rules"
"Cartier","W62017V3","unreviewed","unresolved — no verified source","unresolved — no verified source","unresolved — no verified source","unresolved — no verified source","","rules"
"Cartier","W62019X6","unreviewed","unresolved — no verified source","unresolved — no verified source","unresolved — no verified source","unresolved — no verified source","","rules"
"Cartier","W6700455","unreviewed","unresolved — no verified source","unresolved — no verified source","unresolved — no verified source","unresolved — no verified source","","rules"
"Cartier","W6701004","unreviewed","unresolved — no verified source","unresolved — no verified source","unresolved — no verified source","unresolved — no verified source","","rules"
"Cartier","W6920085","unreviewed","unresolved — no verified source","unresolved — no verified source","unresolved — no verified source","unresolved — no verified source","","rules"
"Cartier","W7100015","unreviewed","unresolved — no verified source","unresolved — no verified source","unresolved — no verified source","unresolved — no verified source","","rules"
"Cartier","WB701851","unreviewed","unresolved — no verified source","unresolved — no verified source","unresolved — no verified source","unresolved — no verified source","","rules"
"Cartier","WSBB0031","unreviewed","unresolved — no verified source","unresolved — no verified source","unresolved — no verified source","unresolved — no verified source","","rules"
"Cartier","WSCA0006","unreviewed","unresolved — no verified source","unresolved — no verified source","unresolved — no verified source","unresolved — no verified source","","rules"
"Cartier","WSSA0018","reviewed","verified","reviewed gap — No verified photograph in inspected source set; further source research remains open.","verified","verified","","rules"
"Cartier","WSSA0022","unreviewed","unresolved — no verified source","unresolved — no verified source","unresolved — no verified source","unresolved — no verified source","","rules"
"Cartier","WSSA0030","unreviewed","unresolved — no verified source","unresolved — no verified source","unresolved — no verified source","unresolved — no verified source","","rules"
"Cartier","WSSA0032","unreviewed","unresolved — no verified source","unresolved — no verified source","unresolved — no verified source","unresolved — no verified source","","rules"
"Cartier","WSSA0037","unreviewed","unresolved — no verified source","unresolved — no verified source","unresolved — no verified source","unresolved — no verified source","","rules"
"Cartier","WSSA0039","unreviewed","unresolved — no verified source","unresolved — no verified source","unresolved — no verified source","unresolved — no verified source","","rules"
"Cartier","WSSA0048","unreviewed","unresolved — no verified source","unresolved — no verified source","unresolved — no verified source","unresolved — no verified source","","rules"
"Cartier","WSSA0061","unreviewed","unresolved — no verified source","unresolved — no verified source","unresolved — no verified source","unresolved — no verified source","","rules"
"Cartier","WSSA0062","unreviewed","unresolved — no verified source","unresolved — no verified source","unresolved — no verified source","unresolved — no verified source","","rules"
"Cartier","WSSA0071","unreviewed","unresolved — no verified source","unresolved — no verified source","unresolved — no verified source","unresolved — no verified source","","rules"
"Cartier","WSTA0018","unreviewed","unresolved — no verified source","unresolved — no verified source","unresolved — no verified source","unresolved — no verified source","","rules"
"Cartier","WSTA0041","unreviewed","unresolved — no verified source","unresolved — no verified source","unresolved — no verified source","unresolved — no verified source","","rules"
"Cartier","WSTA0051","unreviewed","unresolved — no verified source","unresolved — no verified source","unresolved — no verified source","unresolved — no verified source","","rules"
"Omega","130.30.39.21.03.001","unreviewed","unresolved — no verified source","unresolved — no verified source","unresolved — no verified source","unresolved — no verified source","","rules"
"Omega","145.012-67","unreviewed","unresolved — no verified source","unresolved — no verified source","unresolved — no verified source","unresolved — no verified source","","rules"
"Omega","145.022-69","unreviewed","unresolved — no verified source","unresolved — no verified source","unresolved — no verified source","unresolved — no verified source","","rules"
"Omega","176.002","unreviewed","unresolved — no verified source","unresolved — no verified source","unresolved — no verified source","unresolved — no verified source","","rules"
"Omega","176.007","unreviewed","unresolved — no verified source","unresolved — no verified source","unresolved — no verified source","unresolved — no verified source","","rules"
"Omega","178.0215","unreviewed","unresolved — no verified source","unresolved — no verified source","unresolved — no verified source","unresolved — no verified source","","rules"
"Omega","196.2432","unreviewed","unresolved — no verified source","unresolved — no verified source","unresolved — no verified source","unresolved — no verified source","","rules"
"Omega","210.20.42.20.01.001","unreviewed","unresolved — no verified source","unresolved — no verified source","unresolved — no verified source","unresolved — no verified source","","rules"
"Omega","210.22.42.20.01.002","unreviewed","unresolved — no verified source","unresolved — no verified source","unresolved — no verified source","unresolved — no verified source","","rules"
"Omega","210.30.42.20.01.001","unreviewed","unresolved — no verified source","unresolved — no verified source","unresolved — no verified source","unresolved — no verified source","","rules"
"Omega","210.30.42.20.03.001","reviewed","verified","verified","verified","verified","","rules"
"Omega","210.30.42.20.03.002","unreviewed","unresolved — no verified source","unresolved — no verified source","unresolved — no verified source","unresolved — no verified source","","rules"
"Omega","210.30.42.20.03.003","unreviewed","unresolved — no verified source","unresolved — no verified source","unresolved — no verified source","unresolved — no verified source","","rules"
"Omega","210.30.42.20.04.001","unreviewed","unresolved — no verified source","unresolved — no verified source","unresolved — no verified source","unresolved — no verified source","","rules"
"Omega","210.30.42.20.06.001","unreviewed","unresolved — no verified source","unresolved — no verified source","unresolved — no verified source","unresolved — no verified source","","rules"
"Omega","210.30.42.20.10.001","unreviewed","unresolved — no verified source","unresolved — no verified source","unresolved — no verified source","unresolved — no verified source","","rules"
"Omega","210.32.42.20.03.001","unreviewed","unresolved — no verified source","unresolved — no verified source","unresolved — no verified source","unresolved — no verified source","","rules"
"Omega","210.32.42.20.04.001","unreviewed","unresolved — no verified source","unresolved — no verified source","unresolved — no verified source","unresolved — no verified source","","rules"
"Omega","210.32.42.20.10.001","unreviewed","unresolved — no verified source","unresolved — no verified source","unresolved — no verified source","unresolved — no verified source","","rules"
"Omega","210.32.44.51.01.001","unreviewed","unresolved — no verified source","unresolved — no verified source","unresolved — no verified source","unresolved — no verified source","","rules"
"Omega","210.904.220.010.01","reviewed","verified","reviewed gap — No verified photograph in inspected source set; further source research remains open.","verified","verified","","rules"
"Omega","212.30.36.20.01.002","unreviewed","unresolved — no verified source","unresolved — no verified source","unresolved — no verified source","unresolved — no verified source","","rules"
"Omega","213.30.42.40.01.001","unreviewed","unresolved — no verified source","unresolved — no verified source","unresolved — no verified source","unresolved — no verified source","","rules"
"Omega","215.30.44.21.01.002","unreviewed","unresolved — no verified source","unresolved — no verified source","unresolved — no verified source","unresolved — no verified source","","rules"
"Omega","215.30.44.21.03.001","unreviewed","unresolved — no verified source","unresolved — no verified source","unresolved — no verified source","unresolved — no verified source","","rules"
"Omega","215.30.46.21.03.001","unreviewed","unresolved — no verified source","unresolved — no verified source","unresolved — no verified source","unresolved — no verified source","","rules"
"Omega","215.90.44.21.99.001","unreviewed","unresolved — no verified source","unresolved — no verified source","unresolved — no verified source","unresolved — no verified source","","rules"
"Omega","215.92.44.21.99.001","unreviewed","unresolved — no verified source","unresolved — no verified source","unresolved — no verified source","unresolved — no verified source","","rules"
"Omega","220.10.38.20.03.001","unreviewed","unresolved — no verified source","unresolved — no verified source","unresolved — no verified source","unresolved — no verified source","","rules"
"Omega","220.10.41.21.02.001","unreviewed","unresolved — no verified source","unresolved — no verified source","unresolved — no verified source","unresolved — no verified source","","rules"
"Omega","220.10.41.21.03.001","unreviewed","unresolved — no verified source","unresolved — no verified source","unresolved — no verified source","unresolved — no verified source","","rules"
"Omega","220.10.41.21.10.001","unreviewed","unresolved — no verified source","unresolved — no verified source","unresolved — no verified source","unresolved — no verified source","","rules"
"Omega","220.12.41.21.03.002","unreviewed","unresolved — no verified source","unresolved — no verified source","unresolved — no verified source","unresolved — no verified source","","rules"
"Omega","220.22.41.21.02.001","unreviewed","unresolved — no verified source","unresolved — no verified source","unresolved — no verified source","unresolved — no verified source","","rules"
"Omega","2200.50.00","reviewed","verified","verified","verified","verified","","rules"
"Omega","2201.51","unreviewed","unresolved — no verified source","unresolved — no verified source","unresolved — no verified source","unresolved — no verified source","","rules"
"Omega","2201.51.00","reviewed","verified","reviewed gap — No verified photograph in inspected source set; further source research remains open.","verified","verified","","rules"
"Omega","2209.50.00","unreviewed","unresolved — no verified source","unresolved — no verified source","unresolved — no verified source","unresolved — no verified source","","rules"
"Omega","2210.50.00","unreviewed","unresolved — no verified source","unresolved — no verified source","unresolved — no verified source","unresolved — no verified source","","rules"
"Omega","2221.80","unreviewed","unresolved — no verified source","unresolved — no verified source","unresolved — no verified source","unresolved — no verified source","","rules"
"Omega","2221.80.00","unreviewed","unresolved — no verified source","unresolved — no verified source","unresolved — no verified source","unresolved — no verified source","","rules"
"Omega","2250.80","unreviewed","unresolved — no verified source","unresolved — no verified source","unresolved — no verified source","unresolved — no verified source","","rules"
"Omega","2253.80","unreviewed","unresolved — no verified source","unresolved — no verified source","unresolved — no verified source","unresolved — no verified source","","rules"
"Omega","2253.80.00","unreviewed","unresolved — no verified source","unresolved — no verified source","unresolved — no verified source","unresolved — no verified source","","rules"
"Omega","2254.50","unreviewed","unresolved — no verified source","unresolved — no verified source","unresolved — no verified source","unresolved — no verified source","","rules"
"Omega","2255.80","unreviewed","unresolved — no verified source","unresolved — no verified source","unresolved — no verified source","unresolved — no verified source","","rules"
"Omega","2257.80.00","unreviewed","unresolved — no verified source","unresolved — no verified source","unresolved — no verified source","unresolved — no verified source","","rules"
"Omega","2262.50","unreviewed","unresolved — no verified source","unresolved — no verified source","unresolved — no verified source","unresolved — no verified source","","rules"
"Omega","2262.50.00","unreviewed","unresolved — no verified source","unresolved — no verified source","unresolved — no verified source","unresolved — no verified source","","rules"
"Omega","2263.80.00","unreviewed","unresolved — no verified source","unresolved — no verified source","unresolved — no verified source","unresolved — no verified source","","rules"
"Omega","2265.80","unreviewed","unresolved — no verified source","unresolved — no verified source","unresolved — no verified source","unresolved — no verified source","","rules"
"Omega","2305.15","unreviewed","unresolved — no verified source","unresolved — no verified source","unresolved — no verified source","unresolved — no verified source","","rules"
"Omega","231.10.42.21.03.003","unreviewed","unresolved — no verified source","unresolved — no verified source","unresolved — no verified source","unresolved — no verified source","","rules"
"Omega","231.13.43.22.02.004","unreviewed","unresolved — no verified source","unresolved — no verified source","unresolved — no verified source","unresolved — no verified source","","rules"
"Omega","231.20.42.21.06.001","unreviewed","unresolved — no verified source","unresolved — no verified source","unresolved — no verified source","unresolved — no verified source","","rules"
"Omega","232.30.46.21.01.002","unreviewed","unresolved — no verified source","unresolved — no verified source","unresolved — no verified source","unresolved — no verified source","","rules"
"Omega","232.30.46.51.01.001","unreviewed","unresolved — no verified source","unresolved — no verified source","unresolved — no verified source","unresolved — no verified source","","rules"
"Omega","232.32.46.21.01.001","unreviewed","unresolved — no verified source","unresolved — no verified source","unresolved — no verified source","unresolved — no verified source","","rules"
"Omega","232.90.42.21.03.001","unreviewed","unresolved — no verified source","unresolved — no verified source","unresolved — no verified source","unresolved — no verified source","","rules"
"Omega","232.92.38.20.03.001","unreviewed","unresolved — no verified source","unresolved — no verified source","unresolved — no verified source","unresolved — no verified source","","rules"
"Omega","233.32.41.21.01.001","reviewed","verified","verified","verified","verified","","rules"
"Omega","233.90.41.21.03.001","unreviewed","unresolved — no verified source","unresolved — no verified source","unresolved — no verified source","unresolved — no verified source","","rules"
"Omega","234.30.41.21.01.001","unreviewed","unresolved — no verified source","unresolved — no verified source","unresolved — no verified source","unresolved — no verified source","","rules"
"Omega","234.32.41.21.01.001","unreviewed","unresolved — no verified source","unresolved — no verified source","unresolved — no verified source","unresolved — no verified source","","rules"
"Omega","25173000","unreviewed","unresolved — no verified source","unresolved — no verified source","unresolved — no verified source","unresolved — no verified source","","rules"
"Omega","2518.30.00","unreviewed","unresolved — no verified source","unresolved — no verified source","unresolved — no verified source","unresolved — no verified source","","rules"
"Omega","2531.80","unreviewed","unresolved — no verified source","unresolved — no verified source","unresolved — no verified source","unresolved — no verified source","","rules"
"Omega","2531.80.00","reviewed","verified","verified","verified","verified","","rules"
"Omega","25518000","unreviewed","unresolved — no verified source","unresolved — no verified source","unresolved — no verified source","unresolved — no verified source","","rules"
"Omega","2561.80","unreviewed","unresolved — no verified source","unresolved — no verified source","unresolved — no verified source","unresolved — no verified source","","rules"
"Omega","2561.80.00","unreviewed","unresolved — no verified source","unresolved — no verified source","unresolved — no verified source","unresolved — no verified source","","rules"
"Omega","2594.52.00","unreviewed","unresolved — no verified source","unresolved — no verified source","unresolved — no verified source","unresolved — no verified source","","rules"
"Omega","2598.80","unreviewed","unresolved — no verified source","unresolved — no verified source","unresolved — no verified source","unresolved — no verified source","","rules"
"Omega","2598.80.00","unreviewed","unresolved — no verified source","unresolved — no verified source","unresolved — no verified source","unresolved — no verified source","","rules"
"Omega","29015091","unreviewed","unresolved — no verified source","unresolved — no verified source","unresolved — no verified source","unresolved — no verified source","","rules"
"Omega","2909.50.91","unreviewed","unresolved — no verified source","unresolved — no verified source","unresolved — no verified source","unresolved — no verified source","","rules"
"Omega","2910.51.82","unreviewed","unresolved — no verified source","unresolved — no verified source","unresolved — no verified source","unresolved — no verified source","","rules"
"Omega","304.30.44.52.01.001","unreviewed","unresolved — no verified source","unresolved — no verified source","unresolved — no verified source","unresolved — no verified source","","rules"
"Omega","310.30.40.50.06.001","unreviewed","unresolved — no verified source","unresolved — no verified source","unresolved — no verified source","unresolved — no verified source","","rules"
"Omega","310.30.42.50.01.001","unreviewed","unresolved — no verified source","unresolved — no verified source","unresolved — no verified source","unresolved — no verified source","","rules"
"Omega","310.30.42.50.01.002","reviewed","verified","verified","verified","verified","","rules"
"Omega","310.30.42.50.01.004","unreviewed","unresolved — no verified source","unresolved — no verified source","unresolved — no verified source","unresolved — no verified source","","rules"
"Omega","310.30.42.50.04.001","unreviewed","unresolved — no verified source","unresolved — no verified source","unresolved — no verified source","unresolved — no verified source","","rules"
"Omega","310.32.42.50.01","unreviewed","unresolved — no verified source","unresolved — no verified source","unresolved — no verified source","unresolved — no verified source","","rules"
"Omega","310.32.42.50.02.001","reviewed","verified","reviewed gap — No verified photograph in inspected source set; further source research remains open.","verified","verified","","rules"
"Omega","31032425001001","unreviewed","unresolved — no verified source","unresolved — no verified source","unresolved — no verified source","unresolved — no verified source","","rules"
"Omega","311.30.42.30.01.005","reviewed","verified","reviewed gap — No verified photograph in inspected source set; further source research remains open.","verified","verified","","rules"
"Omega","311.92.44.30.01.001","unreviewed","unresolved — no verified source","unresolved — no verified source","unresolved — no verified source","unresolved — no verified source","","rules"
"Omega","311.93.44.51.99.002","unreviewed","unresolved — no verified source","unresolved — no verified source","unresolved — no verified source","unresolved — no verified source","","rules"
"Omega","324.23.38.50.02.002","unreviewed","unresolved — no verified source","unresolved — no verified source","unresolved — no verified source","unresolved — no verified source","","rules"
"Omega","326.30.40.50.02.001","unreviewed","unresolved — no verified source","unresolved — no verified source","unresolved — no verified source","unresolved — no verified source","","rules"
"Omega","329.30.44.51.04.001","unreviewed","unresolved — no verified source","unresolved — no verified source","unresolved — no verified source","unresolved — no verified source","","rules"
"Omega","3510.12","unreviewed","unresolved — no verified source","unresolved — no verified source","unresolved — no verified source","unresolved — no verified source","","rules"
"Omega","3511.20.00","unreviewed","unresolved — no verified source","unresolved — no verified source","unresolved — no verified source","unresolved — no verified source","","rules"
"Omega","3513.50","unreviewed","unresolved — no verified source","unresolved — no verified source","unresolved — no verified source","unresolved — no verified source","","rules"
"Omega","3513.50.00","unreviewed","unresolved — no verified source","unresolved — no verified source","unresolved — no verified source","unresolved — no verified source","","rules"
"Omega","3513.53.00","unreviewed","unresolved — no verified source","unresolved — no verified source","unresolved — no verified source","unresolved — no verified source","","rules"
"Omega","3520.50","unreviewed","unresolved — no verified source","unresolved — no verified source","unresolved — no verified source","unresolved — no verified source","","rules"
"Omega","3520.50.00","unreviewed","unresolved — no verified source","unresolved — no verified source","unresolved — no verified source","unresolved — no verified source","","rules"
"Omega","3529.50.00","unreviewed","unresolved — no verified source","unresolved — no verified source","unresolved — no verified source","unresolved — no verified source","","rules"
"Omega","3539.50.00","unreviewed","unresolved — no verified source","unresolved — no verified source","unresolved — no verified source","unresolved — no verified source","","rules"
"Omega","3551.50.00","unreviewed","unresolved — no verified source","unresolved — no verified source","unresolved — no verified source","unresolved — no verified source","","rules"
"Omega","3570.50","unreviewed","unresolved — no verified source","unresolved — no verified source","unresolved — no verified source","unresolved — no verified source","","rules"
"Omega","3570.50.00","reviewed","verified","reviewed gap — No verified photograph in inspected source set; further source research remains open.","verified","verified","","rules"
"Omega","3573.50","unreviewed","unresolved — no verified source","unresolved — no verified source","unresolved — no verified source","unresolved — no verified source","","rules"
"Omega","3573.50.00","unreviewed","unresolved — no verified source","unresolved — no verified source","unresolved — no verified source","unresolved — no verified source","","rules"
"Omega","3578.51","unreviewed","unresolved — no verified source","unresolved — no verified source","unresolved — no verified source","unresolved — no verified source","","rules"
"Omega","3820.53.26","unreviewed","unresolved — no verified source","unresolved — no verified source","unresolved — no verified source","unresolved — no verified source","","rules"
"Omega","386.1062","unreviewed","unresolved — no verified source","unresolved — no verified source","unresolved — no verified source","unresolved — no verified source","","rules"
"Omega","424.10.37.20.03.001","unreviewed","unresolved — no verified source","unresolved — no verified source","unresolved — no verified source","unresolved — no verified source","","rules"
"Omega","424.13.40.20.02.002","unreviewed","unresolved — no verified source","unresolved — no verified source","unresolved — no verified source","unresolved — no verified source","","rules"
"Omega","42410402003001","unreviewed","unresolved — no verified source","unresolved — no verified source","unresolved — no verified source","unresolved — no verified source","","rules"
"Omega","425.30.34.20.51.001","unreviewed","unresolved — no verified source","unresolved — no verified source","unresolved — no verified source","unresolved — no verified source","","rules"
"Omega","431.63.41.21.13.001","unreviewed","unresolved — no verified source","unresolved — no verified source","unresolved — no verified source","unresolved — no verified source","","rules"
"Omega","434.23.42.22.02.001","unreviewed","unresolved — no verified source","unresolved — no verified source","unresolved — no verified source","unresolved — no verified source","","rules"
"Omega","522.30.42.30.06.001","unreviewed","unresolved — no verified source","unresolved — no verified source","unresolved — no verified source","unresolved — no verified source","","rules"
"Omega","C2577-5SC","unreviewed","unresolved — no verified source","unresolved — no verified source","unresolved — no verified source","unresolved — no verified source","","rules"
"Omega","COSMIC 2000","unreviewed","unresolved — no verified source","unresolved — no verified source","unresolved — no verified source","unresolved — no verified source","","rules"
"Omega","ST176.002","unreviewed","unresolved — no verified source","unresolved — no verified source","unresolved — no verified source","unresolved — no verified source","","rules"
"Panerai","PAM00024","unreviewed","unresolved — no verified source","unresolved — no verified source","unresolved — no verified source","unresolved — no verified source","","rules"
"Panerai","PAM00091","unreviewed","unresolved — no verified source","unresolved — no verified source","unresolved — no verified source","unresolved — no verified source","","rules"
"Panerai","PAM00287","unreviewed","unresolved — no verified source","unresolved — no verified source","unresolved — no verified source","unresolved — no verified source","","rules"
"Panerai","PAM00380","unreviewed","unresolved — no verified source","unresolved — no verified source","unresolved — no verified source","unresolved — no verified source","","rules"
"Panerai","PAM00557","unreviewed","unresolved — no verified source","unresolved — no verified source","unresolved — no verified source","unresolved — no verified source","","rules"
"Panerai","PAM00574","unreviewed","unresolved — no verified source","unresolved — no verified source","unresolved — no verified source","unresolved — no verified source","","rules"
"Panerai","PAM00609","unreviewed","unresolved — no verified source","unresolved — no verified source","unresolved — no verified source","unresolved — no verified source","","rules"
"Panerai","PAM00915","unreviewed","unresolved — no verified source","unresolved — no verified source","unresolved — no verified source","unresolved — no verified source","","rules"
"Panerai","PAM01005","unreviewed","unresolved — no verified source","unresolved — no verified source","unresolved — no verified source","unresolved — no verified source","","rules"
"Panerai","PAM01024","unreviewed","unresolved — no verified source","unresolved — no verified source","unresolved — no verified source","unresolved — no verified source","","rules"
"Panerai","PAM01271","unreviewed","unresolved — no verified source","unresolved — no verified source","unresolved — no verified source","unresolved — no verified source","","rules"
"Panerai","PAM01305","unreviewed","unresolved — no verified source","unresolved — no verified source","unresolved — no verified source","unresolved — no verified source","","rules"
"Panerai","PAM01316","reviewed","verified","reviewed gap — No verified photograph in inspected source set; further source research remains open.","verified","verified","","rules"
"Panerai","PAM01572","unreviewed","unresolved — no verified source","unresolved — no verified source","unresolved — no verified source","unresolved — no verified source","","rules"
"anOrdain","anOrdain Model 2","unreviewed","unresolved — no verified source","unresolved — no verified source","unresolved — no verified source","unresolved — no verified source","","rules"
"Baume & Mercier","65900","unreviewed","unresolved — no verified source","unresolved — no verified source","unresolved — no verified source","unresolved — no verified source","","rules"
"Bell & Ross","BR03","unreviewed","unresolved — no verified source","unresolved — no verified source","unresolved — no verified source","unresolved — no verified source","","rules"
"Bell & Ross","BRBRV1-92-S","unreviewed","unresolved — no verified source","unresolved — no verified source","unresolved — no verified source","unresolved — no verified source","","rules"
"Blancpain","5010-12B30-98S","unreviewed","unresolved — no verified source","unresolved — no verified source","unresolved — no verified source","unresolved — no verified source","","rules"
"Bremont","ALT1-B","unreviewed","unresolved — no verified source","unresolved — no verified source","unresolved — no verified source","unresolved — no verified source","","rules"
"Bremont","ALT1-C","unreviewed","unresolved — no verified source","unresolved — no verified source","unresolved — no verified source","unresolved — no verified source","","rules"
"Bremont","ALT1-C-CR","unreviewed","unresolved — no verified source","unresolved — no verified source","unresolved — no verified source","unresolved — no verified source","","rules"
"Bremont","ALT1-ZT/51","unreviewed","unresolved — no verified source","unresolved — no verified source","unresolved — no verified source","unresolved — no verified source","","rules"
"Bremont","Bremont ALT1-P2","unreviewed","unresolved — no verified source","unresolved — no verified source","unresolved — no verified source","unresolved — no verified source","","rules"
"Bremont","SOLO-43","unreviewed","unresolved — no verified source","unresolved — no verified source","unresolved — no verified source","unresolved — no verified source","","rules"
"Bremont","Supermarine S300","unreviewed","unresolved — no verified source","unresolved — no verified source","unresolved — no verified source","unresolved — no verified source","","rules"
"Bremont","Supermarine S502","unreviewed","unresolved — no verified source","unresolved — no verified source","unresolved — no verified source","unresolved — no verified source","","rules"
"Chanel","CHANEL J12","unreviewed","unresolved — no verified source","unresolved — no verified source","unresolved — no verified source","unresolved — no verified source","","rules"
"Chopard","27/8895-23/11","unreviewed","unresolved — no verified source","unresolved — no verified source","unresolved — no verified source","unresolved — no verified source","","rules"
"Christopher Ward","C60 LUMIERE GREEN","unreviewed","unresolved — no verified source","unresolved — no verified source","unresolved — no verified source","unresolved — no verified source","","rules"
"Christopher Ward","C60 Trident Lumière","unreviewed","unresolved — no verified source","unresolved — no verified source","unresolved — no verified source","unresolved — no verified source","","rules"
"Christopher Ward","C60 Trident Pro 300","unreviewed","unresolved — no verified source","unresolved — no verified source","unresolved — no verified source","unresolved — no verified source","","rules"
"Citizen","6930-09FE","unreviewed","unresolved — no verified source","unresolved — no verified source","unresolved — no verified source","unresolved — no verified source","","rules"
"DAMASKO","DC66","unreviewed","unresolved — no verified source","unresolved — no verified source","unresolved — no verified source","unresolved — no verified source","","rules"
"DOXA","820.10","unreviewed","unresolved — no verified source","unresolved — no verified source","unresolved — no verified source","unresolved — no verified source","","rules"
"Fears","BS23800B","unreviewed","unresolved — no verified source","unresolved — no verified source","unresolved — no verified source","unresolved — no verified source","","rules"
"Fears","BS240.500A","unreviewed","unresolved — no verified source","unresolved — no verified source","unresolved — no verified source","unresolved — no verified source","","rules"
"Generic","02 0500 420","unreviewed","unresolved — no verified source","unresolved — no verified source","unresolved — no verified source","unresolved — no verified source","","rules"
"Generic","292X4P4/5/6","unreviewed","unresolved — no verified source","unresolved — no verified source","unresolved — no verified source","unresolved — no verified source","","rules"
"Generic","30 0040 680","unreviewed","unresolved — no verified source","unresolved — no verified source","unresolved — no verified source","unresolved — no verified source","","rules"
"Generic","49.9000.670","unreviewed","unresolved — no verified source","unresolved — no verified source","unresolved — no verified source","unresolved — no verified source","","rules"
"Generic","79220","unreviewed","unresolved — no verified source","unresolved — no verified source","unresolved — no verified source","unresolved — no verified source","","rules"
"Generic","95.9000.670","unreviewed","unresolved — no verified source","unresolved — no verified source","unresolved — no verified source","unresolved — no verified source","","rules"
"Generic","BR03-92-DIV-C","unreviewed","unresolved — no verified source","unresolved — no verified source","unresolved — no verified source","unresolved — no verified source","","rules"
"Generic","FC-303WGH5B4","unreviewed","unresolved — no verified source","unresolved — no verified source","unresolved — no verified source","unresolved — no verified source","","rules"
"Girard-Perregaux","GP81060","unreviewed","unresolved — no verified source","unresolved — no verified source","unresolved — no verified source","unresolved — no verified source","","rules"
"Grand Seiko","SBGA285G","unreviewed","unresolved — no verified source","unresolved — no verified source","unresolved — no verified source","unresolved — no verified source","","rules"
"Grand Seiko","SBGA299","unreviewed","unresolved — no verified source","unresolved — no verified source","unresolved — no verified source","unresolved — no verified source","","rules"
"Grand Seiko","SBGA375","unreviewed","unresolved — no verified source","unresolved — no verified source","unresolved — no verified source","unresolved — no verified source","","rules"
"Grand Seiko","SBGA407","unreviewed","unresolved — no verified source","unresolved — no verified source","unresolved — no verified source","unresolved — no verified source","","rules"
"Grand Seiko","SBGA429","unreviewed","unresolved — no verified source","unresolved — no verified source","unresolved — no verified source","unresolved — no verified source","","rules"
"Grand Seiko","SBGA443","unreviewed","unresolved — no verified source","unresolved — no verified source","unresolved — no verified source","unresolved — no verified source","","rules"
"Grand Seiko","SBGA465","unreviewed","unresolved — no verified source","unresolved — no verified source","unresolved — no verified source","unresolved — no verified source","","rules"
"Grand Seiko","SBGE253G","unreviewed","unresolved — no verified source","unresolved — no verified source","unresolved — no verified source","unresolved — no verified source","","rules"
"Grand Seiko","SBGH353G","unreviewed","unresolved — no verified source","unresolved — no verified source","unresolved — no verified source","unresolved — no verified source","","rules"
"Grand Seiko","SBGP017","unreviewed","unresolved — no verified source","unresolved — no verified source","unresolved — no verified source","unresolved — no verified source","","rules"
"Grand Seiko","SBGR301","unreviewed","unresolved — no verified source","unresolved — no verified source","unresolved — no verified source","unresolved — no verified source","","rules"
"Grand Seiko","SBGR319","unreviewed","unresolved — no verified source","unresolved — no verified source","unresolved — no verified source","unresolved — no verified source","","rules"
"Grand Seiko","SBGX261G","unreviewed","unresolved — no verified source","unresolved — no verified source","unresolved — no verified source","unresolved — no verified source","","rules"
"Grand Seiko","SLGA007G","unreviewed","unresolved — no verified source","unresolved — no verified source","unresolved — no verified source","unresolved — no verified source","","rules"
"Heuer","7721","unreviewed","unresolved — no verified source","unresolved — no verified source","unresolved — no verified source","unresolved — no verified source","","rules"
"Hublot","510.CM.1170.CM","unreviewed","unresolved — no verified source","unresolved — no verified source","unresolved — no verified source","unresolved — no verified source","","rules"
"Hublot","511.NX.1170.RX","unreviewed","unresolved — no verified source","unresolved — no verified source","unresolved — no verified source","unresolved — no verified source","","rules"
"Hublot","521.CM.1771.RX","unreviewed","unresolved — no verified source","unresolved — no verified source","unresolved — no verified source","unresolved — no verified source","","rules"
"Hublot","542.NX.1171.LR","unreviewed","unresolved — no verified source","unresolved — no verified source","unresolved — no verified source","unresolved — no verified source","","rules"
"Hublot","561.ZP.1180.RX","unreviewed","unresolved — no verified source","unresolved — no verified source","unresolved — no verified source","unresolved — no verified source","","rules"
"IWC","IW323906","reviewed","verified","verified","verified","verified","","rules"
"IWC","IW327004","unreviewed","unresolved — no verified source","unresolved — no verified source","unresolved — no verified source","unresolved — no verified source","","rules"
"IWC","IW328106","unreviewed","unresolved — no verified source","unresolved — no verified source","unresolved — no verified source","unresolved — no verified source","https://www.iwc.com/gb-en/watches/pilot-watches/iw328106-pilots-watch-automatic-41-top-gun-mojave-desert","research updates"
"IWC","IW328206","unreviewed","unresolved — no verified source","unresolved — no verified source","unresolved — no verified source","unresolved — no verified source","https://www.iwc.com/ch-en/watches/pilot-watches/iw328206-pilots-watch-mark-xx","rules | research updates"
"IWC","IW328901","unreviewed","unresolved — no verified source","unresolved — no verified source","unresolved — no verified source","unresolved — no verified source","","rules"
"IWC","IW328908","unreviewed","unresolved — no verified source","unresolved — no verified source","unresolved — no verified source","unresolved — no verified source","","rules"
"IWC","IW329301","unreviewed","unresolved — no verified source","unresolved — no verified source","unresolved — no verified source","unresolved — no verified source","https://www.iwc.com/ww-en/watches/pilot-watches/iw329301-big-pilots-watch-43","rules | research updates"
"IWC","IW370601","reviewed","verified","reviewed gap — No published movement photograph; request-only image not obtained.","verified","verified","https://www.bukowskis.com/en/auctions/671/1021-iwc-pilot-s-watch-der-fliegerchronograph-ca-2000","rules | research updates"
"IWC","IW370703","unreviewed","unresolved — no verified source","unresolved — no verified source","unresolved — no verified source","unresolved — no verified source","","rules"
"IWC","IW371417","reviewed","verified","reviewed gap — No verified photograph in inspected source set; further source research remains open.","verified","verified","","rules"
"IWC","IW371602","unreviewed","unresolved — no verified source","unresolved — no verified source","unresolved — no verified source","unresolved — no verified source","","rules"
"IWC","IW371609","reviewed","verified","verified","verified","verified","","rules"
"IWC","IW376806","unreviewed","unresolved — no verified source","unresolved — no verified source","unresolved — no verified source","unresolved — no verified source","","rules"
"IWC","IW388108","unreviewed","unresolved — no verified source","unresolved — no verified source","unresolved — no verified source","unresolved — no verified source","https://www.iwc.com/ae-en/watches/pilot-watches/iw388108-pilots-watch-chronograph-41-edition-mercedes-amg-petronas","research updates"
"IWC","IW388113","unreviewed","unresolved — no verified source","unresolved — no verified source","unresolved — no verified source","unresolved — no verified source","https://www.iwc.com/us-en/watches/pilot-watches/iw388113-pilots-watch-chronograph-41","rules | research updates"
"IWC","IW544501","unreviewed","unresolved — no verified source","unresolved — no verified source","unresolved — no verified source","unresolved — no verified source","","rules"
"Jaeger-LeCoultre","109.2.37.S","unreviewed","unresolved — no verified source","unresolved — no verified source","unresolved — no verified source","unresolved — no verified source","","rules"
"Jaeger-LeCoultre","140.8.80.S","unreviewed","unresolved — no verified source","unresolved — no verified source","unresolved — no verified source","unresolved — no verified source","","rules"
"Jaeger-LeCoultre","214.8.62","unreviewed","unresolved — no verified source","unresolved — no verified source","unresolved — no verified source","unresolved — no verified source","","rules"
"Jaeger-LeCoultre","Q2505420","unreviewed","unresolved — no verified source","unresolved — no verified source","unresolved — no verified source","unresolved — no verified source","","rules"
"Jaeger-LeCoultre","Q4148420","unreviewed","unresolved — no verified source","unresolved — no verified source","unresolved — no verified source","unresolved — no verified source","","rules"
"Longines","L2.537.4","unreviewed","unresolved — no verified source","unresolved — no verified source","unresolved — no verified source","unresolved — no verified source","","rules"
"Longines","L2.620.4","unreviewed","unresolved — no verified source","unresolved — no verified source","unresolved — no verified source","unresolved — no verified source","","rules"
"Longines","L2.773.4","unreviewed","unresolved — no verified source","unresolved — no verified source","unresolved — no verified source","unresolved — no verified source","","rules"
"Longines","L3.410.4","unreviewed","unresolved — no verified source","unresolved — no verified source","unresolved — no verified source","unresolved — no verified source","","rules"
"Longines","L3.674.4","unreviewed","unresolved — no verified source","unresolved — no verified source","unresolved — no verified source","unresolved — no verified source","","rules"
"Longines","L3.740.3","unreviewed","unresolved — no verified source","unresolved — no verified source","unresolved — no verified source","unresolved — no verified source","","rules"
"Longines","L3.764.4","unreviewed","unresolved — no verified source","unresolved — no verified source","unresolved — no verified source","unresolved — no verified source","","rules"
"Longines","L3.781.4","unreviewed","unresolved — no verified source","unresolved — no verified source","unresolved — no verified source","unresolved — no verified source","","rules"
"Longines","L3.810.1","unreviewed","unresolved — no verified source","unresolved — no verified source","unresolved — no verified source","unresolved — no verified source","","rules"
"Longines","L3.811.4","unreviewed","unresolved — no verified source","unresolved — no verified source","unresolved — no verified source","unresolved — no verified source","","rules"
"Longines","L3.835","unreviewed","unresolved — no verified source","unresolved — no verified source","unresolved — no verified source","unresolved — no verified source","","rules"
"M.A.D","M.A.D. 2","unreviewed","unresolved — no verified source","unresolved — no verified source","unresolved — no verified source","unresolved — no verified source","","rules"
"Maurice Lacroix","AI6007","unreviewed","unresolved — no verified source","unresolved — no verified source","unresolved — no verified source","unresolved — no verified source","","rules"
"Oris","01 473 7786 4065","unreviewed","unresolved — no verified source","unresolved — no verified source","unresolved — no verified source","unresolved — no verified source","","rules"
"Oris","7730","unreviewed","unresolved — no verified source","unresolved — no verified source","unresolved — no verified source","unresolved — no verified source","","rules"
"Oris","7759","unreviewed","unresolved — no verified source","unresolved — no verified source","unresolved — no verified source","unresolved — no verified source","","rules"
"Oris","7786 40","unreviewed","unresolved — no verified source","unresolved — no verified source","unresolved — no verified source","unresolved — no verified source","","rules"
"Patek Philippe","4910/1200","unreviewed","unresolved — no verified source","unresolved — no verified source","unresolved — no verified source","unresolved — no verified source","","rules"
"Raymond Weil","2785","unreviewed","unresolved — no verified source","unresolved — no verified source","unresolved — no verified source","unresolved — no verified source","","rules"
"Seiko","7S36-5000","unreviewed","unresolved — no verified source","unresolved — no verified source","unresolved — no verified source","unresolved — no verified source","","rules"
"Seiko","SBEN011","unreviewed","unresolved — no verified source","unresolved — no verified source","unresolved — no verified source","unresolved — no verified source","","rules"
"Seiko","SBEX011","unreviewed","unresolved — no verified source","unresolved — no verified source","unresolved — no verified source","unresolved — no verified source","","rules"
"Seiko","SLA077","unreviewed","unresolved — no verified source","unresolved — no verified source","unresolved — no verified source","unresolved — no verified source","","rules"
"Seiko","SLA077J1","unreviewed","unresolved — no verified source","unresolved — no verified source","unresolved — no verified source","unresolved — no verified source","","rules"
"Seiko","SLA079J1","unreviewed","unresolved — no verified source","unresolved — no verified source","unresolved — no verified source","unresolved — no verified source","","rules"
"Seiko","SPB253J1","unreviewed","unresolved — no verified source","unresolved — no verified source","unresolved — no verified source","unresolved — no verified source","","rules"
"Seiko","SPB511J1","unreviewed","unresolved — no verified source","unresolved — no verified source","unresolved — no verified source","unresolved — no verified source","","rules"
"Seiko","SRPL91K1","unreviewed","unresolved — no verified source","unresolved — no verified source","unresolved — no verified source","unresolved — no verified source","","rules"
"Seiko","SSJ039J1","unreviewed","unresolved — no verified source","unresolved — no verified source","unresolved — no verified source","unresolved — no verified source","","rules"
"Sinn","358","unreviewed","unresolved — no verified source","unresolved — no verified source","unresolved — no verified source","unresolved — no verified source","","rules"
"Sinn","Sinn 104","unreviewed","unresolved — no verified source","unresolved — no verified source","unresolved — no verified source","unresolved — no verified source","","rules"
"Sinn","Sinn 140 / 42","unreviewed","unresolved — no verified source","unresolved — no verified source","unresolved — no verified source","unresolved — no verified source","","rules"
"Sinn","Sinn 206 Arktis II","unreviewed","unresolved — no verified source","unresolved — no verified source","unresolved — no verified source","unresolved — no verified source","","rules"
"Sinn","Sinn U1 SDR","unreviewed","unresolved — no verified source","unresolved — no verified source","unresolved — no verified source","unresolved — no verified source","","rules"
"Sinn","Sinn U50 Hydro","unreviewed","unresolved — no verified source","unresolved — no verified source","unresolved — no verified source","unresolved — no verified source","","rules"
"TAG Heuer","AF2010","unreviewed","unresolved — no verified source","unresolved — no verified source","unresolved — no verified source","unresolved — no verified source","","rules"
"TAG Heuer","CAH1112","unreviewed","unresolved — no verified source","unresolved — no verified source","unresolved — no verified source","unresolved — no verified source","","rules"
"TAG Heuer","CAR2A10-1","unreviewed","unresolved — no verified source","unresolved — no verified source","unresolved — no verified source","unresolved — no verified source","","rules"
"TAG Heuer","CAU2011","unreviewed","unresolved — no verified source","unresolved — no verified source","unresolved — no verified source","unresolved — no verified source","","rules"
"TAG Heuer","CAV518B","unreviewed","unresolved — no verified source","unresolved — no verified source","unresolved — no verified source","unresolved — no verified source","","rules"
"TAG Heuer","CAW211P","unreviewed","unresolved — no verified source","unresolved — no verified source","unresolved — no verified source","unresolved — no verified source","","rules"
"TAG Heuer","CAW211R","unreviewed","unresolved — no verified source","unresolved — no verified source","unresolved — no verified source","unresolved — no verified source","","rules"
"TAG Heuer","CAZ1014","unreviewed","unresolved — no verified source","unresolved — no verified source","unresolved — no verified source","unresolved — no verified source","","rules"
"TAG Heuer","CAZ101AD","unreviewed","unresolved — no verified source","unresolved — no verified source","unresolved — no verified source","unresolved — no verified source","","rules"
"TAG Heuer","CAZ101AP","unreviewed","unresolved — no verified source","unresolved — no verified source","unresolved — no verified source","unresolved — no verified source","","rules"
"TAG Heuer","CAZ101AT","unreviewed","unresolved — no verified source","unresolved — no verified source","unresolved — no verified source","unresolved — no verified source","","rules"
"TAG Heuer","CAZ101Y","unreviewed","unresolved — no verified source","unresolved — no verified source","unresolved — no verified source","unresolved — no verified source","","rules"
"TAG Heuer","CAZ2010","unreviewed","unresolved — no verified source","unresolved — no verified source","unresolved — no verified source","unresolved — no verified source","","rules"
"TAG Heuer","CAZ2012-1","unreviewed","unresolved — no verified source","unresolved — no verified source","unresolved — no verified source","unresolved — no verified source","","rules"
"TAG Heuer","CAZ201G","unreviewed","unresolved — no verified source","unresolved — no verified source","unresolved — no verified source","unresolved — no verified source","","rules"
"TAG Heuer","CBE2110","unreviewed","unresolved — no verified source","unresolved — no verified source","unresolved — no verified source","unresolved — no verified source","","rules"
"TAG Heuer","CBG2A10","unreviewed","unresolved — no verified source","unresolved — no verified source","unresolved — no verified source","unresolved — no verified source","","rules"
"TAG Heuer","CBL2113","unreviewed","unresolved — no verified source","unresolved — no verified source","unresolved — no verified source","unresolved — no verified source","","rules"
"TAG Heuer","CBL2115-0","unreviewed","unresolved — no verified source","unresolved — no verified source","unresolved — no verified source","unresolved — no verified source","","rules"
"TAG Heuer","CBS2114","unreviewed","unresolved — no verified source","unresolved — no verified source","unresolved — no verified source","unresolved — no verified source","","rules"
"TAG Heuer","CBS2210","unreviewed","unresolved — no verified source","unresolved — no verified source","unresolved — no verified source","unresolved — no verified source","","rules"
"TAG Heuer","CBS2210-0","unreviewed","unresolved — no verified source","unresolved — no verified source","unresolved — no verified source","unresolved — no verified source","","rules"
"TAG Heuer","CBS2213","unreviewed","unresolved — no verified source","unresolved — no verified source","unresolved — no verified source","unresolved — no verified source","","rules"
"TAG Heuer","CV2010-1","unreviewed","unresolved — no verified source","unresolved — no verified source","unresolved — no verified source","unresolved — no verified source","","rules"
"TAG Heuer","CV2015","unreviewed","unresolved — no verified source","unresolved — no verified source","unresolved — no verified source","unresolved — no verified source","","rules"
"TAG Heuer","WAN2110","unreviewed","unresolved — no verified source","unresolved — no verified source","unresolved — no verified source","unresolved — no verified source","","rules"
"TAG Heuer","WAW131B","unreviewed","unresolved — no verified source","unresolved — no verified source","unresolved — no verified source","unresolved — no verified source","","rules"
"TAG Heuer","WAY2015","unreviewed","unresolved — no verified source","unresolved — no verified source","unresolved — no verified source","unresolved — no verified source","","rules"
"TAG Heuer","WAY201A","unreviewed","unresolved — no verified source","unresolved — no verified source","unresolved — no verified source","unresolved — no verified source","","rules"
"TAG Heuer","WAY201B","unreviewed","unresolved — no verified source","unresolved — no verified source","unresolved — no verified source","unresolved — no verified source","","rules"
"TAG Heuer","WAY201C","unreviewed","unresolved — no verified source","unresolved — no verified source","unresolved — no verified source","unresolved — no verified source","","rules"
"TAG Heuer","WAY201D","unreviewed","unresolved — no verified source","unresolved — no verified source","unresolved — no verified source","unresolved — no verified source","","rules"
"TAG Heuer","WAZ1121","unreviewed","unresolved — no verified source","unresolved — no verified source","unresolved — no verified source","unresolved — no verified source","","rules"
"TAG Heuer","WAZ2114","unreviewed","unresolved — no verified source","unresolved — no verified source","unresolved — no verified source","unresolved — no verified source","","rules"
"TAG Heuer","WBD1420","unreviewed","unresolved — no verified source","unresolved — no verified source","unresolved — no verified source","unresolved — no verified source","","rules"
"TAG Heuer","WBD1422","unreviewed","unresolved — no verified source","unresolved — no verified source","unresolved — no verified source","unresolved — no verified source","","rules"
"TAG Heuer","WBD2120","unreviewed","unresolved — no verified source","unresolved — no verified source","unresolved — no verified source","unresolved — no verified source","","rules"
"TAG Heuer","WBE5114","unreviewed","unresolved — no verified source","unresolved — no verified source","unresolved — no verified source","unresolved — no verified source","","rules"
"TAG Heuer","WBN2012","unreviewed","unresolved — no verified source","unresolved — no verified source","unresolved — no verified source","unresolved — no verified source","","rules"
"TAG Heuer","WBN2113","unreviewed","unresolved — no verified source","unresolved — no verified source","unresolved — no verified source","unresolved — no verified source","","rules"
"TAG Heuer","WBN2410","unreviewed","unresolved — no verified source","unresolved — no verified source","unresolved — no verified source","unresolved — no verified source","","rules"
"TAG Heuer","WBP1110","unreviewed","unresolved — no verified source","unresolved — no verified source","unresolved — no verified source","unresolved — no verified source","","rules"
"TAG Heuer","WBP2010","unreviewed","unresolved — no verified source","unresolved — no verified source","unresolved — no verified source","unresolved — no verified source","","rules"
"TAG Heuer","WBP2110","unreviewed","unresolved — no verified source","unresolved — no verified source","unresolved — no verified source","unresolved — no verified source","","rules"
"TAG Heuer","WBP2111","unreviewed","unresolved — no verified source","unresolved — no verified source","unresolved — no verified source","unresolved — no verified source","","rules"
"TAG Heuer","WBP5110","unreviewed","unresolved — no verified source","unresolved — no verified source","unresolved — no verified source","unresolved — no verified source","","rules"
"TAG Heuer","WBP5111","unreviewed","unresolved — no verified source","unresolved — no verified source","unresolved — no verified source","unresolved — no verified source","","rules"
"TAG Heuer","WV211B-3","unreviewed","unresolved — no verified source","unresolved — no verified source","unresolved — no verified source","unresolved — no verified source","","rules"
"TAG Heuer","WW2110-0","unreviewed","unresolved — no verified source","unresolved — no verified source","unresolved — no verified source","unresolved — no verified source","","rules"
"U-BOAT","8057","unreviewed","unresolved — no verified source","unresolved — no verified source","unresolved — no verified source","unresolved — no verified source","","rules"
"Ulysse Nardin","263-10","unreviewed","unresolved — no verified source","unresolved — no verified source","unresolved — no verified source","unresolved — no verified source","","rules"
"Ulysse Nardin","353-22","unreviewed","unresolved — no verified source","unresolved — no verified source","unresolved — no verified source","unresolved — no verified source","","rules"
"Vertex","M100B","unreviewed","unresolved — no verified source","unresolved — no verified source","unresolved — no verified source","unresolved — no verified source","","rules"
"Vertex","Vertex M36","unreviewed","unresolved — no verified source","unresolved — no verified source","unresolved — no verified source","unresolved — no verified source","","rules"
"Zenith","03.2040.400","unreviewed","unresolved — no verified source","unresolved — no verified source","unresolved — no verified source","unresolved — no verified source","","rules"
"Zenith","03.2119.400","unreviewed","unresolved — no verified source","unresolved — no verified source","unresolved — no verified source","unresolved — no verified source","","rules"
"Zenith","03.2170.4650","unreviewed","unresolved — no verified source","unresolved — no verified source","unresolved — no verified source","unresolved — no verified source","","rules"
"Zenith","03.4000.3620","unreviewed","unresolved — no verified source","unresolved — no verified source","unresolved — no verified source","unresolved — no verified source","","rules"
