id,brand,key,scope,status,source,watch_image,movement_image,review_date
RULE:0000,OMEGA,SEAMASTER PRO DIVER,reference mapping,pending source review,,pending,pending,
RULE:0001,OMEGA,SEAMASTER,reference mapping,pending source review,,pending,pending,
RULE:0002,OMEGA,42410402003001,reference mapping,pending source review,,pending,pending,
RULE:0003,OMEGA,232.30.46.51.01.001,reference mapping,pending source review,,pending,pending,
RULE:0004,OMEGA,Omega Constellation,reference mapping,pending source review,,pending,pending,
RULE:0005,OMEGA,OMEGA SEAMASTER,reference mapping,pending source review,,pending,pending,
RULE:0006,OMEGA,Speedmaster Chronoscope,reference mapping,pending source review,,pending,pending,
RULE:0007,OMEGA,Planet Ocean,reference mapping,pending source review,,pending,pending,
RULE:0008,OMEGA,Seamaster Aqua Terra,reference mapping,pending source review,,pending,pending,
RULE:0009,OMEGA,Seamaster Diver,reference mapping,pending source review,,pending,pending,
RULE:0010,OMEGA,Seamaster Planet Ocean,reference mapping,pending source review,,pending,pending,
RULE:0011,OMEGA,Speedmaster MKIV,reference mapping,pending source review,,pending,pending,
RULE:0012,OMEGA,Speedmaster Professional,reference mapping,pending source review,,pending,pending,
RULE:0013,OMEGA,3578.51,reference mapping,pending source review,,pending,pending,
RULE:0014,OMEGA,220.10.41.21.02.001,reference mapping,pending source review,,pending,pending,
RULE:0015,OMEGA,232.92.38.20.03.001,reference mapping,pending source review,,pending,pending,
RULE:0016,OMEGA,215.30.44.21.01.002,reference mapping,pending source review,,pending,pending,
RULE:0017,OMEGA,2255.80,reference mapping,pending source review,,pending,pending,
RULE:0018,OMEGA,25518000,reference mapping,pending source review,,pending,pending,
RULE:0019,OMEGA,176.007,reference mapping,pending source review,,pending,pending,
RULE:0020,OMEGA,231.10.42.21.03.003,reference mapping,pending source review,,pending,pending,
RULE:0021,OMEGA,210.32.42.20.04.001,reference mapping,pending source review,,pending,pending,
RULE:0022,OMEGA,2209.50.00,reference mapping,pending source review,,pending,pending,
RULE:0023,OMEGA,145.012-67,reference mapping,pending source review,,pending,pending,
RULE:0024,OMEGA,2210.50.00,reference mapping,pending source review,,pending,pending,
RULE:0025,OMEGA,2221.80.00,reference mapping,pending source review,,pending,pending,
RULE:0026,OMEGA,220.12.41.21.03.002,reference mapping,pending source review,,pending,pending,
RULE:0027,OMEGA,Seamaster Professional,reference mapping,pending source review,,pending,pending,
RULE:0028,OMEGA,220.10.41.21.10.001,reference mapping,pending source review,,pending,pending,
RULE:0029,OMEGA,25173000,reference mapping,pending source review,,pending,pending,
RULE:0030,OMEGA,Aqua Terra Worldtimer,reference mapping,pending source review,,pending,pending,
RULE:0031,OMEGA,PLANET OCEAN DEEP BLACK,reference mapping,pending source review,,pending,pending,
RULE:0032,OMEGA,Speedmaster,reference mapping,pending source review,,pending,pending,
RULE:0033,OMEGA,329.30.44.51.04.001,reference mapping,pending source review,,pending,pending,
RULE:0034,OMEGA,2305.15,reference mapping,pending source review,,pending,pending,
RULE:0035,OMEGA,232.32.46.21.01.001,reference mapping,pending source review,,pending,pending,
RULE:0036,OMEGA,212.30.36.20.01.002,reference mapping,pending source review,,pending,pending,
RULE:0037,OMEGA,COSMIC 2000,reference mapping,pending source review,,pending,pending,
RULE:0038,OMEGA,324.23.38.50.02.002,reference mapping,pending source review,,pending,pending,
RULE:0039,OMEGA,SPEEDMASTER MKII,reference mapping,pending source review,,pending,pending,
RULE:0040,OMEGA,2200.50.00,reference mapping,pending source review,,pending,pending,
RULE:0041,OMEGA,3513.53.00,reference mapping,pending source review,,pending,pending,
RULE:0042,OMEGA,522.30.42.30.06.001,reference mapping,pending source review,,pending,pending,
RULE:0043,OMEGA,232.30.46.21.01.002,reference mapping,pending source review,,pending,pending,
RULE:0044,OMEGA,233.32.41.21.01.001,reference mapping,pending source review,,pending,pending,
RULE:0045,OMEGA,234.32.41.21.01.001,reference mapping,pending source review,,pending,pending,
RULE:0046,OMEGA,C2577-5SC,reference mapping,pending source review,,pending,pending,
RULE:0047,OMEGA,3510.12,reference mapping,pending source review,,pending,pending,
RULE:0048,OMEGA,231.13.43.22.02.004,reference mapping,pending source review,,pending,pending,
RULE:0049,OMEGA,2257.80.00,reference mapping,pending source review,,pending,pending,
RULE:0050,OMEGA,31032425001001,reference mapping,pending source review,,pending,pending,
RULE:0051,OMEGA,2594.52.00,reference mapping,pending source review,,pending,pending,
RULE:0052,OMEGA,2265.80,reference mapping,pending source review,,pending,pending,
RULE:0053,OMEGA,3551.50.00,reference mapping,pending source review,,pending,pending,
RULE:0054,OMEGA,196.2432,reference mapping,pending source review,,pending,pending,
RULE:0055,OMEGA,310.32.42.50.01,reference mapping,pending source review,,pending,pending,
RULE:0056,OMEGA,29015091,reference mapping,pending source review,,pending,pending,
RULE:0057,OMEGA,215.92.44.21.99.001,reference mapping,pending source review,,pending,pending,
RULE:0058,OMEGA,425.30.34.20.51.001,reference mapping,pending source review,,pending,pending,
RULE:0059,OMEGA,2221.80,reference mapping,pending source review,,pending,pending,
RULE:0060,OMEGA,215.30.46.21.03.001,reference mapping,pending source review,,pending,pending,
RULE:0061,OMEGA,310.30.42.50.01.004,reference mapping,pending source review,,pending,pending,
RULE:0062,OMEGA,2263.80.00,reference mapping,pending source review,,pending,pending,
RULE:0063,OMEGA,3511.20.00,reference mapping,pending source review,,pending,pending,
RULE:0064,OMEGA,215.90.44.21.99.001 / 21590442199001,reference mapping,pending source review,,pending,pending,
RULE:0065,OMEGA,311.93.44.51.99.002 / 31193445199002,reference mapping,pending source review,,pending,pending,
RULE:0066,OMEGA,2250.80 / 225080,reference mapping,pending source review,,pending,pending,
RULE:0067,OMEGA,311.92.44.30.01.001 / 31192443001001,reference mapping,pending source review,,pending,pending,
RULE:0068,OMEGA,2254.50 / 225450,reference mapping,pending source review,,pending,pending,
RULE:0069,OMEGA,213.30.42.40.01.001 / 21330424001001,reference mapping,pending source review,,pending,pending,
RULE:0070,OMEGA,210.904.220.010.01 / 21090422001001,reference mapping,pending source review,,pending,pending,
RULE:0071,OMEGA,210.32.42.20.10.001,reference mapping,pending source review,,pending,pending,
RULE:0072,OMEGA,233.90.41.21.03.001,reference mapping,pending source review,,pending,pending,
RULE:0073,OMEGA,210.30.42.20.06.001,reference mapping,pending source review,,pending,pending,
RULE:0074,OMEGA,3529.50.00,reference mapping,pending source review,,pending,pending,
RULE:0075,OMEGA,304.30.44.52.01.001,reference mapping,pending source review,,pending,pending,
RULE:0076,OMEGA,310.30.40.50.06.001,reference mapping,pending source review,,pending,pending,
RULE:0077,OMEGA,2910.51.82,reference mapping,pending source review,,pending,pending,
RULE:0078,OMEGA,3539.50.00,reference mapping,pending source review,,pending,pending,
RULE:0079,OMEGA,310.32.42.50.02.001,reference mapping,pending source review,,pending,pending,
RULE:0080,OMEGA,210.90.42.20.01.001,reference mapping,pending source review,,pending,pending,
RULE:0081,OMEGA,^2201[.]?50[.]?00$,family / pattern,pending source review,,pending,pending,
RULE:0082,OMEGA,^2254[.]?50(?:[.]?00)?$,family / pattern,pending source review,,pending,pending,
RULE:0083,OMEGA,^311[.]?92[.]?44[.]?30[.]?01[.]?001$,family / pattern,pending source review,,pending,pending,
RULE:0084,OMEGA,^215[.]?30[.]?44[.]?21[.]?01[.]?001$,family / pattern,pending source review,,pending,pending,
RULE:0085,OMEGA,^2265[.]?80[.]?00$,family / pattern,pending source review,,pending,pending,
RULE:0086,OMEGA,^3506[.]?31[.]?00$,family / pattern,pending source review,,pending,pending,
RULE:0087,OMEGA,311.30.42.30.01.005 / 31130423001005,reference mapping,pending source review,,pending,pending,
RULE:0088,OMEGA,310.30.42.50.01.002 / 31030425001002,reference mapping,pending source review,,pending,pending,
RULE:0089,OMEGA,210.30.42.20.10.001 / 21030422010001,reference mapping,pending source review,,pending,pending,
RULE:0090,OMEGA,210.32.42.20.03.001 / 21032422003001,reference mapping,pending source review,,pending,pending,
RULE:0091,OMEGA,424.13.40.20.02.002 / 42413402002002,reference mapping,pending source review,,pending,pending,
RULE:0092,OMEGA,2201.51 / 2201.51.00 / 22015100,reference mapping,pending source review,,pending,pending,
RULE:0093,OMEGA,434.23.42.22.02.001 / 43423422202001,reference mapping,pending source review,,pending,pending,
RULE:0094,OMEGA,176.002 / ST176.002 / 176002,reference mapping,pending source review,,pending,pending,
RULE:0095,OMEGA,^(?:AQUA\s*TERRA|OMEGA\s*AQUA\s*TERRA)$,family / pattern,pending source review,,pending,pending,
RULE:0096,OMEGA,^SEAMASTER\s*DIVER$,family / pattern,pending source review,,pending,pending,
RULE:0097,OMEGA,^(?:OMEGA\s*)?SEAMASTER\s*300$,family / pattern,pending source review,,pending,pending,
RULE:0098,OMEGA,2253.80.00 / 2253.80 / 22538000,reference mapping,pending source review,,pending,pending,
RULE:0099,OMEGA,210.30.42.20.03.003 / 21030422003003,reference mapping,pending source review,,pending,pending,
RULE:0100,OMEGA,210.20.42.20.01.001 / 21020422001001,reference mapping,pending source review,,pending,pending,
RULE:0101,OMEGA,3513.50.00 / 3513.50 / 35135000,reference mapping,pending source review,,pending,pending,
RULE:0102,OMEGA,2909.50.91 / 29095091,reference mapping,pending source review,,pending,pending,
RULE:0103,OMEGA,231.20.42.21.06.001 / 23120422106001,reference mapping,pending source review,,pending,pending,
RULE:0104,OMEGA,220.22.41.21.02.001 / 22022412102001,reference mapping,pending source review,,pending,pending,
RULE:0105,OMEGA,3573.50 / 3573.50.00 / 35735000,reference mapping,pending source review,,pending,pending,
RULE:0106,OMEGA,3820.53.26 / 38205326,reference mapping,pending source review,,pending,pending,
RULE:0107,OMEGA,3570.50 / 3570.50.00 / 35705000,reference mapping,pending source review,,pending,pending,
RULE:0108,OMEGA,145.022-69 / 14502269,reference mapping,pending source review,,pending,pending,
RULE:0109,OMEGA,^(?:OMEGA\s*)?PLANET\s*OCEAN$,family / pattern,pending source review,,pending,pending,
RULE:0110,OMEGA,^(?:OMEGA\s*)?RAILMASTER$,family / pattern,pending source review,,pending,pending,
RULE:0111,OMEGA,^(?:OMEGA\s*)?AQUA\s*TERRA$,family / pattern,pending source review,,pending,pending,
RULE:0112,OMEGA,431.63.41.21.13.001 / 43163412113001,reference mapping,pending source review,,pending,pending,
RULE:0113,OMEGA,^STZ005923$,family / pattern,pending source review,,pending,pending,
RULE:0114,OMEGA,2561.80 / 2561.80.00 / 25618000,reference mapping,pending source review,,pending,pending,
RULE:0115,OMEGA,^AB0134$,family / pattern,pending source review,,pending,pending,
RULE:0116,OMEGA,178.0215,reference mapping,pending source review,,pending,pending,
RULE:0117,OMEGA,2531.80 / 2531.80.00 / 25318000,reference mapping,pending source review,,pending,pending,
RULE:0118,OMEGA,424.10.37.20.03.001 / 42410372003001,reference mapping,pending source review,,pending,pending,
RULE:0119,OMEGA,232.90.42.21.03.001 / 23290422103001,reference mapping,pending source review,,pending,pending,
RULE:0120,OMEGA,326.30.40.50.02.001 / 32630405002001,reference mapping,pending source review,,pending,pending,
RULE:0121,OMEGA,^(?:OMEGA)?DIVER$,family / pattern,pending source review,,pending,pending,
RULE:0122,OMEGA,^(?:OMEGA)?SEAMASTER300$,family / pattern,pending source review,,pending,pending,
RULE:0123,OMEGA,2518.30.00 / 25183000,reference mapping,pending source review,,pending,pending,
RULE:0124,OMEGA,310.30.42.50.04.001,reference mapping,pending source review,,pending,pending,
RULE:0125,OMEGA,^AQUA\s*TERRA$,family / pattern,pending source review,,pending,pending,
RULE:0126,OMEGA,130.30.39.21.03.001,reference mapping,pending source review,,pending,pending,
RULE:0127,OMEGA,210.22.42.20.01.002,reference mapping,pending source review,,pending,pending,
RULE:0128,OMEGA,210.30.42.20.03.002,reference mapping,pending source review,,pending,pending,
RULE:0129,OMEGA,210.32.44.51.01.001,reference mapping,pending source review,,pending,pending,
RULE:0130,OMEGA,2598.80 / 2598.80.00,reference mapping,pending source review,,pending,pending,
RULE:0131,OMEGA,3520.50 / 3520.50.00,reference mapping,pending source review,,pending,pending,
RULE:0132,OMEGA,386.1062,reference mapping,pending source review,,pending,pending,
RULE:0133,OMEGA,^3510\.50(?:\.00)?$,family / pattern,pending source review,,pending,pending,
RULE:0134,OMEGA,^3220\.50(?:\.00)?$,family / pattern,pending source review,,pending,pending,
RULE:0135,OMEGA,^311\.30\.42\.30\.01\.005$,family / pattern,pending source review,,pending,pending,
RULE:0136,OMEGA,^210\.32\.42\.20\.01\.001$,family / pattern,pending source review,,pending,pending,
RULE:0137,OMEGA,^220\.13\.41\.21\.03\.001$,family / pattern,pending source review,,pending,pending,
RULE:0138,OMEGA,^168\.005$,family / pattern,pending source review,,pending,pending,
RULE:0139,OMEGA,^212\.30\.41\.20\.01\.003$,family / pattern,pending source review,,pending,pending,
RULE:0140,OMEGA,2561.80.00 / 2561.80,reference mapping,pending source review,,pending,pending,
RULE:0141,OMEGA,2262.50.00 / 2262.50,reference mapping,pending source review,,pending,pending,
RULE:0142,OMEGA,310.30.42.50.01.001 / 310.30.42.50.01.002,reference mapping,pending source review,,pending,pending,
RULE:0143,OMEGA,210.30.42.20.03.001 / 210.30.42.20.01.001 / 210.30.42.20.04.001,reference mapping,pending source review,,pending,pending,
RULE:0144,OMEGA,220.10.41.21.03.001,reference mapping,pending source review,,pending,pending,
RULE:0145,OMEGA,220.10.38.20.03.001,reference mapping,pending source review,,pending,pending,
RULE:0146,OMEGA,234.30.41.21.01.001,reference mapping,pending source review,,pending,pending,
RULE:0147,OMEGA,215.30.44.21.03.001,reference mapping,pending source review,,pending,pending,
RULE:0148,BREITLING,UB0121,reference mapping,pending source review,,pending,pending,
RULE:0149,BREITLING,SB0147,reference mapping,pending source review,,pending,pending,
RULE:0150,BREITLING,A73310,reference mapping,pending source review,,pending,pending,
RULE:0151,BREITLING,V17310,reference mapping,pending source review,,pending,pending,
RULE:0152,BREITLING,AB0139,reference mapping,model reviewed,https://www.breitling.com/gb-en/watches/navitimer/navitimer-b01-chronograph-41-my22/AB0139211G1A1/,pending,pending,2026-10-08
RULE:0153,BREITLING,AB0138,reference mapping,model reviewed,https://www.breitling.com/gb-en/watches/navitimer/navitimer-b01-chronograph-43-my22/AB0138241L1P1/,pending,pending,2026-10-08
RULE:0154,BREITLING,U13324,reference mapping,pending source review,https://www.breitling.com/,pending,pending,
RULE:0155,BREITLING,N17375,reference mapping,pending source review,https://www.breitling.com/gb-en/collections/superocean/,pending,pending,
RULE:0156,BREITLING,C17391,reference mapping,pending source review,https://www.breitlingsource.com/,pending,pending,
RULE:0157,BREITLING,A16362,reference mapping,pending source review,https://www.breitlingsource.com/,pending,pending,
RULE:0158,BREITLING,B30011,reference mapping,pending source review,https://www.breitlingsource.com/,pending,pending,
RULE:0159,BREITLING,AB0176,reference mapping,model reviewed,https://www.breitling.com/gb-en/watches/top-time/top-time-b01/AB01762C1I1X1/,pending,pending,2026-10-08
RULE:0160,BREITLING,AB0145,reference mapping,model reviewed,https://www.breitling.com/gb-en/watches/premier/premier-b01-chronograph-42-my23/AB0145211G1P1/,pending,pending,2026-10-08
RULE:0161,BREITLING,AB0118,reference mapping,pending source review,https://www.breitling.com/gb-en/watches/premier/premier-b01-chronograph-42/AB0118221G1A1/,pending,pending,
RULE:0162,BREITLING,VB5510,reference mapping,pending source review,https://www.breitling.com/,pending,pending,
RULE:0163,BREITLING,X83310,reference mapping,model reviewed,https://www.breitling.com/gb-en/watches/professional/endurance-pro-38mm/X83310D41B1S1/,available,pending,2026-10-08
RULE:0164,BREITLING,X82310,reference mapping,model reviewed,https://www.breitling.com/gb-en/watches/professional/endurance-pro/X823109A1K1S1/,pending,pending,2026-10-08
RULE:0165,BREITLING,A74380,reference mapping,pending source review,https://www.breitlingsource.com/watch_details/Colt_61.html,pending,pending,
RULE:0166,BREITLING,A73380,reference mapping,pending source review,https://www.breitlingsource.com/watch_details/Colt_64.html,pending,pending,
RULE:0167,BREITLING,EB7010,reference mapping,model reviewed,https://www.breitling.com/gb-en/watches/professional/aerospace-b70/EB70101A1O1E1/,available,pending,2026-10-08
RULE:0168,BREITLING,E79363,reference mapping,pending source review,https://www.breitling.com/gb-en/collections/professional/,pending,pending,
RULE:0169,BREITLING,E79362,reference mapping,pending source review,https://www.breitling.com/gb-en/collections/professional/,pending,pending,
RULE:0170,BREITLING,A73322,reference mapping,pending source review,https://www.breitlingsource.com/,pending,pending,
RULE:0171,BREITLING,E56121.1,reference mapping,pending source review,https://www.breitlingsource.com/watch_details/Professional_33.html,pending,pending,
RULE:0172,BREITLING,A59028,reference mapping,pending source review,https://breitlingsource.com/watch_details/Navitimer_134.html,pending,pending,
RULE:0173,BREITLING,B12019,reference mapping,pending source review,https://www.breitlingsource.com/phpBB2/viewtopic.php?t=24143,pending,pending,
RULE:0174,BREITLING,D12022,reference mapping,pending source review,https://www.breitlingsource.com/watch_details/Navitimer_55.html,pending,pending,
RULE:0175,BREITLING,AB0230,reference mapping,pending source review,https://www.breitling.com/gb-en/collections/navitimer/,pending,pending,
RULE:0176,BREITLING,A24322,reference mapping,pending source review,https://www.breitlingsource.com/,pending,pending,
RULE:0177,BREITLING,AB0127,reference mapping,pending source review,https://www.breitling.com/gb-en/watches/navitimer/navitimer-b01-chronograph-46/AB0127211B1X1/,pending,pending,
RULE:0178,BREITLING,AB0121,reference mapping,pending source review,https://www.breitling.com/gb-en/watches/navitimer/navitimer-b01-chronograph-43/AB0121211C1P3/,pending,pending,
RULE:0179,BREITLING,A17395,reference mapping,pending source review,https://www.breitling.com/gb-en/collections/navitimer/,pending,pending,
RULE:0180,BREITLING,A17325,reference mapping,pending source review,https://www.breitling.com/gb-en/collections/navitimer/,pending,pending,
RULE:0181,BREITLING,A17329,reference mapping,pending source review,https://www.breitling.com/gb-en/collections/navitimer/,pending,pending,
RULE:0182,BREITLING,A17326,reference mapping,pending source review,https://www.breitling.com/gb-en/collections/navitimer/,pending,pending,
RULE:0183,BREITLING,P32398,reference mapping,pending source review,https://www.breitling.com/gb-en/watches/chronomat/chronomat-automatic-gmt-40/P32398101C1S1/,pending,pending,
RULE:0184,BREITLING,A32398,reference mapping,pending source review,https://www.breitling.com/gb-en/watches/chronomat/chronomat-automatic-gmt-40/P32398101C1S1/,pending,pending,
RULE:0185,BREITLING,A10320,reference mapping,pending source review,https://www.breitling.com/gb-en/watches/chronomat/chronomat-automatic-36-my26/A10320101A1A1/,pending,pending,
RULE:0186,BREITLING,AB3114,reference mapping,model reviewed,https://www.breitling.com/gb-en/watches/chronomat/chronomat-b31-automatic-40-my26/AB3114101L1A1/,pending,pending,2026-10-08
RULE:0187,BREITLING,AB0134,reference mapping,model reviewed,https://www.breitling.com/gb-en/watches/chronomat/chronomat-b01-42/AB01341B1B1A1/,pending,pending,2026-10-08
RULE:0188,BREITLING,AB0110,reference mapping,pending source review,https://www.breitling.com/gb-en/collections/chronomat/,pending,pending,
RULE:0189,BREITLING,A17331,reference mapping,pending source review,https://www.breitlingsource.com/,pending,pending,
RULE:0190,BREITLING,A17321,reference mapping,pending source review,https://www.breitlingsource.com/,pending,pending,
RULE:0191,BREITLING,M17368,reference mapping,pending source review,https://www.breitlingsource.com/,pending,pending,
RULE:0192,BREITLING,AB0147,reference mapping,model reviewed,https://www.breitling.com/gb-en/watches/avenger/avenger-b01-chronograph-44-my23/AB0147101A1X1/,pending,pending,2026-10-08
RULE:0193,BREITLING,A32320,reference mapping,model reviewed,https://www.breitling.com/gb-en/watches/avenger/avenger-automatic-gmt-44-my23/A32320101B1X1/,pending,pending,2026-10-08
RULE:0194,BREITLING,A17328,reference mapping,model reviewed,https://www.breitling.com/gb-en/watches/avenger/avenger-automatic-42-my23/A17328101B1X1/,pending,pending,2026-10-08
RULE:0195,BREITLING,A17318,reference mapping,pending source review,https://www.breitling.com/gb-en/collections/avenger/,pending,pending,
RULE:0196,BREITLING,A13385,reference mapping,pending source review,https://www.breitling.com/gb-en/collections/avenger/,pending,pending,
RULE:0197,BREITLING,A13371,reference mapping,pending source review,https://www.breitlingsource.com/watch_details/Avenger_287.html,pending,pending,
RULE:0198,BREITLING,A44364,reference mapping,pending source review,https://breitlingsource.com/watch_details/Bentley_200.html,pending,pending,
RULE:0199,BREITLING,A13362,reference mapping,pending source review,https://www.breitlingsource.com/watch_details/Bentley_43.html,pending,pending,
RULE:0200,BREITLING,A13356,reference mapping,pending source review,https://breitlingsource.com/watch_details/Chronomat_3.html,pending,pending,
RULE:0201,BREITLING,A13353,reference mapping,pending source review,https://breitlingsource.com/phpBB2/viewtopic.php?f=3&t=57972,pending,pending,
RULE:0202,BREITLING,A13341,reference mapping,pending source review,https://www.breitlingsource.com/watch_details/Superocean_238.html,pending,pending,
RULE:0203,BREITLING,A13340,reference mapping,pending source review,https://www.breitlingsource.com/watch_details/Superocean_75.html,pending,pending,
RULE:0204,BREITLING,A10370,reference mapping,pending source review,https://www.breitling.com/gb-en/collections/superocean-heritage/,pending,pending,
RULE:0205,BREITLING,AB0162,reference mapping,pending source review,https://www.breitling.com/gb-en/watches/superocean-heritage/superocean-heritage-b01-chronograph-44/AB0162161C1S1/,pending,pending,
RULE:0206,BREITLING,AB0156,reference mapping,pending source review,https://www.breitling.com/gb-en/watches/superocean-heritage/superocean-heritage-b01-chronograph-42-my25/AB0156361L1S1/,pending,pending,
RULE:0207,BREITLING,UB3112,reference mapping,pending source review,https://www.breitling.com/gb-en/watches/superocean-heritage/superocean-heritage-b31-automatic-44-my25/UB3112161C1A1/,pending,pending,
RULE:0208,BREITLING,UB3111,reference mapping,pending source review,https://www.breitling.com/gb-en/watches/superocean-heritage/superocean-heritage-b31-automatic-44-my25/UB3112161C1A1/,pending,pending,
RULE:0209,BREITLING,AB3110,reference mapping,pending source review,https://www.breitling.com/gb-en/about/madebybreitling/caliber-b31/,pending,pending,
RULE:0210,BREITLING,AB2030,reference mapping,model reviewed,https://www.breitling.com/gb-en/watches/superocean-heritage/superocean-heritage-b20-automatic-44/AB2030121B1S1/,pending,pending,2026-10-08
RULE:0211,BREITLING,AB2020,reference mapping,model reviewed,https://www.breitling.com/gb-en/watches/superocean-heritage/superocean-heritage-b20-automatic-46/AB2020121L1A1/,available,pending,2026-10-08
RULE:0212,BREITLING,AB2010,reference mapping,pending source review,https://www.breitling.com/gb-en/watches/superocean-heritage/,pending,pending,
RULE:0213,BREITLING,A13313,reference mapping,pending source review,https://www.breitling.com/,pending,pending,
RULE:0214,BREITLING,A13320,reference mapping,pending source review,https://www.breitlingsource.com/watch_details/Soheritage_170.html,pending,pending,
RULE:0215,BREITLING,A17320,reference mapping,pending source review,https://www.breitlingsource.com/,pending,pending,
RULE:0216,BREITLING,A17392,reference mapping,pending source review,https://www.breitlingsource.com/watch_details/SuperOcean_319.html,pending,pending,
RULE:0217,BREITLING,A17388,reference mapping,pending source review,https://www.breitlingsource.com/,pending,pending,
RULE:0218,BREITLING,A17364,reference mapping,pending source review,https://www.breitlingsource.com/,pending,pending,
RULE:0219,BREITLING,A17360,reference mapping,pending source review,https://www.breitlingsource.com/,pending,pending,
RULE:0220,BREITLING,A17378,reference mapping,pending source review,https://www.breitling.com/gb-en/collections/superocean/,pending,pending,
RULE:0221,BREITLING,A17376,reference mapping,pending source review,https://www.breitling.com/gb-en/collections/superocean/,pending,pending,
RULE:0222,BREITLING,A17375,reference mapping,pending source review,https://www.breitling.com/gb-en/collections/superocean/,pending,pending,
RULE:0223,BREITLING,A17366,reference mapping,model reviewed,https://www.breitling.com/gb-en/watches/superocean/superocean-automatic-42/A17366D71B2S1/,pending,pending,2026-10-08
RULE:0224,BREITLING,A17316,reference mapping,model reviewed,https://www.breitling.com/gb-en/watches/superocean/superocean-automatic-36/A17316D21A1S1/,pending,pending,2026-10-08
RULE:0225,BREITLING,A17330,reference mapping,pending source review,,pending,pending,
RULE:0226,BREITLING,UB2030,reference mapping,pending source review,,pending,pending,
RULE:0227,BREITLING,UB2010,reference mapping,pending source review,,pending,pending,
RULE:0228,BREITLING,A13312,reference mapping,pending source review,,pending,pending,
RULE:0229,CARTIER,W6920085,reference mapping,pending source review,,pending,pending,
RULE:0230,CARTIER,VENDOME,reference mapping,pending source review,,pending,pending,
RULE:0231,CARTIER,W31010M7,reference mapping,pending source review,,pending,pending,
RULE:0232,CARTIER,Panthere,reference mapping,pending source review,,pending,pending,
RULE:0233,CARTIER,W1013754,reference mapping,pending source review,,pending,pending,
RULE:0234,CARTIER,WSSA0048,reference mapping,pending source review,,pending,pending,
RULE:0235,CARTIER,W20045C4,reference mapping,pending source review,,pending,pending,
RULE:0236,CARTIER,W31015M7,reference mapping,pending source review,,pending,pending,
RULE:0237,CARTIER,WSSA0022,reference mapping,pending source review,,pending,pending,
RULE:0238,CARTIER,W1014154,reference mapping,pending source review,,pending,pending,
RULE:0239,CARTIER,W25075Z5,reference mapping,pending source review,,pending,pending,
RULE:0240,CARTIER,WSCA0006,reference mapping,pending source review,,pending,pending,
RULE:0241,CARTIER,Cartier Vendome,reference mapping,pending source review,,pending,pending,
RULE:0242,CARTIER,W62002V3,reference mapping,pending source review,,pending,pending,
RULE:0243,CARTIER,W62017V3,reference mapping,pending source review,,pending,pending,
RULE:0244,CARTIER,W20038R301,reference mapping,pending source review,,pending,pending,
RULE:0245,CARTIER,W6701004,reference mapping,pending source review,,pending,pending,
RULE:0246,CARTIER,W51008Q3,reference mapping,pending source review,,pending,pending,
RULE:0247,CARTIER,W5200013,reference mapping,pending source review,,pending,pending,
RULE:0248,CARTIER,W5200028,reference mapping,pending source review,,pending,pending,
RULE:0249,CARTIER,W20098D6,reference mapping,pending source review,,pending,pending,
RULE:0250,CARTIER,W1003154,reference mapping,pending source review,,pending,pending,
RULE:0251,CARTIER,W2603556,reference mapping,pending source review,,pending,pending,
RULE:0252,CARTIER,W6700455,reference mapping,pending source review,,pending,pending,
RULE:0253,CARTIER,W25022B9,reference mapping,pending source review,,pending,pending,
RULE:0254,CARTIER,WSSA0071,reference mapping,pending source review,,pending,pending,
RULE:0255,CARTIER,W20073X8,reference mapping,pending source review,,pending,pending,
RULE:0256,CARTIER,WB701851,reference mapping,pending source review,,pending,pending,
RULE:0257,CARTIER,W20072X7,reference mapping,pending source review,,pending,pending,
RULE:0258,CARTIER,W20011C4,reference mapping,pending source review,,pending,pending,
RULE:0259,CARTIER,WSSA0018,reference mapping,pending source review,,pending,pending,
RULE:0260,CARTIER,WSSA0037,reference mapping,pending source review,,pending,pending,
RULE:0261,CARTIER,2603,reference mapping,pending source review,,pending,pending,
RULE:0262,CARTIER,W20018D6,reference mapping,pending source review,,pending,pending,
RULE:0263,CARTIER,WSSA0062,reference mapping,pending source review,,pending,pending,
RULE:0264,CARTIER,WSSA0032,reference mapping,pending source review,,pending,pending,
RULE:0265,CARTIER,W2020008,reference mapping,pending source review,,pending,pending,
RULE:0266,CARTIER,WSTA0018,reference mapping,pending source review,,pending,pending,
RULE:0267,CARTIER,WSBB0031,reference mapping,pending source review,,pending,pending,
RULE:0268,CARTIER,WSSA0061,reference mapping,pending source review,,pending,pending,
RULE:0269,CARTIER,W20056D6,reference mapping,pending source review,,pending,pending,
RULE:0270,CARTIER,W20058C4,reference mapping,pending source review,,pending,pending,
RULE:0271,CARTIER,183957,reference mapping,pending source review,,pending,pending,
RULE:0272,CARTIER,Must de Cartier 21 (collection-level entry),reference mapping,pending source review,,pending,pending,
RULE:0273,CARTIER,W20012C4,reference mapping,pending source review,,pending,pending,
RULE:0274,CARTIER,W200114A,reference mapping,pending source review,,pending,pending,
RULE:0275,CARTIER,681006,reference mapping,pending source review,,pending,pending,
RULE:0276,CARTIER,W5200027,reference mapping,pending source review,,pending,pending,
RULE:0277,CARTIER,187906,reference mapping,pending source review,,pending,pending,
RULE:0278,CARTIER,W20090X8,reference mapping,pending source review,,pending,pending,
RULE:0279,CARTIER,W62019X6,reference mapping,pending source review,,pending,pending,
RULE:0280,CARTIER,WSSA0039,reference mapping,pending source review,,pending,pending,
RULE:0281,CARTIER,WSTA0041,reference mapping,pending source review,,pending,pending,
RULE:0282,CARTIER,W3140026,reference mapping,pending source review,,pending,pending,
RULE:0283,CARTIER,W350068A,reference mapping,pending source review,,pending,pending,
RULE:0284,CARTIER,83782747,reference mapping,pending source review,,pending,pending,
RULE:0285,CARTIER,W7100015,reference mapping,pending source review,,pending,pending,
RULE:0286,CARTIER,83083241,reference mapping,pending source review,,pending,pending,
RULE:0287,CARTIER,WSSA0030,reference mapping,pending source review,,pending,pending,
RULE:0288,CARTIER,W51002Q3,reference mapping,pending source review,,pending,pending,
RULE:0289,CARTIER,W51005Q4,reference mapping,pending source review,,pending,pending,
RULE:0290,CARTIER,WSTA0051,reference mapping,pending source review,,pending,pending,
RULE:0291,CARTIER,Must de Cartier Tank (model-family entry),reference mapping,pending source review,,pending,pending,
RULE:0292,CARTIER,W51011Q3,reference mapping,pending source review,,pending,pending,
RULE:0293,CARTIER,W31058M7,reference mapping,pending source review,,pending,pending,
RULE:0294,CARTIER,W1014054,reference mapping,pending source review,,pending,pending,
RULE:0295,CARTIER,W20126X8,reference mapping,pending source review,,pending,pending,
RULE:0296,CARTIER,^WSTA0072$,family / pattern,pending source review,,pending,pending,
RULE:0297,TUDOR,25707,reference mapping,pending source review,,pending,pending,
RULE:0298,TUDOR,25407,reference mapping,pending source review,,pending,pending,
RULE:0299,TUDOR,7943A1A0,reference mapping,pending source review,,pending,pending,
RULE:0300,TUDOR,25600T,reference mapping,pending source review,,pending,pending,
RULE:0301,TUDOR,MT5402,reference mapping,pending source review,,pending,pending,
RULE:0302,TUDOR,74000N,reference mapping,pending source review,,pending,pending,
RULE:0303,TUDOR,70150,reference mapping,pending source review,,pending,pending,
RULE:0304,TUDOR,79000N,reference mapping,model reviewed,https://www.tudorwatch.com/en/watches/black-bay-54/m79000n-0001,available,pending,2026-10-08
RULE:0305,TUDOR,79000B,reference mapping,pending source review,https://www.tudorwatch.com/en/watches/black-bay-54/m79000b-0001,pending,pending,
RULE:0306,TUDOR,79030N,reference mapping,pending source review,https://media.tudorwatch.com/image/upload/fl_attachment/v1/tudorwatch/pressroom/products/black-bay-58/pdf/bw18-tudor-black-bay-fifty-eight-en.pdf,pending,pending,
RULE:0307,TUDOR,79030B,reference mapping,pending source review,https://www.tudorwatch.com/en/watch-family/black-bay-58,pending,pending,
RULE:0308,TUDOR,79010SG,reference mapping,pending source review,https://www.tudorwatch.com/en/pressroom/new-watches/2021/black-bay-58-925,pending,pending,
RULE:0309,TUDOR,79012M,reference mapping,pending source review,https://www.tudorwatch.com/en/watch-family/black-bay-58,pending,pending,
RULE:0310,TUDOR,7939A1A0RU,reference mapping,pending source review,https://www.tudorwatch.com/en/watches/black-bay-58/m7939a1a0ru-0001,pending,pending,
RULE:0311,TUDOR,7939A1A0NU,reference mapping,pending source review,https://www.tudorwatch.com/en/watch-family/black-bay-58,pending,pending,
RULE:0312,TUDOR,7939G1A0NRU,reference mapping,model reviewed,https://www.tudorwatch.com/en/watches/black-bay-58/m7939g1a0nru-0001,available,pending,2026-10-08
RULE:0313,TUDOR,7941A1A0RU,reference mapping,pending source review,https://www.tudorwatch.com/en/watches/black-bay/m7941a1a0ru-0003,pending,pending,
RULE:0314,TUDOR,7941A1A0NU,reference mapping,pending source review,https://www.tudorwatch.com/en/watches/black-bay/m7941a1a0nu-0001,pending,pending,
RULE:0315,TUDOR,79220R/B/N,reference mapping,pending source review,https://www.tudorwatch.com/en/inside-tudor,pending,pending,
RULE:0316,TUDOR,79230R/B/N,reference mapping,pending source review,https://www.tudorwatch.com/en/inside-tudor/watchmaking/tudor-manufacture-movement,pending,pending,
RULE:0317,TUDOR,79210CNU,reference mapping,pending source review,https://www.tudorwatch.com/en/pressroom,pending,pending,
RULE:0318,TUDOR,79250BA,reference mapping,pending source review,https://www.tudorwatch.com/en/watches/black-bay-bronze/m79250ba-0001,pending,pending,
RULE:0319,TUDOR,79470,reference mapping,model reviewed,https://www.tudorwatch.com/en/watches/black-bay-pro/m79470-0001,available,pending,2026-10-08
RULE:0320,TUDOR,79830RB,reference mapping,pending source review,https://media.tudorwatch.com/image/upload/fl_attachment/v1/tudorwatch/pressroom/products/black-bay-gmt/pdf/bw18-tudor-black-bay-gmt-en.pdf,pending,pending,
RULE:0321,TUDOR,79350,reference mapping,pending source review,https://www.tudorwatch.com/en/inside-tudor/watchmaking/tudor-manufacture-movement,pending,pending,
RULE:0322,TUDOR,79360N,reference mapping,model reviewed,https://www.tudorwatch.com/en/watches/black-bay-chrono/m79360n-0013,available,pending,2026-10-08
RULE:0323,TUDOR,79363N,reference mapping,pending source review,https://www.tudorwatch.com/en/inside-tudor/watchmaking/tudor-manufacture-movement,pending,pending,
RULE:0324,TUDOR,79600,reference mapping,pending source review,https://www.tudorwatch.com/en/watches/black-bay-one/m79600-0001,pending,pending,
RULE:0325,TUDOR,79640,reference mapping,pending source review,https://www.tudorwatch.com/en/watches/black-bay-one/m79640-0001,pending,pending,
RULE:0326,TUDOR,79660,reference mapping,pending source review,https://www.tudorwatch.com/en/watches/black-bay-one/m79660-0001,pending,pending,
RULE:0327,TUDOR,79680,reference mapping,pending source review,https://www.tudorwatch.com/en/watches/black-bay-one/m79680-0005,pending,pending,
RULE:0328,TUDOR,25600TN,reference mapping,model reviewed,https://www.tudorwatch.com/en/watches/pelagos/m25600tn-0001,available,pending,2026-10-08
RULE:0329,TUDOR,25600TB,reference mapping,model reviewed,https://www.tudorwatch.com/en/watches/pelagos/m25600tb-0001,available,pending,2026-10-08
RULE:0330,TUDOR,25610TNL,reference mapping,pending source review,https://www.tudorwatch.com/en/watches/pelagos,pending,pending,
RULE:0331,TUDOR,25407N,reference mapping,model reviewed,https://www.tudorwatch.com/en/watches/pelagos/m25407n-0001,available,pending,2026-10-08
RULE:0332,TUDOR,2543C1A7NU,reference mapping,pending source review,https://www.tudorwatch.com/en/watches/pelagos,pending,pending,
RULE:0333,TUDOR,25707B/26,reference mapping,pending source review,https://www.tudorwatch.com/en/pelagos-fxd-navy,pending,pending,
RULE:0334,TUDOR,25717N,reference mapping,pending source review,https://www.tudorwatch.com/en/pelagos-fxd-navy,pending,pending,
RULE:0335,TUDOR,25707KN,reference mapping,pending source review,https://www.tudorwatch.com/en/pressroom,pending,pending,
RULE:0336,TUDOR,25807KN,reference mapping,pending source review,https://www.tudorwatch.com/en/pressroom,pending,pending,
RULE:0337,TUDOR,25807K,reference mapping,pending source review,https://www.tudorwatch.com/en/pressroom,pending,pending,
RULE:0338,TUDOR,2542G267NU,reference mapping,pending source review,https://www.tudorwatch.com/en/pressroom,pending,pending,
RULE:0339,TUDOR,2542G257,reference mapping,pending source review,https://www.tudorwatch.com/en/pressroom,pending,pending,
RULE:0340,TUDOR,79950,reference mapping,model reviewed,https://www.tudorwatch.com/en/watches/ranger/m79950-0001,available,pending,2026-10-08
RULE:0341,TUDOR,79930,reference mapping,pending source review,https://www.tudorwatch.com/en/watch-family/ranger,pending,pending,
RULE:0342,TUDOR,91210N,reference mapping,pending source review,https://www.tudorwatch.com/en/pressroom,pending,pending,
RULE:0343,TUDOR,91550,reference mapping,pending source review,https://www.tudorwatch.com/en/watches/1926/m91550-0005,pending,pending,
RULE:0344,TUDOR,91450,reference mapping,pending source review,https://www.tudorwatch.com/en/watches/1926,pending,pending,
RULE:0345,TUDOR,91650,reference mapping,pending source review,https://www.tudorwatch.com/en/watches/1926,pending,pending,
RULE:0346,TUDOR,35800,reference mapping,pending source review,https://www.tudorwatch.com/en/watches/clair-de-rose/m35800-0001,pending,pending,
RULE:0347,TUDOR,35500,reference mapping,pending source review,https://www.tudorwatch.com/en/watches/clair-de-rose/m35500-0001,pending,pending,
RULE:0348,TUDOR,35200,reference mapping,pending source review,https://www.tudorwatch.com/en/watches/clair-de-rose/m35200-0004,pending,pending,
RULE:0349,TUDOR,79090,reference mapping,model reviewed,https://www.tudorwatch.com/en/inside-tudor/history/tudor-history-submariners-1969-to-1999,pending,pending,2026-10-08
RULE:0350,TUDOR,79190,reference mapping,pending source review,https://www.tudorwatch.com/en/inside-tudor/history/tudor-history-submariners-1969-to-1999,pending,pending,
RULE:0351,TUDOR,7922,reference mapping,model reviewed,https://www.tudorwatch.com/en/inside-tudor/history/tudor-history-submariners-1954-to-1968,pending,pending,2026-10-08
RULE:0352,TUDOR,7924,reference mapping,model reviewed,https://www.tudorwatch.com/en/inside-tudor/history/tudor-history-submariners-1954-to-1968,pending,pending,2026-10-08
RULE:0353,TUDOR,7928,reference mapping,model reviewed,https://www.tudorwatch.com/en/inside-tudor/history/tudor-history-submariners-1954-to-1968,pending,pending,2026-10-08
RULE:0354,TUDOR,7031/0,reference mapping,model reviewed,https://www.tudorwatch.com/en/inside-tudor/history/tudor-history-chronographs-1970,pending,pending,2026-10-08
RULE:0355,TUDOR,7032/0,reference mapping,model reviewed,https://www.tudorwatch.com/en/inside-tudor/history/tudor-history-chronographs-1970,pending,pending,2026-10-08
RULE:0356,TUDOR,7149/0,reference mapping,model reviewed,https://www.tudorwatch.com/en/inside-tudor/history/tudor-history-chronographs-1971-to-1976,pending,pending,2026-10-08
RULE:0357,TUDOR,7169/0,reference mapping,model reviewed,https://www.tudorwatch.com/en/inside-tudor/history/tudor-history-chronographs-1971-to-1976,pending,pending,2026-10-08
RULE:0358,TUDOR,79160,reference mapping,model reviewed,https://www.tudorwatch.com/en/inside-tudor/history/tudor-history-chronographs-1976-to-1991,pending,pending,2026-10-08
RULE:0359,TUDOR,79170,reference mapping,pending source review,https://www.tudorwatch.com/en/inside-tudor/history/tudor-history-chronographs-1976-to-1991,pending,pending,
RULE:0360,TUDOR,79180,reference mapping,pending source review,https://www.tudorwatch.com/en/inside-tudor/history/tudor-history-chronographs-1976-to-1991,pending,pending,
RULE:0361,TUDOR,79260,reference mapping,model reviewed,https://www.tudorwatch.com/en/inside-tudor/history/tudor-history-chronographs-1995-to-2000,pending,pending,2026-10-08
RULE:0362,TUDOR,79280,reference mapping,model reviewed,https://www.tudorwatch.com/en/inside-tudor/history/tudor-history-chronographs-1995-to-2000,pending,pending,2026-10-08
RULE:0363,TUDOR,74000,reference mapping,pending source review,https://www.tudorwatch.com/en/inside-tudor/history,pending,pending,
RULE:0364,TUDOR,74033,reference mapping,pending source review,https://www.tudorwatch.com/en/inside-tudor/history,pending,pending,
RULE:0365,TUDOR,76200,reference mapping,pending source review,https://www.tudorwatch.com/en/inside-tudor/history,pending,pending,
RULE:0366,TUDOR,76213,reference mapping,pending source review,https://www.tudorwatch.com/en/inside-tudor/history,pending,pending,
RULE:0367,TUDOR,12510,reference mapping,pending source review,https://www.tudorwatch.com/en/inside-tudor/history,pending,pending,
RULE:0368,TUDOR,79330,reference mapping,pending source review,,pending,pending,
RULE:0369,TUDOR,79010S,reference mapping,pending source review,,pending,pending,
RULE:0370,TUDOR,79733,reference mapping,pending source review,,pending,pending,
RULE:0371,TUDOR,79012,reference mapping,pending source review,,pending,pending,
RULE:0372,TUDOR,25610T,reference mapping,pending source review,,pending,pending,
RULE:0373,TUDOR,^M?2639W1A0U(?:-0001)?$,family / pattern,pending source review,,pending,pending,
RULE:0374,TUDOR,^M?9140G1A0U(?:-0001)?$,family / pattern,pending source review,,pending,pending,
RULE:0375,TUDOR,^M?79310N(?:-0001)?$,family / pattern,pending source review,,pending,pending,
RULE:0376,TUDOR,^25827K$,family / pattern,pending source review,,pending,pending,
RULE:0377,TUDOR,^2639W1A0$,family / pattern,pending source review,,pending,pending,
RULE:0378,TUDOR,^M?25500T(?:N)?(?:-\d{4})?$,family / pattern,pending source review,,pending,pending,
RULE:0379,TUDOR,^M?79310N?$,family / pattern,pending source review,,pending,pending,
RULE:0380,TUDOR,^M?79833(?:MN)?(?:-\d{4})?$,family / pattern,pending source review,,pending,pending,
RULE:0381,TUDOR,^M?70330N?(?:-\d{4})?$,family / pattern,pending source review,,pending,pending,
RULE:0382,TUDOR,^M?79733N?(?:-\d{4})?$,family / pattern,pending source review,,pending,pending,
RULE:0383,TUDOR,^M?28600(?:-\d{4})?$,family / pattern,pending source review,,pending,pending,
RULE:0384,TUDOR,^M?75090(?:[-\/]?[A-Z0-9]+)?$,family / pattern,pending source review,,pending,pending,
RULE:0385,TUDOR,^M?79220[NRB]?$,family / pattern,pending source review,,pending,pending,
RULE:0386,TUDOR,^M?28500$,family / pattern,pending source review,,pending,pending,
RULE:0387,TUDOR,^M?28600$,family / pattern,pending source review,,pending,pending,
RULE:0388,TUDOR,^M?94400$,family / pattern,pending source review,,pending,pending,
RULE:0389,TUDOR,^M?79830$,family / pattern,pending source review,,pending,pending,
RULE:0390,TUDOR,^M?25707K$,family / pattern,pending source review,,pending,pending,
RULE:0391,TUDOR,^M?25707$,family / pattern,pending source review,,pending,pending,
RULE:0392,TUDOR,^M?28503$,family / pattern,pending source review,,pending,pending,
RULE:0393,TUDOR,^79220([NBR])$,family / pattern,pending source review,,pending,pending,
RULE:0394,TUDOR,^M?79230$,family / pattern,pending source review,,pending,pending,
RULE:0395,TUDOR,^M?79230([NBR])$,family / pattern,pending source review,,pending,pending,
RULE:0396,TUDOR,^M?79030$,family / pattern,pending source review,,pending,pending,
RULE:0397,TUDOR,^M?79360$,family / pattern,pending source review,,pending,pending,
RULE:0398,TUDOR,^M?79730$,family / pattern,pending source review,,pending,pending,
RULE:0399,TUDOR,^M?79733N$,family / pattern,pending source review,,pending,pending,
RULE:0400,TUDOR,^M?79500$,family / pattern,pending source review,,pending,pending,
RULE:0401,TUDOR,^M?79540$,family / pattern,pending source review,,pending,pending,
RULE:0402,TUDOR,^M?79580$,family / pattern,pending source review,,pending,pending,
RULE:0403,TUDOR,^M?79000$,family / pattern,pending source review,,pending,pending,
RULE:0404,TUDOR,^M?7943A1A0NU$,family / pattern,pending source review,,pending,pending,
RULE:0405,TUDOR,^M?25827KN$,family / pattern,pending source review,,pending,pending,
RULE:0406,TUDOR,^M?79310N$,family / pattern,pending source review,,pending,pending,
RULE:0407,TUDOR,^M?79377KN$,family / pattern,pending source review,,pending,pending,
RULE:0408,TUDOR,^M?2840D1A0$,family / pattern,pending source review,,pending,pending,
RULE:0409,TUDOR,^M?2836C1A0$,family / pattern,pending source review,,pending,pending,
RULE:0410,TUDOR,^M?2830A1A0$,family / pattern,pending source review,,pending,pending,
RULE:0411,TUDOR,^M?79230DK$,family / pattern,pending source review,,pending,pending,
RULE:0412,PANERAI,PAM00287,reference mapping,pending source review,,pending,pending,
RULE:0413,IWC,IW388113,reference mapping,model reviewed,https://www.iwc.com/us-en/watches/pilot-watches/iw388113-pilots-watch-chronograph-41,official photograph,pending,2026-10-08
RULE:0414,GENERIC,79220,reference mapping,pending source review,,pending,pending,
RULE:0415,TAG HEUER,WW2110-0,reference mapping,pending source review,,pending,pending,
RULE:0416,PANERAI,PAM01271,reference mapping,pending source review,,pending,pending,
RULE:0417,LONGINES,L3.835,reference mapping,pending source review,,pending,pending,
RULE:0418,BREMONT,SUPERMARINE,reference mapping,pending source review,,pending,pending,
RULE:0419,SWATCH X OMEGA,Swatch OMEGA Moonwatch,reference mapping,pending source review,,pending,pending,
RULE:0420,BELL & ROSS,BR03,reference mapping,pending source review,,pending,pending,
RULE:0421,CHANEL,CHANEL J12,reference mapping,pending source review,,pending,pending,
RULE:0422,BREMONT,Bremont Kingsman,reference mapping,pending source review,,pending,pending,
RULE:0423,SINN,Sinn 140 / 42,reference mapping,pending source review,,pending,pending,
RULE:0424,CHOPARD,27/8895-23/11,reference mapping,pending source review,,pending,pending,
RULE:0425,ROLEX,126720,reference mapping,pending source review,,pending,pending,
RULE:0426,ZENITH,03.2170.4650,reference mapping,pending source review,,pending,pending,
RULE:0427,ULYSSE NARDIN,263-10,reference mapping,pending source review,,pending,pending,
RULE:0428,ZENITH,03.2119.400,reference mapping,pending source review,,pending,pending,
RULE:0429,BREMONT,SOLO-43,reference mapping,pending source review,,pending,pending,
RULE:0430,LONGINES,L2.537.4,reference mapping,pending source review,,pending,pending,
RULE:0431,BLANCPAIN,5010-12B30-98S,reference mapping,pending source review,,pending,pending,
RULE:0432,VERTEX,Vertex M36,reference mapping,pending source review,,pending,pending,
RULE:0433,ORIS,7730,reference mapping,pending source review,,pending,pending,
RULE:0434,SINN,Sinn U50 Hydro,reference mapping,pending source review,,pending,pending,
RULE:0435,SINN,358,reference mapping,pending source review,,pending,pending,
RULE:0436,SINN,Sinn 206 Arktis II,reference mapping,pending source review,,pending,pending,
RULE:0437,SEIKO,SBEN011,reference mapping,pending source review,,pending,pending,
RULE:0438,SEIKO,SPB253J1,reference mapping,pending source review,,pending,pending,
RULE:0439,JAEGER-LECOULTRE,140.8.80.S,reference mapping,pending source review,,pending,pending,
RULE:0440,IWC,IW371417,reference mapping,pending source review,,pending,pending,
RULE:0441,IWC,IW376806,reference mapping,pending source review,,pending,pending,
RULE:0442,HUBLOT,561.ZP.1180.RX,reference mapping,pending source review,,pending,pending,
RULE:0443,HUBLOT,510.CM.1170.CM,reference mapping,pending source review,,pending,pending,
RULE:0444,GRAND SEIKO,SBGA299,reference mapping,pending source review,,pending,pending,
RULE:0445,GRAND SEIKO,SBGA443,reference mapping,pending source review,,pending,pending,
RULE:0446,PANERAI,PAM01005,reference mapping,pending source review,,pending,pending,
RULE:0447,PANERAI,PAM01572,reference mapping,pending source review,,pending,pending,
RULE:0448,PANERAI,PAM00574,reference mapping,pending source review,,pending,pending,
RULE:0449,PANERAI,PAM01024,reference mapping,pending source review,,pending,pending,
RULE:0450,PANERAI,PAM00609,reference mapping,pending source review,,pending,pending,
RULE:0451,TAG HEUER,CAW211P,reference mapping,pending source review,,pending,pending,
RULE:0452,TAG HEUER,WAY201A,reference mapping,pending source review,,pending,pending,
RULE:0453,TAG HEUER,CV2015,reference mapping,pending source review,,pending,pending,
RULE:0454,TAG HEUER,CAR2A10-1,reference mapping,pending source review,,pending,pending,
RULE:0455,TAG HEUER,WAY201C,reference mapping,pending source review,,pending,pending,
RULE:0456,TAG HEUER,WBN2012,reference mapping,pending source review,,pending,pending,
RULE:0457,TAG HEUER,WBP5110,reference mapping,pending source review,,pending,pending,
RULE:0458,TAG HEUER,WAY2015,reference mapping,pending source review,,pending,pending,
RULE:0459,TAG HEUER,WBD2120,reference mapping,pending source review,,pending,pending,
RULE:0460,TAG HEUER,CBS2210-0,reference mapping,pending source review,,pending,pending,
RULE:0461,TAG HEUER,CBS2210,reference mapping,pending source review,,pending,pending,
RULE:0462,TAG HEUER,WBN2410,reference mapping,pending source review,,pending,pending,
RULE:0463,TAG HEUER,CBG2A10,reference mapping,pending source review,,pending,pending,
RULE:0464,TAG HEUER,AF2010,reference mapping,pending source review,,pending,pending,
RULE:0465,PANERAI,PAM00091,reference mapping,pending source review,,pending,pending,
RULE:0466,TAG HEUER,CAZ201G,reference mapping,pending source review,,pending,pending,
RULE:0467,VERTEX,M100B,reference mapping,pending source review,,pending,pending,
RULE:0468,SINN,Sinn 104,reference mapping,pending source review,,pending,pending,
RULE:0469,GRAND SEIKO,SBGR319,reference mapping,pending source review,,pending,pending,
RULE:0470,LONGINES,L3.764.4,reference mapping,pending source review,,pending,pending,
RULE:0471,IWC,IW329301,reference mapping,model reviewed,https://www.iwc.com/ww-en/watches/pilot-watches/iw329301-big-pilots-watch-43,official photograph,pending,2026-10-08
RULE:0472,TAG HEUER,WV211B-3,reference mapping,pending source review,,pending,pending,
RULE:0473,GENERIC,BR03-92-DIV-C,reference mapping,pending source review,,pending,pending,
RULE:0474,GENERIC,292X4P4/5/6,reference mapping,pending source review,,pending,pending,
RULE:0475,GENERIC,02 0500 420,reference mapping,pending source review,,pending,pending,
RULE:0476,BREMONT,Bremont Solo,reference mapping,pending source review,,pending,pending,
RULE:0477,TAG HEUER,WAZ2114,reference mapping,pending source review,,pending,pending,
RULE:0478,PATEK PHILIPPE,4910/1200,reference mapping,pending source review,,pending,pending,
RULE:0479,GENERIC,CLASSICO DUAL TIME,reference mapping,pending source review,,pending,pending,
RULE:0480,GENERIC,30 0040 680,reference mapping,pending source review,,pending,pending,
RULE:0481,GRAND SEIKO,SBGE253G,reference mapping,pending source review,,pending,pending,
RULE:0482,IWC,IW328908,reference mapping,pending source review,,pending,pending,
RULE:0483,TAG HEUER,CAU2011,reference mapping,pending source review,,pending,pending,
RULE:0484,TAG HEUER,WBE5114,reference mapping,pending source review,,pending,pending,
RULE:0485,GENERIC,95.9000.670,reference mapping,pending source review,,pending,pending,
RULE:0486,GENERIC,Nomos Glashutte Tangente,reference mapping,pending source review,,pending,pending,
RULE:0487,SEIKO,7S36-5000,reference mapping,pending source review,,pending,pending,
RULE:0488,GENERIC,49.9000.670,reference mapping,pending source review,,pending,pending,
RULE:0489,IWC,IW370601,reference mapping,model reviewed,https://www.bukowskis.com/en/auctions/671/1021-iwc-pilot-s-watch-der-fliegerchronograph-ca-2000,pending,pending,2026-10-08
RULE:0490,GENERIC,Parmigiani TONDA,reference mapping,pending source review,,pending,pending,
RULE:0491,GENERIC,FC-303WGH5B4,reference mapping,pending source review,,pending,pending,
RULE:0492,FEARS,BS23800B,reference mapping,pending source review,,pending,pending,
RULE:0493,BREMONT,Bremont ALT1-P2,reference mapping,pending source review,,pending,pending,
RULE:0494,TAG HEUER,WAW131B,reference mapping,pending source review,,pending,pending,
RULE:0495,SINN,Sinn U1 SDR,reference mapping,pending source review,,pending,pending,
RULE:0496,SEIKO,SRPL91K1,reference mapping,pending source review,,pending,pending,
RULE:0497,LONGINES,L3.740.3,reference mapping,pending source review,,pending,pending,
RULE:0498,TAG HEUER,WAZ1121,reference mapping,pending source review,,pending,pending,
RULE:0499,TAG HEUER,CAZ101Y,reference mapping,pending source review,,pending,pending,
RULE:0500,ULYSSE NARDIN,353-22,reference mapping,pending source review,,pending,pending,
RULE:0501,CHRISTOPHER WARD,C60 LUMIERE GREEN,reference mapping,pending source review,,pending,pending,
RULE:0502,BREMONT,BROADSWORD,reference mapping,pending source review,,pending,pending,
RULE:0503,GRAND SEIKO,SBGA285G,reference mapping,pending source review,,pending,pending,
RULE:0504,LONGINES,L3.810.1,reference mapping,pending source review,,pending,pending,
RULE:0505,GRAND SEIKO,SBGA407,reference mapping,pending source review,,pending,pending,
RULE:0506,U-BOAT,8057,reference mapping,pending source review,,pending,pending,
RULE:0507,BREMONT,ALT1-C,reference mapping,pending source review,,pending,pending,
RULE:0508,JAEGER-LECOULTRE,Q4148420,reference mapping,pending source review,,pending,pending,
RULE:0509,BAUME & MERCIER,65900,reference mapping,pending source review,,pending,pending,
RULE:0510,TAG HEUER,CBS2213,reference mapping,pending source review,,pending,pending,
RULE:0511,TAG HEUER,WAY201D,reference mapping,pending source review,,pending,pending,
RULE:0512,PANERAI,PAM00024,reference mapping,pending source review,,pending,pending,
RULE:0513,DOXA,820.10,reference mapping,pending source review,,pending,pending,
RULE:0514,FEARS,BS240.500A,reference mapping,pending source review,,pending,pending,
RULE:0515,IWC,IW544501,reference mapping,pending source review,,pending,pending,
RULE:0516,IWC,IW328206,reference mapping,model reviewed,https://www.iwc.com/ch-en/watches/pilot-watches/iw328206-pilots-watch-mark-xx,official photograph,pending,2026-10-08
RULE:0517,ZENITH,03.2040.400,reference mapping,pending source review,,pending,pending,
RULE:0518,CITIZEN,6930-09FE,reference mapping,pending source review,,pending,pending,
RULE:0519,TAG HEUER,CAZ2012-1,reference mapping,pending source review,,pending,pending,
RULE:0520,GRAND SEIKO,SBGR301,reference mapping,pending source review,,pending,pending,
RULE:0521,TAG HEUER,CAV518B,reference mapping,pending source review,,pending,pending,
RULE:0522,BREMONT,ALT1-ZT/51,reference mapping,pending source review,,pending,pending,
RULE:0523,PANERAI,PAM00380,reference mapping,pending source review,,pending,pending,
RULE:0524,TAG HEUER,CAZ101AT,reference mapping,pending source review,,pending,pending,
RULE:0525,IWC,IW328901,reference mapping,pending source review,,pending,pending,
RULE:0526,TAG HEUER,CAH1112,reference mapping,pending source review,,pending,pending,
RULE:0527,GRAND SEIKO,SBGA465,reference mapping,pending source review,,pending,pending,
RULE:0528,LONGINES,L3.811.4,reference mapping,pending source review,,pending,pending,
RULE:0529,TAG HEUER,WAN2110,reference mapping,pending source review,,pending,pending,
RULE:0530,PANERAI,PAM00557,reference mapping,pending source review,,pending,pending,
RULE:0531,BREMONT,ALT1-B,reference mapping,pending source review,,pending,pending,
RULE:0532,JAEGER-LECOULTRE,109.2.37.S,reference mapping,pending source review,,pending,pending,
RULE:0533,BREMONT,ARROW,reference mapping,pending source review,,pending,pending,
RULE:0534,TAG HEUER,CAZ101AD,reference mapping,pending source review,,pending,pending,
RULE:0535,TAG HEUER,CBS2114,reference mapping,pending source review,,pending,pending,
RULE:0536,IWC,IW323906,reference mapping,pending source review,,pending,pending,
RULE:0537,JAEGER-LECOULTRE,214.8.62,reference mapping,pending source review,,pending,pending,
RULE:0538,TAG HEUER,CAZ1014,reference mapping,pending source review,,pending,pending,
RULE:0539,TAG HEUER,CBL2113,reference mapping,pending source review,,pending,pending,
RULE:0540,TAG HEUER,WBD1422,reference mapping,pending source review,,pending,pending,
RULE:0541,LONGINES,L3.781.4,reference mapping,pending source review,,pending,pending,
RULE:0542,ZENITH,03.4000.3620,reference mapping,pending source review,,pending,pending,
RULE:0543,BELL & ROSS,BRBRV1-92-S,reference mapping,pending source review,,pending,pending,
RULE:0544,JAEGER-LECOULTRE,Q2505420,reference mapping,pending source review,,pending,pending,
RULE:0545,TAG HEUER,CBL2115-0,reference mapping,pending source review,,pending,pending,
RULE:0546,GIRARD-PERREGAUX,GP81060,reference mapping,pending source review,,pending,pending,
RULE:0547,TAG HEUER,CAW211R,reference mapping,pending source review,,pending,pending,
RULE:0548,SEIKO,SLA079J1,reference mapping,pending source review,,pending,pending,
RULE:0549,TAG HEUER,WBP2110,reference mapping,pending source review,,pending,pending,
RULE:0550,BREITLING,A44364,reference mapping,pending source review,,pending,pending,
RULE:0551,TAG HEUER,WBD1420,reference mapping,pending source review,,pending,pending,
RULE:0552,PANERAI,PAM01305,reference mapping,pending source review,,pending,pending,
RULE:0553,BREITLING,A59028,reference mapping,pending source review,,pending,pending,
RULE:0554,BREITLING,A17376,reference mapping,pending source review,,pending,pending,
RULE:0555,TAG HEUER,WAY201B,reference mapping,pending source review,,pending,pending,
RULE:0556,HUBLOT,511.NX.1170.RX,reference mapping,pending source review,,pending,pending,
RULE:0557,MAURICE LACROIX,AI6007,reference mapping,pending source review,,pending,pending,
RULE:0558,GRAND SEIKO,SBGA429,reference mapping,pending source review,,pending,pending,
RULE:0559,IWC,IW370703,reference mapping,pending source review,,pending,pending,
RULE:0560,AWAKE,Jurassic Watch RAPTORS,reference mapping,pending source review,,pending,pending,
RULE:0561,BREITLING,A17316,reference mapping,model reviewed,https://www.breitling.com/gb-en/watches/superocean/superocean-automatic-36/A17316D21A1S1/,pending,pending,2026-10-08
RULE:0562,M.A.D,M.A.D. 2,reference mapping,pending source review,,pending,pending,
RULE:0563,BREMONT,Supermarine S300,reference mapping,pending source review,,pending,pending,
RULE:0564,DAMASKO,DC66,reference mapping,pending source review,,pending,pending,
RULE:0565,GRAND SEIKO,SLGA007G,reference mapping,pending source review,,pending,pending,
RULE:0566,LONGINES,L2.773.4,reference mapping,pending source review,,pending,pending,
RULE:0567,BREITLING,A13320,reference mapping,pending source review,,pending,pending,
RULE:0568,SEIKO,SSJ039J1,reference mapping,pending source review,,pending,pending,
RULE:0569,LONGINES,L3.410.4,reference mapping,pending source review,,pending,pending,
RULE:0570,TAG HEUER,CAZ101AP,reference mapping,pending source review,,pending,pending,
RULE:0571,TAG HEUER,CV2010-1,reference mapping,pending source review,,pending,pending,
RULE:0572,LONGINES,L2.620.4,reference mapping,pending source review,,pending,pending,
RULE:0573,SEIKO,SLA077,reference mapping,pending source review,,pending,pending,
RULE:0574,HUBLOT,542.NX.1171.LR,reference mapping,pending source review,,pending,pending,
RULE:0575,BREMONT,ALT1-C-CR,reference mapping,pending source review,,pending,pending,
RULE:0576,ANORDAIN,anOrdain Model 2,reference mapping,pending source review,,pending,pending,
RULE:0577,SEIKO,SBEX011,reference mapping,pending source review,,pending,pending,
RULE:0578,HUBLOT,521.CM.1771.RX,reference mapping,pending source review,,pending,pending,
RULE:0579,ORIS,7759,reference mapping,pending source review,,pending,pending,
RULE:0580,BREMONT,Supermarine S502,reference mapping,pending source review,,pending,pending,
RULE:0581,ORIS,7786 40,reference mapping,pending source review,,pending,pending,
RULE:0582,CHRISTOPHER WARD,C60 Trident Pro 300,reference mapping,pending source review,,pending,pending,
RULE:0583,GRAND SEIKO,SBGA375,reference mapping,pending source review,,pending,pending,
RULE:0584,CHRISTOPHER WARD,C60 Trident Lumière,reference mapping,pending source review,,pending,pending,
RULE:0585,LONGINES,L3.674.4,reference mapping,pending source review,,pending,pending,
RULE:0586,BREITLING,A17360,reference mapping,pending source review,,pending,pending,
RULE:0587,GRAND SEIKO,SBGX261G,reference mapping,pending source review,,pending,pending,
RULE:0588,TAG HEUER,WBP5111,reference mapping,pending source review,,pending,pending,
RULE:0589,GRAND SEIKO,SBGP017,reference mapping,pending source review,,pending,pending,
RULE:0590,TAG HEUER,CAZ2010,reference mapping,pending source review,,pending,pending,
RULE:0591,PANERAI,PAM00915,reference mapping,pending source review,,pending,pending,
RULE:0592,SEIKO,SPB511J1,reference mapping,pending source review,,pending,pending,
RULE:0593,ORIS,01 473 7786 4065,reference mapping,pending source review,,pending,pending,
RULE:0594,IWC,IW327004,reference mapping,pending source review,,pending,pending,
RULE:0595,TAG HEUER,WBP1110,reference mapping,pending source review,,pending,pending,
RULE:0596,IWC,IW371602,reference mapping,pending source review,,pending,pending,
RULE:0597,PANERAI,PAM01316,reference mapping,pending source review,,pending,pending,
RULE:0598,GRAND SEIKO,SBGH353G,reference mapping,pending source review,,pending,pending,
RULE:0599,SEIKO,SLA077J1,reference mapping,pending source review,,pending,pending,
RULE:0600,IWC,IW371609,reference mapping,pending source review,,pending,pending,
RULE:0601,TAG HEUER,WBN2113,reference mapping,pending source review,,pending,pending,
RULE:0602,BREITLING,AB2030,reference mapping,model reviewed,https://www.breitling.com/gb-en/watches/superocean-heritage/superocean-heritage-b20-automatic-44/AB2030121B1S1/,pending,pending,2026-10-08
RULE:0603,RAYMOND WEIL,2785,reference mapping,pending source review,,pending,pending,
RULE:0604,TAG HEUER,WBP2111,reference mapping,pending source review,,pending,pending,
RULE:0605,TAG HEUER,CBE2110,reference mapping,pending source review,,pending,pending,
RULE:0606,TAG HEUER,WBP2010,reference mapping,pending source review,,pending,pending,
RULE:0607,HEUER,7721,reference mapping,pending source review,,pending,pending,
RULE:0608,LONGINES,^L?2[.]?833[.]?4(?:[.]\d+)*$,family / pattern,pending source review,,pending,pending,
RULE:0609,BELL & ROSS,^BR03-92-S$,family / pattern,pending source review,,pending,pending,
RULE:0610,TAG HEUER,^WAR1115(?:[.-].*)?$,family / pattern,pending source review,,pending,pending,
RULE:0611,BREITLING,^B12019$,family / pattern,pending source review,,pending,pending,
RULE:0612,BREITLING,^A17331$,family / pattern,pending source review,,pending,pending,
RULE:0613,SEIKO,^SLA043$,family / pattern,pending source review,,pending,pending,
RULE:0614,GRAND SEIKO,^SBGN005G?$,family / pattern,pending source review,,pending,pending,
RULE:0615,BREITLING,^AB0139$,family / pattern,pending source review,,pending,pending,
RULE:0616,LONGINES,^L?2[.]?673[.]?4(?:[.]\d+)*$,family / pattern,pending source review,,pending,pending,
RULE:0617,IWC,^IW356811$,family / pattern,pending source review,,pending,pending,
RULE:0618,BREMONT,^AIRCO-M1-WH-R-S$,family / pattern,pending source review,,pending,pending,
RULE:0619,ROLEX,^178240$,family / pattern,pending source review,,pending,pending,
RULE:0620,TAG HEUER,^CAR2A8A(?:[.-].*)?$,family / pattern,pending source review,,pending,pending,
RULE:0621,CHRISTOPHER WARD,^(?:CHRISTOPHER\s*WARD\s*)?C60$,family / pattern,pending source review,,pending,pending,
RULE:0622,TAG HEUER,^WAY201S(?:-\d)?$,family / pattern,pending source review,,pending,pending,
RULE:0623,LONGINES,^L?3[.]?720[.]?4(?:[.]\d+)*$,family / pattern,pending source review,,pending,pending,
RULE:0624,TAG HEUER,^WAY2013(?:-\d)?$,family / pattern,pending source review,,pending,pending,
RULE:0625,ORIS,^(?:01\s*)?400\s*7778(?:\s*7150.*)?$,family / pattern,pending source review,,pending,pending,
RULE:0626,SCHOFIELD,^SCHOFIELD\s*SIGNALMAN$,family / pattern,pending source review,,pending,pending,
RULE:0627,NIVADA,^CHRONOMASTER\s*AVIATOR\s*SEA\s*DIVER$,family / pattern,pending source review,,pending,pending,
RULE:0628,MONTBLANC,^7138$,family / pattern,pending source review,,pending,pending,
RULE:0629,GRAND SEIKO,^SBGA211G?$,family / pattern,pending source review,,pending,pending,
RULE:0630,HAMILTON,^H706750$,family / pattern,pending source review,,pending,pending,
RULE:0631,BREITLING,^A17316$,family / pattern,pending source review,,pending,pending,
RULE:0632,BREITLING,^AB0138$,family / pattern,pending source review,,pending,pending,
RULE:0633,BREITLING,^A17392$,family / pattern,pending source review,,pending,pending,
RULE:0634,TAG HEUER,^CAW2111(?:-\d)?(?:[.].*)?$,family / pattern,pending source review,,pending,pending,
RULE:0635,TAG HEUER,^WBD1423(?:[.].*)?$,family / pattern,pending source review,,pending,pending,
RULE:0636,JAEGER-LECOULTRE,^250[.]8[.]86$,family / pattern,pending source review,,pending,pending,
RULE:0637,JAEGER-LECOULTRE,^234[.]8[.]47$,family / pattern,pending source review,,pending,pending,
RULE:0638,JAEGER-LECOULTRE,^142[.]8[.]29$,family / pattern,pending source review,,pending,pending,
RULE:0639,JAEGER-LECOULTRE,^213[.]8[.]D4$,family / pattern,pending source review,,pending,pending,
RULE:0640,CHRISTOPHER WARD,^TRIDENT\s*LUMIERE$,family / pattern,pending source review,,pending,pending,
RULE:0641,SWATCH,^(?:AP\s*X\s*SWATCH\s*)?ROYAL\s*POP$,family / pattern,pending source review,,pending,pending,
RULE:0642,GENERIC,^MONTBLANC$,family / pattern,pending source review,,pending,pending,
RULE:0643,BREITLING,^BREITLING\s*SUPER\s*OCEAN$,family / pattern,pending source review,,pending,pending,
RULE:0644,HEUER,^CR2080(?:\.FC6375)?$,family / pattern,pending source review,,pending,pending,
RULE:0645,JAEGER-LECOULTRE,^(?:JUMBO\s*)?MEMOVOX$,family / pattern,pending source review,,pending,pending,
RULE:0646,ORIS,^7741-31$,family / pattern,pending source review,,pending,pending,
RULE:0647,AUDEMARS PIGUET,^(?:AUDEMARS\s*PIGUET\s*)?PROMESSE$,family / pattern,pending source review,,pending,pending,
RULE:0648,BREITLING,^A16362$,family / pattern,pending source review,,pending,pending,
RULE:0649,LONGINES,^L?2[. ]?838[. ]?4(?:[. ]?\d{2}[. ]?\d)?$,family / pattern,pending source review,,pending,pending,
RULE:0650,CITIZEN,^A060-A1CT403$,family / pattern,pending source review,,pending,pending,
RULE:0651,BREITLING,^AB0110$,family / pattern,pending source review,,pending,pending,
RULE:0652,CHOPARD,^8331$,family / pattern,pending source review,,pending,pending,
RULE:0653,TAG HEUER,^CR2080(?:\.FC6375)?$,family / pattern,pending source review,,pending,pending,
RULE:0654,BREMONT,^(?:BREMONT\s*)?S300$,family / pattern,pending source review,,pending,pending,
RULE:0655,TAG HEUER,^CAR2C11(?:-0|\.FC6327)?$,family / pattern,pending source review,,pending,pending,
RULE:0656,TAG HEUER,^CV2A10(?:\.[A-Z0-9]+)?$,family / pattern,pending source review,,pending,pending,
RULE:0657,CHRISTOPHER WARD,^C1BELCANTO$,family / pattern,pending source review,,pending,pending,
RULE:0658,GRAND SEIKO,^SBGX263(?:G)?$,family / pattern,pending source review,,pending,pending,
RULE:0659,IWC,^IW325313$,family / pattern,pending source review,,pending,pending,
RULE:0660,IWC,^IW371606$,family / pattern,pending source review,,pending,pending,
RULE:0661,IWC,^IW377709$,family / pattern,pending source review,,pending,pending,
RULE:0662,LONGINES,^L3\.802\.4(?:\..*)?$,family / pattern,pending source review,,pending,pending,
RULE:0663,LONGINES,^L4\.815\.4(?:\..*)?$,family / pattern,pending source review,,pending,pending,
RULE:0664,TAG HEUER,^CW2111(?:-?0)?$,family / pattern,pending source review,,pending,pending,
RULE:0665,JAEGER-LECOULTRE,^250\.8\.86$,family / pattern,pending source review,,pending,pending,
RULE:0666,JAEGER-LECOULTRE,^266\.8\.11$,family / pattern,pending source review,,pending,pending,
RULE:0667,GENERIC,^MRG-BF1000B-1ADR$,family / pattern,pending source review,,pending,pending,
RULE:0668,GENERIC,^SLA079J1$,family / pattern,pending source review,,pending,pending,
RULE:0669,GENERIC,^SPB493J1$,family / pattern,pending source review,,pending,pending,
RULE:0670,GENERIC,^(?:BREMONT\s+)?BRONZE\s+ARGONAUT$,family / pattern,pending source review,,pending,pending,
RULE:0671,GENERIC,^SPEAKE-MARIN\s+PICCADILLY\s+PS4E4S$,family / pattern,pending source review,,pending,pending,
RULE:0672,GENERIC,^SPB2591J1$,family / pattern,pending source review,,pending,pending,
RULE:0673,GENERIC,^H706750$,family / pattern,pending source review,,pending,pending,
RULE:0674,GENERIC,^(?:GRAHAM\s+)?SILVERSTONE\s+STOWE$,family / pattern,pending source review,,pending,pending,
RULE:0675,GENERIC,^4961$,family / pattern,pending source review,,pending,pending,
RULE:0676,GENERIC,^3820$,family / pattern,pending source review,,pending,pending,
RULE:0677,OMEGA,^(?:OMEGA\s+)?SPEEDMASTER$,family / pattern,pending source review,,pending,pending,
RULE:0678,LONGINES,^L2\.629\.4(?:\..*)?$,family / pattern,pending source review,,pending,pending,
RULE:0679,CARTIER,^W20040D6$,family / pattern,pending source review,,pending,pending,
RULE:0680,TAG HEUER,^7743$,family / pattern,pending source review,,pending,pending,
RULE:0681,OMEGA,^326\.30\.40\.50\.03\.001$,family / pattern,pending source review,,pending,pending,
RULE:0682,GRAND SEIKO,^SBGP011$,family / pattern,pending source review,,pending,pending,
RULE:0683,OMEGA,^2541\.80(?:\.00)?$,family / pattern,pending source review,,pending,pending,
RULE:0684,GENERIC,^(?:ALAIN\s+SILBERSTEIN\s+)?CYCLOPE$,family / pattern,pending source review,,pending,pending,
RULE:0685,OMEGA,^310\.30\.42\.50\.04\.001$,family / pattern,pending source review,,pending,pending,
RULE:0686,OMEGA,^511\.12\.39\.21\.99\.002$,family / pattern,pending source review,,pending,pending,
RULE:0687,PANERAI,^PAM0*184$,family / pattern,pending source review,,pending,pending,
RULE:0688,LONGINES,^L3\.821\.4(?:\..*)?$,family / pattern,pending source review,,pending,pending,
RULE:0689,OMEGA,^WBD2321(?:\..*)?$,family / pattern,pending source review,,pending,pending,
RULE:0690,OMEGA,^168\.029$,family / pattern,pending source review,,pending,pending,
RULE:0691,OMEGA,^210\.90\.42\.20\.01\.00(?:1)?$,family / pattern,pending source review,,pending,pending,
RULE:0692,SINN,^(?:SINN\s+)?157(?:\s.*)?$,family / pattern,pending source review,,pending,pending,
RULE:0693,OMEGA,^2599\.80(?:\.00)?$,family / pattern,pending source review,,pending,pending,
RULE:0694,CHRISTOPHER WARD,^(?:CHRISTOPHER\s+WARD\s+)?C60$,family / pattern,pending source review,,pending,pending,
RULE:0695,SINN,^(?:SINN\s+)?UX(?:\s.*)?$,family / pattern,pending source review,,pending,pending,
RULE:0696,IWC,^IW328803$,family / pattern,pending source review,,pending,pending,
RULE:0697,GRAND SEIKO,^SBGN011$,family / pattern,pending source review,,pending,pending,
RULE:0698,IWC,^IW354806$,family / pattern,pending source review,,pending,pending,
RULE:0699,TAG HEUER,^CAR2B80(?:[.-].*)?$,family / pattern,pending source review,,pending,pending,
RULE:0700,BLANCPAIN,^2160-1130-53$,family / pattern,pending source review,,pending,pending,
RULE:0701,BREMONT,^(?:BREMONT\s+)?JAGUAR(?:\s.*)?$,family / pattern,pending source review,,pending,pending,
RULE:0702,ORIS,^(?:01\s+)?771\s+7793(?:\s.*)?$,family / pattern,pending source review,,pending,pending,
RULE:0703,CARTIER,^WSSA0018$,family / pattern,pending source review,,pending,pending,
RULE:0704,OMEGA,^2296\.80(?:\.00)?$,family / pattern,pending source review,,pending,pending,
RULE:0705,TAG HEUER,^WBP201A(?:[.-].*)?$,family / pattern,pending source review,,pending,pending,
RULE:0706,GENERIC,^61973$,family / pattern,pending source review,,pending,pending,
RULE:0707,GENERIC,^10620\.08$,family / pattern,pending source review,,pending,pending,
RULE:0708,BREMONT,^ALT39-DT-SS-(?:BK|BL|WH)-(?:L|B)(?:-[A-Z])?$,family / pattern,pending source review,,pending,pending,
RULE:0709,BREMONT,^ALT42-MT-(?:TI|SS)-[A-Z0-9]+-(?:B|L)(?:-[A-Z])?$,family / pattern,pending source review,,pending,pending,
RULE:0710,BREMONT,^TN40-DT-SS-[A-Z]{2}-(?:B|L)(?:-[A-Z])?$,family / pattern,pending source review,,pending,pending,
RULE:0711,BREMONT,^TN38-ND-SS-[A-Z]{2}-(?:B|L)(?:-[A-Z])?$,family / pattern,pending source review,,pending,pending,
RULE:0712,BREMONT,^TN42-CHR-(?:SS|BZ)-[A-Z]{2}-(?:B|L)(?:-[A-Z])?$,family / pattern,pending source review,,pending,pending,
RULE:0713,BREMONT,^SM43-DT-SS-(?:BK|WH)-(?:B|N|R)(?:-[A-Z])?$,family / pattern,pending source review,,pending,pending,
RULE:0714,BREMONT,^BROADSWORD(?:\s+(?:BRONZE|RECON|STEEL|DLC))?$,family / pattern,pending source review,,pending,pending,
RULE:0715,BREMONT,^SUPERMARINE\s+DESCENT\s+II$,family / pattern,pending source review,,pending,pending,
RULE:0716,BREMONT,^(?:LONGITUDE|FURY|AUDLEY|SUPERNOVA)(?:\s.*)?$,family / pattern,pending source review,,pending,pending,
RULE:0717,TUDOR,^M?79660(?:-\d{4})?$,family / pattern,pending source review,,pending,pending,
RULE:0718,OMEGA,^210\.30\.44\.51\.06\.001$,family / pattern,pending source review,,pending,pending,
RULE:0719,EBEL,^E?\s*8057B1(?:\/\d+)?$,family / pattern,pending source review,,pending,pending,
RULE:0720,BREMONT,^MBII(?:\s.*)?$,family / pattern,pending source review,,pending,pending,
RULE:0721,OMEGA,^(?:OMEGA\s*)?SEAMASTER$,family / pattern,pending source review,,pending,pending,
RULE:0722,TAG HEUER,^CAY111A(?:[.-].*)?$,family / pattern,pending source review,,pending,pending,
RULE:0723,TUDOR,^M?79012(?:M)?(?:-\d{4})?$,family / pattern,pending source review,,pending,pending,
RULE:0724,TUDOR,^M?79210C(?:NU)?(?:-\d{4})?$,family / pattern,pending source review,,pending,pending,
RULE:0725,OMEGA,^2220\.80(?:\.00)?$,family / pattern,pending source review,,pending,pending,
RULE:0726,CARTIER,^WSSA0029$,family / pattern,pending source review,,pending,pending,
RULE:0727,OMEGA,^212\.30\.41\.20\.03\.001$,family / pattern,pending source review,,pending,pending,
RULE:0728,RAYMOND WEIL,^2785-BKR-20000$,family / pattern,pending source review,,pending,pending,
RULE:0729,RAYMOND WEIL,^2785$,family / pattern,pending source review,,pending,pending,
RULE:0730,TAG HEUER,^WAR211A(?:-?0|[.-].*)?$,family / pattern,pending source review,,pending,pending,
RULE:0731,OMEGA,^SEAMASTER\s*120$,family / pattern,pending source review,,pending,pending,
RULE:0732,IWC,^IW358305$,family / pattern,pending source review,,pending,pending,
RULE:0733,SEIKO,^SLA021J1$,family / pattern,pending source review,,pending,pending,
RULE:0734,BREMONT,^(?:BREMONT\s*)?SUPERMARINE\s*S500$,family / pattern,pending source review,,pending,pending,
RULE:0735,OMEGA,^2225\.80(?:\.00)?$,family / pattern,pending source review,,pending,pending,
RULE:0736,TAG HEUER,^WBN2313(?:[.-].*)?$,family / pattern,pending source review,,pending,pending,
RULE:0737,TAG HEUER,^WBN2010(?:[.-].*)?$,family / pattern,pending source review,,pending,pending,
RULE:0738,TAG HEUER,^CAZ1011(?:[.-].*)?$,family / pattern,pending source review,,pending,pending,
RULE:0739,GRAND SEIKO,^SBGW267(?:G)?$,family / pattern,pending source review,,pending,pending,
RULE:0740,OMEGA,^215\.30\.44\.21\.04\.001$,family / pattern,pending source review,,pending,pending,
RULE:0741,OMEGA,^SEAMASTER\s*PLANET\s*OCEAN$,family / pattern,pending source review,,pending,pending,
RULE:0742,GENERIC,^C1\s*BEL\s*CANTO$,family / pattern,pending source review,,pending,pending,
RULE:0743,BREITLING,^AB2020(?:[A-Z0-9]*)$,family / pattern,pending source review,,pending,pending,
RULE:0744,BREITLING,^A17367(?:[A-Z0-9]*)$,family / pattern,pending source review,,pending,pending,
RULE:0745,JAEGER-LECOULTRE,^841\.8\.37\.S$,family / pattern,pending source review,,pending,pending,
RULE:0746,IWC,^IW327010$,family / pattern,pending source review,,pending,pending,
RULE:0747,BREITLING,^AB0230(?:[A-Z0-9]*)$,family / pattern,pending source review,,pending,pending,
RULE:0748,GRAND SEIKO,^SBGN029(?:G)?$,family / pattern,pending source review,,pending,pending,
RULE:0749,CARTIER,^W5200013$,family / pattern,pending source review,,pending,pending,
RULE:0750,OMEGA,^2221\.80(?:\.00)?$,family / pattern,pending source review,,pending,pending,
RULE:0751,TAG HEUER,^WBP1120(?:[.-].*)?$,family / pattern,pending source review,,pending,pending,
RULE:0752,OMEGA,^2552\.80(?:\.00)?$,family / pattern,pending source review,,pending,pending,
RULE:0753,TAG HEUER,^CAR201W(?:[.-].*)?$,family / pattern,pending source review,,pending,pending,
RULE:0754,LONGINES,^L3\.790\.4(?:\..*)?$,family / pattern,pending source review,,pending,pending,
RULE:0755,OMEGA,^2209\.50(?:\.00)?$,family / pattern,pending source review,,pending,pending,
RULE:0756,OMEGA,^210\.90\.42\.20\.01\.001$,family / pattern,pending source review,,pending,pending,
RULE:0757,GRAND SEIKO,^SBGY007(?:G)?$,family / pattern,pending source review,,pending,pending,
RULE:0758,CHANEL,^H1629$,family / pattern,pending source review,,pending,pending,
RULE:0759,OMEGA,^210\.32\.42\.20\.06\.001$,family / pattern,pending source review,,pending,pending,
RULE:0760,OMEGA,^220\.10\.40\.20\.01\.001$,family / pattern,pending source review,,pending,pending,
RULE:0761,CARTIER,^W25022B9$,family / pattern,pending source review,,pending,pending,
RULE:0762,CARTIER,^W5000356$,family / pattern,pending source review,,pending,pending,
RULE:0763,BREITLING,^A13385(?:[A-Z0-9]*)$,family / pattern,pending source review,,pending,pending,
RULE:0764,BREITLING,^A13313(?:[A-Z0-9]*)$,family / pattern,pending source review,,pending,pending,
RULE:0765,BREITLING,^A17321(?:[A-Z0-9]*)$,family / pattern,pending source review,,pending,pending,
RULE:0766,SINN,^U50(?:[A-Z0-9 -]*)$,family / pattern,pending source review,,pending,pending,
RULE:0767,LEMANIA,^A\.M6B551783\/56$,family / pattern,pending source review,,pending,pending,
RULE:0768,CWC,^6645-99(?:-|\s)?923-7697$,family / pattern,pending source review,,pending,pending,
RULE:0769,GRAND SEIKO,^SBGX261$,family / pattern,pending source review,,pending,pending,
RULE:0770,CHANEL,^J12$,family / pattern,pending source review,,pending,pending,
RULE:0771,TAG HEUER,^WV2413(?:[.-].*)?$,family / pattern,pending source review,,pending,pending,
RULE:0772,IWC,^IW546101$,family / pattern,pending source review,,pending,pending,
RULE:0773,SEIKO,^SLA021J1$,family / pattern,pending source review,,pending,pending,
RULE:0774,STUDIO UNDERD0G,^03SAB-S$,family / pattern,pending source review,,pending,pending,
RULE:0775,LONGINES,^L3\.812\.4(?:\..*)?$,family / pattern,pending source review,,pending,pending,
RULE:0776,LONGINES,^L3\.774\.4(?:\..*)?$,family / pattern,pending source review,,pending,pending,
RULE:0777,IWC,^IW388108$,family / pattern,model reviewed,https://www.iwc.com/ae-en/watches/pilot-watches/iw388108-pilots-watch-chronograph-41-edition-mercedes-amg-petronas,official photograph,pending,2026-10-08
RULE:0778,TAG HEUER,^CV2111(?:[.-].*)?$,family / pattern,pending source review,,pending,pending,
RULE:0779,TAG HEUER,^CBK2110(?:[.-].*)?$,family / pattern,pending source review,,pending,pending,
RULE:0780,LONGINES,^L2\.816\.4(?:\..*)?$,family / pattern,pending source review,,pending,pending,
RULE:0781,LONGINES,^L3\.774\.1(?:\..*)?$,family / pattern,pending source review,,pending,pending,
RULE:0782,LONGINES,^L3\.788\.4(?:\..*)?$,family / pattern,pending source review,,pending,pending,
RULE:0783,TAG HEUER,^WBY1113(?:[.-].*)?$,family / pattern,pending source review,,pending,pending,
RULE:0784,RADO,^734\.0021\.3(?:\..*)?$,family / pattern,pending source review,,pending,pending,
RULE:0785,GIRARD-PERREGAUX,^81005(?:[-.].*)?$,family / pattern,pending source review,,pending,pending,
RULE:0786,BREITLING,^A17395(?:[A-Z0-9.-]*)?$,family / pattern,pending source review,,pending,pending,
RULE:0787,BREITLING,^X82310(?:[A-Z0-9.-]*)?$,family / pattern,pending source review,,pending,pending,
RULE:0788,TUDOR,^79220(?:[A-Z]+)?$,family / pattern,pending source review,,pending,pending,
RULE:0789,HANHART,^417ES$,family / pattern,pending source review,,pending,pending,
RULE:0790,OMEGA,^196\.1522$,family / pattern,pending source review,,pending,pending,
RULE:0791,GRAND SEIKO,^SBGA211$,family / pattern,pending source review,,pending,pending,
RULE:0792,TUDOR,^M?25610T$,family / pattern,pending source review,,pending,pending,
RULE:0793,OMEGA,^(?:OMEGA)?AQUATERRA$,family / pattern,pending source review,,pending,pending,
RULE:0794,OMEGA,^(?:OMEGA)?PLANETOCEAN$,family / pattern,pending source review,,pending,pending,
RULE:0795,LONGINES,^L3\.779\.4(?:\..*)?$,family / pattern,pending source review,,pending,pending,
RULE:0796,TAG HEUER,^CAW211K(?:[.-].*)?$,family / pattern,pending source review,,pending,pending,
RULE:0797,TAG HEUER,^CW2111(?:[.-].*)?$,family / pattern,pending source review,,pending,pending,
RULE:0798,CASIO G-SHOCK,^MRG-B2000(?:[A-Z0-9-]*)?$,family / pattern,pending source review,,pending,pending,
RULE:0799,TAG HEUER,^CAZ101AL(?:[.-].*)?$,family / pattern,pending source review,,pending,pending,
RULE:0800,VERTEX,^ISO(?:\s|-)?6425$,family / pattern,pending source review,,pending,pending,
RULE:0801,BREITLING,^A13320(?:[A-Z0-9.-]*)?$,family / pattern,pending source review,,pending,pending,
RULE:0802,BREITLING,^A13341(?:[A-Z0-9.-]*)?$,family / pattern,pending source review,,pending,pending,
RULE:0803,BREITLING,^A13356(?:[A-Z0-9.-]*)?$,family / pattern,pending source review,,pending,pending,
RULE:0804,BREITLING,^A17377(?:[A-Z0-9.-]*)?$,family / pattern,pending source review,,pending,pending,
RULE:0805,BREITLING,^M17368(?:[A-Z0-9.-]*)?$,family / pattern,pending source review,,pending,pending,
RULE:0806,BREITLING,^D12022(?:[A-Z0-9.-]*)?$,family / pattern,pending source review,,pending,pending,
RULE:0807,LONGINES,^8506$,family / pattern,pending source review,,pending,pending,
RULE:0808,LONGINES,^L2\.628\.4\.786$,family / pattern,pending source review,,pending,pending,
RULE:0809,LONGINES,^L2\.793\.4$,family / pattern,pending source review,,pending,pending,
RULE:0810,LONGINES,^L3\.802\.1$,family / pattern,pending source review,,pending,pending,
RULE:0811,PANERAI,^PAM00320$,family / pattern,pending source review,,pending,pending,
RULE:0812,PANERAI,^FER00007$,family / pattern,pending source review,,pending,pending,
RULE:0813,TAG HEUER,^WW2110\-0$,family / pattern,pending source review,,pending,pending,
RULE:0814,TAG HEUER,^CAV511A(?:[A-Z0-9.-]*)?$,family / pattern,pending source review,,pending,pending,
RULE:0815,TAG HEUER,^CBL2180(?:[A-Z0-9.-]*)?$,family / pattern,pending source review,,pending,pending,
RULE:0816,CARTIER,^W7100056$,family / pattern,pending source review,,pending,pending,
RULE:0817,CARTIER,^W20073X8$,family / pattern,pending source review,,pending,pending,
RULE:0818,CARTIER,^2961$,family / pattern,pending source review,,pending,pending,
RULE:0819,GRAND SEIKO,^SBGN021$,family / pattern,pending source review,,pending,pending,
RULE:0820,IWC,^IW328106$,family / pattern,model reviewed,https://www.iwc.com/gb-en/watches/pilot-watches/iw328106-pilots-watch-automatic-41-top-gun-mojave-desert,official photograph,pending,2026-10-08
RULE:0821,OMEGA,^14384$,family / pattern,pending source review,,pending,pending,
RULE:0822,OMEGA,^3577\.50\.00$,family / pattern,pending source review,,pending,pending,
RULE:0823,OMEGA,^210\.32\.42\.20\.03\.001$,family / pattern,pending source review,,pending,pending,
RULE:0824,OMEGA,^210\.32\.42\.20\.10\.001$,family / pattern,pending source review,,pending,pending,
RULE:0825,OMEGA,^220\.13\.41\.21\.10\.001$,family / pattern,pending source review,,pending,pending,
RULE:0826,TUDOR,^42000C$,family / pattern,pending source review,,pending,pending,
RULE:0827,TUDOR,^70130$,family / pattern,pending source review,,pending,pending,
RULE:0828,OMEGA,^14393$,family / pattern,pending source review,,pending,pending,
RULE:0829,OMEGA,^3570\.50(?:\.00)?$,family / pattern,pending source review,,pending,pending,
RULE:0830,OMEGA,^212\.30\.42\.50\.01\.001$,family / pattern,pending source review,,pending,pending,
RULE:0831,CARTIER,^WSBB0060$,family / pattern,pending source review,,pending,pending,
RULE:0832,CARTIER,^WSBB0009$,family / pattern,pending source review,,pending,pending,
RULE:0833,GRAND SEIKO,^SBGC201$,family / pattern,pending source review,,pending,pending,
RULE:0834,GRAND SEIKO,^SBGW231$,family / pattern,pending source review,,pending,pending,
RULE:0835,LONGINES,^L3\.779\.4(?:\..*)?$,family / pattern,pending source review,,pending,pending,
RULE:0836,PANERAI,^PAM0*1383$,family / pattern,pending source review,,pending,pending,
RULE:0837,BREMONT,^(?:BREMONT)?WR-?22$,family / pattern,pending source review,,pending,pending,
RULE:0838,BREMONT,^(?:BREMONT)?U-?2(?:51)?$,family / pattern,pending source review,,pending,pending,
RULE:0839,SINN,^(?:SINN)?556(?:\..*)?$,family / pattern,pending source review,,pending,pending,
RULE:0840,TUDOR,^79603(?:[A-Z0-9.-]*)?$,family / pattern,pending source review,,pending,pending,
RULE:0841,ROLEX,3546,reference mapping,pending source review,,pending,pending,
RULE:0842,ROLEX,1600,reference mapping,pending source review,,pending,pending,
RULE:0843,ROLEX,1603,reference mapping,pending source review,,pending,pending,
RULE:0844,ROLEX,6426,reference mapping,pending source review,,pending,pending,
RULE:0845,ROLEX,6917,reference mapping,pending source review,,pending,pending,
RULE:0846,ROLEX,69173,reference mapping,pending source review,,pending,pending,
RULE:0847,ROLEX,4542,reference mapping,pending source review,,pending,pending,
RULE:0848,ROLEX,6694,reference mapping,pending source review,,pending,pending,
RULE:0849,ROLEX,6427,reference mapping,pending source review,,pending,pending,
RULE:0850,ROLEX,14010 / 14010M,reference mapping,pending source review,,pending,pending,
RULE:0851,ROLEX,1500,reference mapping,pending source review,,pending,pending,
RULE:0852,ROLEX,15000,reference mapping,pending source review,,pending,pending,
RULE:0853,ROLEX,6204 / 6205,reference mapping,pending source review,,pending,pending,
RULE:0854,ROLEX,6536 / 6538,reference mapping,pending source review,,pending,pending,
RULE:0855,ROLEX,5508,reference mapping,pending source review,,pending,pending,
RULE:0856,ROLEX,5512,reference mapping,pending source review,,pending,pending,
RULE:0857,ROLEX,5513,reference mapping,pending source review,,pending,pending,
RULE:0858,ROLEX,1680,reference mapping,pending source review,,pending,pending,
RULE:0859,ROLEX,1665,reference mapping,pending source review,,pending,pending,
RULE:0860,ROLEX,16800,reference mapping,pending source review,,pending,pending,
RULE:0861,ROLEX,16660,reference mapping,pending source review,,pending,pending,
RULE:0862,ROLEX,16600,reference mapping,pending source review,,pending,pending,
RULE:0863,ROLEX,14060,reference mapping,pending source review,,pending,pending,
RULE:0864,ROLEX,14060M,reference mapping,pending source review,,pending,pending,
RULE:0865,ROLEX,16610 / 16613 / 16618,reference mapping,pending source review,,pending,pending,
RULE:0866,ROLEX,116610 / 116613 / 116619,reference mapping,pending source review,,pending,pending,
RULE:0867,ROLEX,114060,reference mapping,pending source review,,pending,pending,
RULE:0868,ROLEX,116600,reference mapping,pending source review,,pending,pending,
RULE:0869,ROLEX,116660,reference mapping,pending source review,,pending,pending,
RULE:0870,ROLEX,126610 / 126613 / 126618,reference mapping,pending source review,,pending,pending,
RULE:0871,ROLEX,124060,reference mapping,pending source review,,pending,pending,
RULE:0872,ROLEX,126600 / 126603,reference mapping,pending source review,,pending,pending,
RULE:0873,ROLEX,126660 / 136660,reference mapping,pending source review,,pending,pending,
RULE:0874,ROLEX,6542,reference mapping,pending source review,,pending,pending,
RULE:0875,ROLEX,1675,reference mapping,pending source review,,pending,pending,
RULE:0876,ROLEX,16750,reference mapping,pending source review,,pending,pending,
RULE:0877,ROLEX,16760,reference mapping,pending source review,,pending,pending,
RULE:0878,ROLEX,1655,reference mapping,pending source review,,pending,pending,
RULE:0879,ROLEX,16550,reference mapping,pending source review,,pending,pending,
RULE:0880,ROLEX,16570,reference mapping,pending source review,,pending,pending,
RULE:0881,ROLEX,16710,reference mapping,pending source review,,pending,pending,
RULE:0882,ROLEX,116710 / 116713 / 116718,reference mapping,pending source review,,pending,pending,
RULE:0883,ROLEX,216570,reference mapping,pending source review,,pending,pending,
RULE:0884,ROLEX,126710 / 126711 / 126720,reference mapping,pending source review,,pending,pending,
RULE:0885,ROLEX,226570,reference mapping,pending source review,,pending,pending,
RULE:0886,ROLEX,6239 / 6241 / 6263 / 6265,reference mapping,pending source review,,pending,pending,
RULE:0887,ROLEX,16520 / 16523 / 16528,reference mapping,pending source review,,pending,pending,
RULE:0888,ROLEX,116520 / 116500 / 116523,reference mapping,pending source review,,pending,pending,
RULE:0889,ROLEX,126500 / 126506 / 126518,reference mapping,pending source review,,pending,pending,
RULE:0890,ROLEX,6305,reference mapping,pending source review,,pending,pending,
RULE:0891,ROLEX,6605,reference mapping,pending source review,,pending,pending,
RULE:0892,ROLEX,1600 / 1601 / 1603,reference mapping,pending source review,,pending,pending,
RULE:0893,ROLEX,16013 / 16014 / 16030,reference mapping,pending source review,,pending,pending,
RULE:0894,ROLEX,16200 / 16220 / 16233 / 16234,reference mapping,pending source review,,pending,pending,
RULE:0895,ROLEX,116200 / 116233 / 116234,reference mapping,pending source review,,pending,pending,
RULE:0896,ROLEX,116300 / 116333 / 116334,reference mapping,pending source review,,pending,pending,
RULE:0897,ROLEX,126200 / 126233 / 126234,reference mapping,pending source review,,pending,pending,
RULE:0898,ROLEX,126300 / 126333 / 126334,reference mapping,pending source review,,pending,pending,
RULE:0899,ROLEX,6511 / 6611,reference mapping,pending source review,,pending,pending,
RULE:0900,ROLEX,1803 / 1807,reference mapping,pending source review,,pending,pending,
RULE:0901,ROLEX,18038 / 18039,reference mapping,pending source review,,pending,pending,
RULE:0902,ROLEX,18238 / 18239 / 118238,reference mapping,pending source review,,pending,pending,
RULE:0903,ROLEX,218235 / 218238 / 218239,reference mapping,pending source review,,pending,pending,
RULE:0904,ROLEX,228235 / 228238 / 228239,reference mapping,pending source review,,pending,pending,
RULE:0905,ROLEX,128238 / 128239,reference mapping,pending source review,,pending,pending,
RULE:0906,ROLEX,1016,reference mapping,pending source review,,pending,pending,
RULE:0907,ROLEX,5500,reference mapping,pending source review,,pending,pending,
RULE:0908,ROLEX,14270,reference mapping,pending source review,,pending,pending,
RULE:0909,ROLEX,114270,reference mapping,pending source review,,pending,pending,
RULE:0910,ROLEX,114200,reference mapping,pending source review,,pending,pending,
RULE:0911,ROLEX,116400,reference mapping,pending source review,,pending,pending,
RULE:0912,ROLEX,116900,reference mapping,pending source review,,pending,pending,
RULE:0913,ROLEX,214270,reference mapping,pending source review,,pending,pending,
RULE:0914,ROLEX,124270,reference mapping,model reviewed,https://www.rolex.com/watches/explorer/m124270-0001,available,pending,2026-10-08
RULE:0915,ROLEX,224270,reference mapping,pending source review,,pending,pending,
RULE:0916,ROLEX,126900,reference mapping,pending source review,,pending,pending,
RULE:0917,ROLEX,116000,reference mapping,pending source review,,pending,pending,
RULE:0918,ROLEX,114300,reference mapping,pending source review,,pending,pending,
RULE:0919,ROLEX,124200 / 277200 / 277208 / 276200 / 276208,reference mapping,pending source review,,pending,pending,
RULE:0920,ROLEX,126000 / 126003 / 124300 / 134300 / 134303,reference mapping,pending source review,,pending,pending,
RULE:0921,ROLEX,16622 / 16623 / 16628,reference mapping,pending source review,,pending,pending,
RULE:0922,ROLEX,116622 / 116621 / 116655,reference mapping,pending source review,,pending,pending,
RULE:0923,ROLEX,126622 / 126621 / 126655 / 226659 / 226658 / 226627,reference mapping,pending source review,,pending,pending,
RULE:0924,ROLEX,268622 / 268621 / 268655,reference mapping,pending source review,,pending,pending,
RULE:0925,ROLEX,116680 / 116681 / 116688 / 116689,reference mapping,pending source review,,pending,pending,
RULE:0926,ROLEX,126680 / 126688,reference mapping,pending source review,,pending,pending,
RULE:0927,ROLEX,326934 / 326933 / 326935 / 326938 / 326139,reference mapping,pending source review,,pending,pending,
RULE:0928,ROLEX,336934 / 336933 / 336935 / 336938 / 336239,reference mapping,pending source review,,pending,pending,
RULE:0929,ROLEX,127234 / 127334 / 127235 / 127335 / 127236 / 127336 / 127285 / 127385,reference mapping,pending source review,,pending,pending,
RULE:0930,ROLEX,52506 / 52508 / 52509,reference mapping,pending source review,,pending,pending,
RULE:0931,ROLEX,79173,reference mapping,pending source review,,pending,pending,
RULE:0932,ROLEX,176200,reference mapping,pending source review,,pending,pending,
RULE:0933,ROLEX,278240 / 278241 / 278243 / 278271 / 278273 / 278274 / 278275 / 278278 / 278279 / 278288 / 278289,reference mapping,pending source review,,pending,pending,
RULE:0934,ROLEX,279160 / 279161 / 279163 / 279171 / 279173 / 279174 / 279175 / 279178 / 279179 / 279381 / 279383 / 279384,reference mapping,pending source review,,pending,pending,
CATALOGUE:M52506-0003,ROLEX,m52506-0003,catalogue variant,pending source review,https://www.rolex.com/en-gb/watches/1908/m52506-0003,pending,pending,
CATALOGUE:M52508-0002,ROLEX,m52508-0002,catalogue variant,pending source review,https://www.rolex.com/en-gb/watches/1908/m52508-0002,pending,pending,
CATALOGUE:M52508-0005,ROLEX,m52508-0005,catalogue variant,pending source review,https://www.rolex.com/en-gb/watches/1908/m52508-0005,pending,pending,
CATALOGUE:M52508-0006,ROLEX,m52508-0006,catalogue variant,pending source review,https://www.rolex.com/en-gb/watches/1908/m52508-0006,pending,pending,
CATALOGUE:M52508-0007,ROLEX,m52508-0007,catalogue variant,pending source review,https://www.rolex.com/en-gb/watches/1908/m52508-0007,pending,pending,
CATALOGUE:M52508-0008,ROLEX,m52508-0008,catalogue variant,pending source review,https://www.rolex.com/en-gb/watches/1908/m52508-0008,pending,pending,
CATALOGUE:M52509-0002,ROLEX,m52509-0002,catalogue variant,pending source review,https://www.rolex.com/en-gb/watches/1908/m52509-0002,pending,pending,
CATALOGUE:M52509-0005,ROLEX,m52509-0005,catalogue variant,pending source review,https://www.rolex.com/en-gb/watches/1908/m52509-0005,pending,pending,
CATALOGUE:M126900-0001,ROLEX,m126900-0001,catalogue variant,pending source review,https://www.rolex.com/en-gb/watches/air-king/m126900-0001,pending,pending,
CATALOGUE:M126500LN-0001,ROLEX,m126500ln-0001,catalogue variant,pending source review,https://www.rolex.com/en-gb/watches/cosmograph-daytona/m126500ln-0001,pending,pending,
CATALOGUE:M126500LN-0002,ROLEX,m126500ln-0002,catalogue variant,pending source review,https://www.rolex.com/en-gb/watches/cosmograph-daytona/m126500ln-0002,pending,pending,
CATALOGUE:M126503-0001,ROLEX,m126503-0001,catalogue variant,pending source review,https://www.rolex.com/en-gb/watches/cosmograph-daytona/m126503-0001,pending,pending,
CATALOGUE:M126503-0002,ROLEX,m126503-0002,catalogue variant,pending source review,https://www.rolex.com/en-gb/watches/cosmograph-daytona/m126503-0002,pending,pending,
CATALOGUE:M126503-0003,ROLEX,m126503-0003,catalogue variant,pending source review,https://www.rolex.com/en-gb/watches/cosmograph-daytona/m126503-0003,pending,pending,
CATALOGUE:M126503-0004,ROLEX,m126503-0004,catalogue variant,pending source review,https://www.rolex.com/en-gb/watches/cosmograph-daytona/m126503-0004,pending,pending,
CATALOGUE:M126505-0001,ROLEX,m126505-0001,catalogue variant,pending source review,https://www.rolex.com/en-gb/watches/cosmograph-daytona/m126505-0001,pending,pending,
CATALOGUE:M126505-0002,ROLEX,m126505-0002,catalogue variant,pending source review,https://www.rolex.com/en-gb/watches/cosmograph-daytona/m126505-0002,pending,pending,
CATALOGUE:M126505-0003,ROLEX,m126505-0003,catalogue variant,pending source review,https://www.rolex.com/en-gb/watches/cosmograph-daytona/m126505-0003,pending,pending,
CATALOGUE:M126505-0005,ROLEX,m126505-0005,catalogue variant,pending source review,https://www.rolex.com/en-gb/watches/cosmograph-daytona/m126505-0005,pending,pending,
CATALOGUE:M126506-0001,ROLEX,m126506-0001,catalogue variant,pending source review,https://www.rolex.com/en-gb/watches/cosmograph-daytona/m126506-0001,pending,pending,
CATALOGUE:M126506-0002,ROLEX,m126506-0002,catalogue variant,pending source review,https://www.rolex.com/en-gb/watches/cosmograph-daytona/m126506-0002,pending,pending,
CATALOGUE:M126508-0001,ROLEX,m126508-0001,catalogue variant,pending source review,https://www.rolex.com/en-gb/watches/cosmograph-daytona/m126508-0001,pending,pending,
CATALOGUE:M126508-0002,ROLEX,m126508-0002,catalogue variant,pending source review,https://www.rolex.com/en-gb/watches/cosmograph-daytona/m126508-0002,pending,pending,
CATALOGUE:M126508-0003,ROLEX,m126508-0003,catalogue variant,pending source review,https://www.rolex.com/en-gb/watches/cosmograph-daytona/m126508-0003,pending,pending,
CATALOGUE:M126508-0004,ROLEX,m126508-0004,catalogue variant,pending source review,https://www.rolex.com/en-gb/watches/cosmograph-daytona/m126508-0004,pending,pending,
CATALOGUE:M126508-0005,ROLEX,m126508-0005,catalogue variant,pending source review,https://www.rolex.com/en-gb/watches/cosmograph-daytona/m126508-0005,pending,pending,
CATALOGUE:M126508-0006,ROLEX,m126508-0006,catalogue variant,pending source review,https://www.rolex.com/en-gb/watches/cosmograph-daytona/m126508-0006,pending,pending,
CATALOGUE:M126508-0008,ROLEX,m126508-0008,catalogue variant,pending source review,https://www.rolex.com/en-gb/watches/cosmograph-daytona/m126508-0008,pending,pending,
CATALOGUE:M126509-0001,ROLEX,m126509-0001,catalogue variant,pending source review,https://www.rolex.com/en-gb/watches/cosmograph-daytona/m126509-0001,pending,pending,
CATALOGUE:M126509-0002,ROLEX,m126509-0002,catalogue variant,pending source review,https://www.rolex.com/en-gb/watches/cosmograph-daytona/m126509-0002,pending,pending,
CATALOGUE:M126509-0003,ROLEX,m126509-0003,catalogue variant,pending source review,https://www.rolex.com/en-gb/watches/cosmograph-daytona/m126509-0003,pending,pending,
CATALOGUE:M126509-0005,ROLEX,m126509-0005,catalogue variant,pending source review,https://www.rolex.com/en-gb/watches/cosmograph-daytona/m126509-0005,pending,pending,
CATALOGUE:M126515LN-0002,ROLEX,m126515ln-0002,catalogue variant,pending source review,https://www.rolex.com/en-gb/watches/cosmograph-daytona/m126515ln-0002,pending,pending,
CATALOGUE:M126515LN-0004,ROLEX,m126515ln-0004,catalogue variant,pending source review,https://www.rolex.com/en-gb/watches/cosmograph-daytona/m126515ln-0004,pending,pending,
CATALOGUE:M126515LN-0006,ROLEX,m126515ln-0006,catalogue variant,pending source review,https://www.rolex.com/en-gb/watches/cosmograph-daytona/m126515ln-0006,pending,pending,
CATALOGUE:M126515LN-0008,ROLEX,m126515ln-0008,catalogue variant,pending source review,https://www.rolex.com/en-gb/watches/cosmograph-daytona/m126515ln-0008,pending,pending,
CATALOGUE:M126515LN-0010,ROLEX,m126515ln-0010,catalogue variant,pending source review,https://www.rolex.com/en-gb/watches/cosmograph-daytona/m126515ln-0010,pending,pending,
CATALOGUE:M126518LN-0002,ROLEX,m126518ln-0002,catalogue variant,pending source review,https://www.rolex.com/en-gb/watches/cosmograph-daytona/m126518ln-0002,pending,pending,
CATALOGUE:M126518LN-0004,ROLEX,m126518ln-0004,catalogue variant,pending source review,https://www.rolex.com/en-gb/watches/cosmograph-daytona/m126518ln-0004,pending,pending,
CATALOGUE:M126518LN-0006,ROLEX,m126518ln-0006,catalogue variant,pending source review,https://www.rolex.com/en-gb/watches/cosmograph-daytona/m126518ln-0006,pending,pending,
CATALOGUE:M126518LN-0008,ROLEX,m126518ln-0008,catalogue variant,pending source review,https://www.rolex.com/en-gb/watches/cosmograph-daytona/m126518ln-0008,pending,pending,
CATALOGUE:M126518LN-0010,ROLEX,m126518ln-0010,catalogue variant,pending source review,https://www.rolex.com/en-gb/watches/cosmograph-daytona/m126518ln-0010,pending,pending,
CATALOGUE:M126518LN-0012,ROLEX,m126518ln-0012,catalogue variant,pending source review,https://www.rolex.com/en-gb/watches/cosmograph-daytona/m126518ln-0012,pending,pending,
CATALOGUE:M126518LN-0014,ROLEX,m126518ln-0014,catalogue variant,pending source review,https://www.rolex.com/en-gb/watches/cosmograph-daytona/m126518ln-0014,pending,pending,
CATALOGUE:M126518LN-0016,ROLEX,m126518ln-0016,catalogue variant,pending source review,https://www.rolex.com/en-gb/watches/cosmograph-daytona/m126518ln-0016,pending,pending,
CATALOGUE:M126519LN-0002,ROLEX,m126519ln-0002,catalogue variant,pending source review,https://www.rolex.com/en-gb/watches/cosmograph-daytona/m126519ln-0002,pending,pending,
CATALOGUE:M126519LN-0004,ROLEX,m126519ln-0004,catalogue variant,pending source review,https://www.rolex.com/en-gb/watches/cosmograph-daytona/m126519ln-0004,pending,pending,
CATALOGUE:M126519LN-0006,ROLEX,m126519ln-0006,catalogue variant,pending source review,https://www.rolex.com/en-gb/watches/cosmograph-daytona/m126519ln-0006,pending,pending,
CATALOGUE:M126519LN-0007,ROLEX,m126519ln-0007,catalogue variant,pending source review,https://www.rolex.com/en-gb/watches/cosmograph-daytona/m126519ln-0007,pending,pending,
CATALOGUE:M126535TBR-0002,ROLEX,m126535tbr-0002,catalogue variant,pending source review,https://www.rolex.com/en-gb/watches/cosmograph-daytona/m126535tbr-0002,pending,pending,
CATALOGUE:M126538TBR-0004,ROLEX,m126538tbr-0004,catalogue variant,pending source review,https://www.rolex.com/en-gb/watches/cosmograph-daytona/m126538tbr-0004,pending,pending,
CATALOGUE:M126539TBR-0002,ROLEX,m126539tbr-0002,catalogue variant,pending source review,https://www.rolex.com/en-gb/watches/cosmograph-daytona/m126539tbr-0002,pending,pending,
CATALOGUE:M126579RBR-0001,ROLEX,m126579rbr-0001,catalogue variant,pending source review,https://www.rolex.com/en-gb/watches/cosmograph-daytona/m126579rbr-0001,pending,pending,
CATALOGUE:M126589RBR-0001,ROLEX,m126589rbr-0001,catalogue variant,pending source review,https://www.rolex.com/en-gb/watches/cosmograph-daytona/m126589rbr-0001,pending,pending,
CATALOGUE:M126595TBR-0001,ROLEX,m126595tbr-0001,catalogue variant,pending source review,https://www.rolex.com/en-gb/watches/cosmograph-daytona/m126595tbr-0001,pending,pending,
CATALOGUE:M126598TBR-0001,ROLEX,m126598tbr-0001,catalogue variant,pending source review,https://www.rolex.com/en-gb/watches/cosmograph-daytona/m126598tbr-0001,pending,pending,
CATALOGUE:M278240-0001,ROLEX,m278240-0001,catalogue variant,pending source review,https://www.rolex.com/en-gb/watches/datejust/m278240-0001,pending,pending,
CATALOGUE:M278240-0002,ROLEX,m278240-0002,catalogue variant,pending source review,https://www.rolex.com/en-gb/watches/datejust/m278240-0002,pending,pending,
CATALOGUE:M278240-0003,ROLEX,m278240-0003,catalogue variant,pending source review,https://www.rolex.com/en-gb/watches/datejust/m278240-0003,pending,pending,
CATALOGUE:M278240-0004,ROLEX,m278240-0004,catalogue variant,pending source review,https://www.rolex.com/en-gb/watches/datejust/m278240-0004,pending,pending,
CATALOGUE:M278240-0005,ROLEX,m278240-0005,catalogue variant,pending source review,https://www.rolex.com/en-gb/watches/datejust/m278240-0005,pending,pending,
CATALOGUE:M278240-0006,ROLEX,m278240-0006,catalogue variant,pending source review,https://www.rolex.com/en-gb/watches/datejust/m278240-0006,pending,pending,
CATALOGUE:M278240-0007,ROLEX,m278240-0007,catalogue variant,pending source review,https://www.rolex.com/en-gb/watches/datejust/m278240-0007,pending,pending,
CATALOGUE:M278240-0008,ROLEX,m278240-0008,catalogue variant,pending source review,https://www.rolex.com/en-gb/watches/datejust/m278240-0008,pending,pending,
CATALOGUE:M278240-0009,ROLEX,m278240-0009,catalogue variant,pending source review,https://www.rolex.com/en-gb/watches/datejust/m278240-0009,pending,pending,
CATALOGUE:M278240-0010,ROLEX,m278240-0010,catalogue variant,pending source review,https://www.rolex.com/en-gb/watches/datejust/m278240-0010,pending,pending,
CATALOGUE:M278240-0011,ROLEX,m278240-0011,catalogue variant,pending source review,https://www.rolex.com/en-gb/watches/datejust/m278240-0011,pending,pending,
CATALOGUE:M278240-0012,ROLEX,m278240-0012,catalogue variant,pending source review,https://www.rolex.com/en-gb/watches/datejust/m278240-0012,pending,pending,
CATALOGUE:M278240-0013,ROLEX,m278240-0013,catalogue variant,pending source review,https://www.rolex.com/en-gb/watches/datejust/m278240-0013,pending,pending,
CATALOGUE:M278240-0014,ROLEX,m278240-0014,catalogue variant,pending source review,https://www.rolex.com/en-gb/watches/datejust/m278240-0014,pending,pending,
CATALOGUE:M278240-0015,ROLEX,m278240-0015,catalogue variant,pending source review,https://www.rolex.com/en-gb/watches/datejust/m278240-0015,pending,pending,
CATALOGUE:M278240-0016,ROLEX,m278240-0016,catalogue variant,pending source review,https://www.rolex.com/en-gb/watches/datejust/m278240-0016,pending,pending,
CATALOGUE:M278240-0017,ROLEX,m278240-0017,catalogue variant,pending source review,https://www.rolex.com/en-gb/watches/datejust/m278240-0017,pending,pending,
CATALOGUE:M278240-0018,ROLEX,m278240-0018,catalogue variant,pending source review,https://www.rolex.com/en-gb/watches/datejust/m278240-0018,pending,pending,
CATALOGUE:M278241-0001,ROLEX,m278241-0001,catalogue variant,pending source review,https://www.rolex.com/en-gb/watches/datejust/m278241-0001,pending,pending,
CATALOGUE:M278241-0002,ROLEX,m278241-0002,catalogue variant,pending source review,https://www.rolex.com/en-gb/watches/datejust/m278241-0002,pending,pending,
CATALOGUE:M278241-0003,ROLEX,m278241-0003,catalogue variant,pending source review,https://www.rolex.com/en-gb/watches/datejust/m278241-0003,pending,pending,
CATALOGUE:M278241-0004,ROLEX,m278241-0004,catalogue variant,pending source review,https://www.rolex.com/en-gb/watches/datejust/m278241-0004,pending,pending,
CATALOGUE:M278241-0005,ROLEX,m278241-0005,catalogue variant,pending source review,https://www.rolex.com/en-gb/watches/datejust/m278241-0005,pending,pending,
CATALOGUE:M278241-0006,ROLEX,m278241-0006,catalogue variant,pending source review,https://www.rolex.com/en-gb/watches/datejust/m278241-0006,pending,pending,
CATALOGUE:M278241-0009,ROLEX,m278241-0009,catalogue variant,pending source review,https://www.rolex.com/en-gb/watches/datejust/m278241-0009,pending,pending,
CATALOGUE:M278241-0010,ROLEX,m278241-0010,catalogue variant,pending source review,https://www.rolex.com/en-gb/watches/datejust/m278241-0010,pending,pending,
CATALOGUE:M278241-0015,ROLEX,m278241-0015,catalogue variant,pending source review,https://www.rolex.com/en-gb/watches/datejust/m278241-0015,pending,pending,
CATALOGUE:M278241-0016,ROLEX,m278241-0016,catalogue variant,pending source review,https://www.rolex.com/en-gb/watches/datejust/m278241-0016,pending,pending,
CATALOGUE:M278241-0017,ROLEX,m278241-0017,catalogue variant,pending source review,https://www.rolex.com/en-gb/watches/datejust/m278241-0017,pending,pending,
CATALOGUE:M278241-0018,ROLEX,m278241-0018,catalogue variant,pending source review,https://www.rolex.com/en-gb/watches/datejust/m278241-0018,pending,pending,
CATALOGUE:M278241-0019,ROLEX,m278241-0019,catalogue variant,pending source review,https://www.rolex.com/en-gb/watches/datejust/m278241-0019,pending,pending,
CATALOGUE:M278241-0020,ROLEX,m278241-0020,catalogue variant,pending source review,https://www.rolex.com/en-gb/watches/datejust/m278241-0020,pending,pending,
CATALOGUE:M278241-0023,ROLEX,m278241-0023,catalogue variant,pending source review,https://www.rolex.com/en-gb/watches/datejust/m278241-0023,pending,pending,
CATALOGUE:M278241-0024,ROLEX,m278241-0024,catalogue variant,pending source review,https://www.rolex.com/en-gb/watches/datejust/m278241-0024,pending,pending,
CATALOGUE:M278241-0025,ROLEX,m278241-0025,catalogue variant,pending source review,https://www.rolex.com/en-gb/watches/datejust/m278241-0025,pending,pending,
CATALOGUE:M278241-0026,ROLEX,m278241-0026,catalogue variant,pending source review,https://www.rolex.com/en-gb/watches/datejust/m278241-0026,pending,pending,
CATALOGUE:M278241-0027,ROLEX,m278241-0027,catalogue variant,pending source review,https://www.rolex.com/en-gb/watches/datejust/m278241-0027,pending,pending,
CATALOGUE:M278241-0028,ROLEX,m278241-0028,catalogue variant,pending source review,https://www.rolex.com/en-gb/watches/datejust/m278241-0028,pending,pending,
CATALOGUE:M278241-0029,ROLEX,m278241-0029,catalogue variant,pending source review,https://www.rolex.com/en-gb/watches/datejust/m278241-0029,pending,pending,
CATALOGUE:M278241-0030,ROLEX,m278241-0030,catalogue variant,pending source review,https://www.rolex.com/en-gb/watches/datejust/m278241-0030,pending,pending,
CATALOGUE:M278243-0001,ROLEX,m278243-0001,catalogue variant,pending source review,https://www.rolex.com/en-gb/watches/datejust/m278243-0001,pending,pending,
CATALOGUE:M278243-0002,ROLEX,m278243-0002,catalogue variant,pending source review,https://www.rolex.com/en-gb/watches/datejust/m278243-0002,pending,pending,
CATALOGUE:M278243-0003,ROLEX,m278243-0003,catalogue variant,pending source review,https://www.rolex.com/en-gb/watches/datejust/m278243-0003,pending,pending,
CATALOGUE:M278243-0004,ROLEX,m278243-0004,catalogue variant,pending source review,https://www.rolex.com/en-gb/watches/datejust/m278243-0004,pending,pending,
CATALOGUE:M278243-0013,ROLEX,m278243-0013,catalogue variant,pending source review,https://www.rolex.com/en-gb/watches/datejust/m278243-0013,pending,pending,
CATALOGUE:M278243-0014,ROLEX,m278243-0014,catalogue variant,pending source review,https://www.rolex.com/en-gb/watches/datejust/m278243-0014,pending,pending,
CATALOGUE:M278243-0015,ROLEX,m278243-0015,catalogue variant,pending source review,https://www.rolex.com/en-gb/watches/datejust/m278243-0015,pending,pending,
CATALOGUE:M278243-0016,ROLEX,m278243-0016,catalogue variant,pending source review,https://www.rolex.com/en-gb/watches/datejust/m278243-0016,pending,pending,
CATALOGUE:M278243-0017,ROLEX,m278243-0017,catalogue variant,pending source review,https://www.rolex.com/en-gb/watches/datejust/m278243-0017,pending,pending,
CATALOGUE:M278243-0018,ROLEX,m278243-0018,catalogue variant,pending source review,https://www.rolex.com/en-gb/watches/datejust/m278243-0018,pending,pending,
CATALOGUE:M278243-0019,ROLEX,m278243-0019,catalogue variant,pending source review,https://www.rolex.com/en-gb/watches/datejust/m278243-0019,pending,pending,
CATALOGUE:M278243-0020,ROLEX,m278243-0020,catalogue variant,pending source review,https://www.rolex.com/en-gb/watches/datejust/m278243-0020,pending,pending,
CATALOGUE:M278243-0021,ROLEX,m278243-0021,catalogue variant,pending source review,https://www.rolex.com/en-gb/watches/datejust/m278243-0021,pending,pending,
CATALOGUE:M278243-0022,ROLEX,m278243-0022,catalogue variant,pending source review,https://www.rolex.com/en-gb/watches/datejust/m278243-0022,pending,pending,
CATALOGUE:M278243-0023,ROLEX,m278243-0023,catalogue variant,pending source review,https://www.rolex.com/en-gb/watches/datejust/m278243-0023,pending,pending,
CATALOGUE:M278243-0024,ROLEX,m278243-0024,catalogue variant,pending source review,https://www.rolex.com/en-gb/watches/datejust/m278243-0024,pending,pending,
CATALOGUE:M278243-0025,ROLEX,m278243-0025,catalogue variant,pending source review,https://www.rolex.com/en-gb/watches/datejust/m278243-0025,pending,pending,
CATALOGUE:M278243-0026,ROLEX,m278243-0026,catalogue variant,pending source review,https://www.rolex.com/en-gb/watches/datejust/m278243-0026,pending,pending,
CATALOGUE:M278243-0027,ROLEX,m278243-0027,catalogue variant,pending source review,https://www.rolex.com/en-gb/watches/datejust/m278243-0027,pending,pending,
CATALOGUE:M278243-0028,ROLEX,m278243-0028,catalogue variant,pending source review,https://www.rolex.com/en-gb/watches/datejust/m278243-0028,pending,pending,
CATALOGUE:M278243-0029,ROLEX,m278243-0029,catalogue variant,pending source review,https://www.rolex.com/en-gb/watches/datejust/m278243-0029,pending,pending,
CATALOGUE:M278243-0030,ROLEX,m278243-0030,catalogue variant,pending source review,https://www.rolex.com/en-gb/watches/datejust/m278243-0030,pending,pending,
CATALOGUE:M278271-0001,ROLEX,m278271-0001,catalogue variant,pending source review,https://www.rolex.com/en-gb/watches/datejust/m278271-0001,pending,pending,
CATALOGUE:M278271-0002,ROLEX,m278271-0002,catalogue variant,pending source review,https://www.rolex.com/en-gb/watches/datejust/m278271-0002,pending,pending,
CATALOGUE:M278271-0003,ROLEX,m278271-0003,catalogue variant,pending source review,https://www.rolex.com/en-gb/watches/datejust/m278271-0003,pending,pending,
CATALOGUE:M278271-0004,ROLEX,m278271-0004,catalogue variant,pending source review,https://www.rolex.com/en-gb/watches/datejust/m278271-0004,pending,pending,
CATALOGUE:M278271-0005,ROLEX,m278271-0005,catalogue variant,pending source review,https://www.rolex.com/en-gb/watches/datejust/m278271-0005,pending,pending,
CATALOGUE:M278271-0006,ROLEX,m278271-0006,catalogue variant,pending source review,https://www.rolex.com/en-gb/watches/datejust/m278271-0006,pending,pending,
CATALOGUE:M278271-0009,ROLEX,m278271-0009,catalogue variant,pending source review,https://www.rolex.com/en-gb/watches/datejust/m278271-0009,pending,pending,
CATALOGUE:M278271-0010,ROLEX,m278271-0010,catalogue variant,pending source review,https://www.rolex.com/en-gb/watches/datejust/m278271-0010,pending,pending,
CATALOGUE:M278271-0015,ROLEX,m278271-0015,catalogue variant,pending source review,https://www.rolex.com/en-gb/watches/datejust/m278271-0015,pending,pending,
CATALOGUE:M278271-0016,ROLEX,m278271-0016,catalogue variant,pending source review,https://www.rolex.com/en-gb/watches/datejust/m278271-0016,pending,pending,
CATALOGUE:M278271-0017,ROLEX,m278271-0017,catalogue variant,pending source review,https://www.rolex.com/en-gb/watches/datejust/m278271-0017,pending,pending,
CATALOGUE:M278271-0018,ROLEX,m278271-0018,catalogue variant,pending source review,https://www.rolex.com/en-gb/watches/datejust/m278271-0018,pending,pending,
CATALOGUE:M278271-0019,ROLEX,m278271-0019,catalogue variant,pending source review,https://www.rolex.com/en-gb/watches/datejust/m278271-0019,pending,pending,
CATALOGUE:M278271-0020,ROLEX,m278271-0020,catalogue variant,pending source review,https://www.rolex.com/en-gb/watches/datejust/m278271-0020,pending,pending,
CATALOGUE:M278271-0023,ROLEX,m278271-0023,catalogue variant,pending source review,https://www.rolex.com/en-gb/watches/datejust/m278271-0023,pending,pending,
CATALOGUE:M278271-0024,ROLEX,m278271-0024,catalogue variant,pending source review,https://www.rolex.com/en-gb/watches/datejust/m278271-0024,pending,pending,
CATALOGUE:M278271-0025,ROLEX,m278271-0025,catalogue variant,pending source review,https://www.rolex.com/en-gb/watches/datejust/m278271-0025,pending,pending,
CATALOGUE:M278271-0026,ROLEX,m278271-0026,catalogue variant,pending source review,https://www.rolex.com/en-gb/watches/datejust/m278271-0026,pending,pending,
CATALOGUE:M278271-0027,ROLEX,m278271-0027,catalogue variant,pending source review,https://www.rolex.com/en-gb/watches/datejust/m278271-0027,pending,pending,
CATALOGUE:M278271-0028,ROLEX,m278271-0028,catalogue variant,pending source review,https://www.rolex.com/en-gb/watches/datejust/m278271-0028,pending,pending,
CATALOGUE:M278271-0029,ROLEX,m278271-0029,catalogue variant,pending source review,https://www.rolex.com/en-gb/watches/datejust/m278271-0029,pending,pending,
CATALOGUE:M278271-0030,ROLEX,m278271-0030,catalogue variant,pending source review,https://www.rolex.com/en-gb/watches/datejust/m278271-0030,pending,pending,
CATALOGUE:M278273-0001,ROLEX,m278273-0001,catalogue variant,pending source review,https://www.rolex.com/en-gb/watches/datejust/m278273-0001,pending,pending,
CATALOGUE:M278273-0002,ROLEX,m278273-0002,catalogue variant,pending source review,https://www.rolex.com/en-gb/watches/datejust/m278273-0002,pending,pending,
CATALOGUE:M278273-0003,ROLEX,m278273-0003,catalogue variant,pending source review,https://www.rolex.com/en-gb/watches/datejust/m278273-0003,pending,pending,
CATALOGUE:M278273-0004,ROLEX,m278273-0004,catalogue variant,pending source review,https://www.rolex.com/en-gb/watches/datejust/m278273-0004,pending,pending,
CATALOGUE:M278273-0013,ROLEX,m278273-0013,catalogue variant,pending source review,https://www.rolex.com/en-gb/watches/datejust/m278273-0013,pending,pending,
CATALOGUE:M278273-0014,ROLEX,m278273-0014,catalogue variant,pending source review,https://www.rolex.com/en-gb/watches/datejust/m278273-0014,pending,pending,
CATALOGUE:M278273-0015,ROLEX,m278273-0015,catalogue variant,pending source review,https://www.rolex.com/en-gb/watches/datejust/m278273-0015,pending,pending,
CATALOGUE:M278273-0016,ROLEX,m278273-0016,catalogue variant,pending source review,https://www.rolex.com/en-gb/watches/datejust/m278273-0016,pending,pending,
CATALOGUE:M278273-0017,ROLEX,m278273-0017,catalogue variant,pending source review,https://www.rolex.com/en-gb/watches/datejust/m278273-0017,pending,pending,
CATALOGUE:M278273-0018,ROLEX,m278273-0018,catalogue variant,pending source review,https://www.rolex.com/en-gb/watches/datejust/m278273-0018,pending,pending,
CATALOGUE:M278273-0019,ROLEX,m278273-0019,catalogue variant,pending source review,https://www.rolex.com/en-gb/watches/datejust/m278273-0019,pending,pending,
CATALOGUE:M278273-0020,ROLEX,m278273-0020,catalogue variant,pending source review,https://www.rolex.com/en-gb/watches/datejust/m278273-0020,pending,pending,
CATALOGUE:M278273-0021,ROLEX,m278273-0021,catalogue variant,pending source review,https://www.rolex.com/en-gb/watches/datejust/m278273-0021,pending,pending,
CATALOGUE:M278273-0022,ROLEX,m278273-0022,catalogue variant,pending source review,https://www.rolex.com/en-gb/watches/datejust/m278273-0022,pending,pending,
CATALOGUE:M278273-0023,ROLEX,m278273-0023,catalogue variant,pending source review,https://www.rolex.com/en-gb/watches/datejust/m278273-0023,pending,pending,
CATALOGUE:M278273-0024,ROLEX,m278273-0024,catalogue variant,pending source review,https://www.rolex.com/en-gb/watches/datejust/m278273-0024,pending,pending,
CATALOGUE:M278273-0025,ROLEX,m278273-0025,catalogue variant,pending source review,https://www.rolex.com/en-gb/watches/datejust/m278273-0025,pending,pending,
CATALOGUE:M278273-0026,ROLEX,m278273-0026,catalogue variant,pending source review,https://www.rolex.com/en-gb/watches/datejust/m278273-0026,pending,pending,
CATALOGUE:M278273-0027,ROLEX,m278273-0027,catalogue variant,pending source review,https://www.rolex.com/en-gb/watches/datejust/m278273-0027,pending,pending,
CATALOGUE:M278273-0028,ROLEX,m278273-0028,catalogue variant,pending source review,https://www.rolex.com/en-gb/watches/datejust/m278273-0028,pending,pending,
CATALOGUE:M278273-0029,ROLEX,m278273-0029,catalogue variant,pending source review,https://www.rolex.com/en-gb/watches/datejust/m278273-0029,pending,pending,
CATALOGUE:M278273-0030,ROLEX,m278273-0030,catalogue variant,pending source review,https://www.rolex.com/en-gb/watches/datejust/m278273-0030,pending,pending,
CATALOGUE:M278274-0001,ROLEX,m278274-0001,catalogue variant,pending source review,https://www.rolex.com/en-gb/watches/datejust/m278274-0001,pending,pending,
CATALOGUE:M278274-0002,ROLEX,m278274-0002,catalogue variant,pending source review,https://www.rolex.com/en-gb/watches/datejust/m278274-0002,pending,pending,
CATALOGUE:M278274-0005,ROLEX,m278274-0005,catalogue variant,pending source review,https://www.rolex.com/en-gb/watches/datejust/m278274-0005,pending,pending,
CATALOGUE:M278274-0006,ROLEX,m278274-0006,catalogue variant,pending source review,https://www.rolex.com/en-gb/watches/datejust/m278274-0006,pending,pending,
CATALOGUE:M278274-0007,ROLEX,m278274-0007,catalogue variant,pending source review,https://www.rolex.com/en-gb/watches/datejust/m278274-0007,pending,pending,
CATALOGUE:M278274-0008,ROLEX,m278274-0008,catalogue variant,pending source review,https://www.rolex.com/en-gb/watches/datejust/m278274-0008,pending,pending,
CATALOGUE:M278274-0009,ROLEX,m278274-0009,catalogue variant,pending source review,https://www.rolex.com/en-gb/watches/datejust/m278274-0009,pending,pending,
CATALOGUE:M278274-0010,ROLEX,m278274-0010,catalogue variant,pending source review,https://www.rolex.com/en-gb/watches/datejust/m278274-0010,pending,pending,
CATALOGUE:M278274-0011,ROLEX,m278274-0011,catalogue variant,pending source review,https://www.rolex.com/en-gb/watches/datejust/m278274-0011,pending,pending,
CATALOGUE:M278274-0012,ROLEX,m278274-0012,catalogue variant,pending source review,https://www.rolex.com/en-gb/watches/datejust/m278274-0012,pending,pending,
CATALOGUE:M278274-0013,ROLEX,m278274-0013,catalogue variant,pending source review,https://www.rolex.com/en-gb/watches/datejust/m278274-0013,pending,pending,
CATALOGUE:M278274-0014,ROLEX,m278274-0014,catalogue variant,pending source review,https://www.rolex.com/en-gb/watches/datejust/m278274-0014,pending,pending,
CATALOGUE:M278274-0015,ROLEX,m278274-0015,catalogue variant,pending source review,https://www.rolex.com/en-gb/watches/datejust/m278274-0015,pending,pending,
CATALOGUE:M278274-0016,ROLEX,m278274-0016,catalogue variant,pending source review,https://www.rolex.com/en-gb/watches/datejust/m278274-0016,pending,pending,
CATALOGUE:M278274-0017,ROLEX,m278274-0017,catalogue variant,pending source review,https://www.rolex.com/en-gb/watches/datejust/m278274-0017,pending,pending,
CATALOGUE:M278274-0018,ROLEX,m278274-0018,catalogue variant,pending source review,https://www.rolex.com/en-gb/watches/datejust/m278274-0018,pending,pending,
CATALOGUE:M278274-0019,ROLEX,m278274-0019,catalogue variant,pending source review,https://www.rolex.com/en-gb/watches/datejust/m278274-0019,pending,pending,
CATALOGUE:M278274-0020,ROLEX,m278274-0020,catalogue variant,pending source review,https://www.rolex.com/en-gb/watches/datejust/m278274-0020,pending,pending,
CATALOGUE:M278274-0021,ROLEX,m278274-0021,catalogue variant,pending source review,https://www.rolex.com/en-gb/watches/datejust/m278274-0021,pending,pending,
CATALOGUE:M278274-0022,ROLEX,m278274-0022,catalogue variant,pending source review,https://www.rolex.com/en-gb/watches/datejust/m278274-0022,pending,pending,
CATALOGUE:M278274-0023,ROLEX,m278274-0023,catalogue variant,pending source review,https://www.rolex.com/en-gb/watches/datejust/m278274-0023,pending,pending,
CATALOGUE:M278274-0024,ROLEX,m278274-0024,catalogue variant,pending source review,https://www.rolex.com/en-gb/watches/datejust/m278274-0024,pending,pending,
CATALOGUE:M278274-0025,ROLEX,m278274-0025,catalogue variant,pending source review,https://www.rolex.com/en-gb/watches/datejust/m278274-0025,pending,pending,
CATALOGUE:M278274-0026,ROLEX,m278274-0026,catalogue variant,pending source review,https://www.rolex.com/en-gb/watches/datejust/m278274-0026,pending,pending,
CATALOGUE:M278274-0027,ROLEX,m278274-0027,catalogue variant,pending source review,https://www.rolex.com/en-gb/watches/datejust/m278274-0027,pending,pending,
CATALOGUE:M278274-0028,ROLEX,m278274-0028,catalogue variant,pending source review,https://www.rolex.com/en-gb/watches/datejust/m278274-0028,pending,pending,
CATALOGUE:M278274-0029,ROLEX,m278274-0029,catalogue variant,pending source review,https://www.rolex.com/en-gb/watches/datejust/m278274-0029,pending,pending,
CATALOGUE:M278274-0030,ROLEX,m278274-0030,catalogue variant,pending source review,https://www.rolex.com/en-gb/watches/datejust/m278274-0030,pending,pending,
CATALOGUE:M278274-0031,ROLEX,m278274-0031,catalogue variant,pending source review,https://www.rolex.com/en-gb/watches/datejust/m278274-0031,pending,pending,
CATALOGUE:M278274-0032,ROLEX,m278274-0032,catalogue variant,pending source review,https://www.rolex.com/en-gb/watches/datejust/m278274-0032,pending,pending,
CATALOGUE:M278274-0033,ROLEX,m278274-0033,catalogue variant,pending source review,https://www.rolex.com/en-gb/watches/datejust/m278274-0033,pending,pending,
CATALOGUE:M278274-0034,ROLEX,m278274-0034,catalogue variant,pending source review,https://www.rolex.com/en-gb/watches/datejust/m278274-0034,pending,pending,
CATALOGUE:M278275-0009,ROLEX,m278275-0009,catalogue variant,pending source review,https://www.rolex.com/en-gb/watches/datejust/m278275-0009,pending,pending,
CATALOGUE:M278275-0010,ROLEX,m278275-0010,catalogue variant,pending source review,https://www.rolex.com/en-gb/watches/datejust/m278275-0010,pending,pending,
CATALOGUE:M278275-0019,ROLEX,m278275-0019,catalogue variant,pending source review,https://www.rolex.com/en-gb/watches/datejust/m278275-0019,pending,pending,
CATALOGUE:M278275-0025,ROLEX,m278275-0025,catalogue variant,pending source review,https://www.rolex.com/en-gb/watches/datejust/m278275-0025,pending,pending,
CATALOGUE:M278275-0027,ROLEX,m278275-0027,catalogue variant,pending source review,https://www.rolex.com/en-gb/watches/datejust/m278275-0027,pending,pending,
CATALOGUE:M278275-0029,ROLEX,m278275-0029,catalogue variant,pending source review,https://www.rolex.com/en-gb/watches/datejust/m278275-0029,pending,pending,
CATALOGUE:M278275-0031,ROLEX,m278275-0031,catalogue variant,pending source review,https://www.rolex.com/en-gb/watches/datejust/m278275-0031,pending,pending,
CATALOGUE:M278275-0033,ROLEX,m278275-0033,catalogue variant,pending source review,https://www.rolex.com/en-gb/watches/datejust/m278275-0033,pending,pending,
CATALOGUE:M278275-0035,ROLEX,m278275-0035,catalogue variant,pending source review,https://www.rolex.com/en-gb/watches/datejust/m278275-0035,pending,pending,
CATALOGUE:M278275-0037,ROLEX,m278275-0037,catalogue variant,pending source review,https://www.rolex.com/en-gb/watches/datejust/m278275-0037,pending,pending,
CATALOGUE:M278275-0039,ROLEX,m278275-0039,catalogue variant,pending source review,https://www.rolex.com/en-gb/watches/datejust/m278275-0039,pending,pending,
CATALOGUE:M278278-0009,ROLEX,m278278-0009,catalogue variant,pending source review,https://www.rolex.com/en-gb/watches/datejust/m278278-0009,pending,pending,
CATALOGUE:M278278-0010,ROLEX,m278278-0010,catalogue variant,pending source review,https://www.rolex.com/en-gb/watches/datejust/m278278-0010,pending,pending,
CATALOGUE:M278278-0011,ROLEX,m278278-0011,catalogue variant,pending source review,https://www.rolex.com/en-gb/watches/datejust/m278278-0011,pending,pending,
CATALOGUE:M278278-0020,ROLEX,m278278-0020,catalogue variant,pending source review,https://www.rolex.com/en-gb/watches/datejust/m278278-0020,pending,pending,
CATALOGUE:M278278-0028,ROLEX,m278278-0028,catalogue variant,pending source review,https://www.rolex.com/en-gb/watches/datejust/m278278-0028,pending,pending,
CATALOGUE:M278278-0030,ROLEX,m278278-0030,catalogue variant,pending source review,https://www.rolex.com/en-gb/watches/datejust/m278278-0030,pending,pending,
CATALOGUE:M278278-0032,ROLEX,m278278-0032,catalogue variant,pending source review,https://www.rolex.com/en-gb/watches/datejust/m278278-0032,pending,pending,
CATALOGUE:M278278-0034,ROLEX,m278278-0034,catalogue variant,pending source review,https://www.rolex.com/en-gb/watches/datejust/m278278-0034,pending,pending,
CATALOGUE:M278278-0036,ROLEX,m278278-0036,catalogue variant,pending source review,https://www.rolex.com/en-gb/watches/datejust/m278278-0036,pending,pending,
CATALOGUE:M278278-0038,ROLEX,m278278-0038,catalogue variant,pending source review,https://www.rolex.com/en-gb/watches/datejust/m278278-0038,pending,pending,
CATALOGUE:M278278-0040,ROLEX,m278278-0040,catalogue variant,pending source review,https://www.rolex.com/en-gb/watches/datejust/m278278-0040,pending,pending,
CATALOGUE:M278278-0049,ROLEX,m278278-0049,catalogue variant,pending source review,https://www.rolex.com/en-gb/watches/datejust/m278278-0049,pending,pending,
CATALOGUE:M278285RBR-0005,ROLEX,m278285rbr-0005,catalogue variant,pending source review,https://www.rolex.com/en-gb/watches/datejust/m278285rbr-0005,pending,pending,
CATALOGUE:M278285RBR-0006,ROLEX,m278285rbr-0006,catalogue variant,pending source review,https://www.rolex.com/en-gb/watches/datejust/m278285rbr-0006,pending,pending,
CATALOGUE:M278285RBR-0008,ROLEX,m278285rbr-0008,catalogue variant,pending source review,https://www.rolex.com/en-gb/watches/datejust/m278285rbr-0008,pending,pending,
CATALOGUE:M278285RBR-0016,ROLEX,m278285rbr-0016,catalogue variant,pending source review,https://www.rolex.com/en-gb/watches/datejust/m278285rbr-0016,pending,pending,
CATALOGUE:M278285RBR-0018,ROLEX,m278285rbr-0018,catalogue variant,pending source review,https://www.rolex.com/en-gb/watches/datejust/m278285rbr-0018,pending,pending,
CATALOGUE:M278285RBR-0021,ROLEX,m278285rbr-0021,catalogue variant,pending source review,https://www.rolex.com/en-gb/watches/datejust/m278285rbr-0021,pending,pending,
CATALOGUE:M278285RBR-0023,ROLEX,m278285rbr-0023,catalogue variant,pending source review,https://www.rolex.com/en-gb/watches/datejust/m278285rbr-0023,pending,pending,
CATALOGUE:M278285RBR-0025,ROLEX,m278285rbr-0025,catalogue variant,pending source review,https://www.rolex.com/en-gb/watches/datejust/m278285rbr-0025,pending,pending,
CATALOGUE:M278285RBR-0027,ROLEX,m278285rbr-0027,catalogue variant,pending source review,https://www.rolex.com/en-gb/watches/datejust/m278285rbr-0027,pending,pending,
CATALOGUE:M278285RBR-0029,ROLEX,m278285rbr-0029,catalogue variant,pending source review,https://www.rolex.com/en-gb/watches/datejust/m278285rbr-0029,pending,pending,
CATALOGUE:M278285RBR-0030,ROLEX,m278285rbr-0030,catalogue variant,pending source review,https://www.rolex.com/en-gb/watches/datejust/m278285rbr-0030,pending,pending,
CATALOGUE:M278288RBR-0005,ROLEX,m278288rbr-0005,catalogue variant,pending source review,https://www.rolex.com/en-gb/watches/datejust/m278288rbr-0005,pending,pending,
CATALOGUE:M278288RBR-0006,ROLEX,m278288rbr-0006,catalogue variant,pending source review,https://www.rolex.com/en-gb/watches/datejust/m278288rbr-0006,pending,pending,
CATALOGUE:M278288RBR-0007,ROLEX,m278288rbr-0007,catalogue variant,pending source review,https://www.rolex.com/en-gb/watches/datejust/m278288rbr-0007,pending,pending,
CATALOGUE:M278288RBR-0009,ROLEX,m278288rbr-0009,catalogue variant,pending source review,https://www.rolex.com/en-gb/watches/datejust/m278288rbr-0009,pending,pending,
CATALOGUE:M278288RBR-0020,ROLEX,m278288rbr-0020,catalogue variant,pending source review,https://www.rolex.com/en-gb/watches/datejust/m278288rbr-0020,pending,pending,
CATALOGUE:M278288RBR-0022,ROLEX,m278288rbr-0022,catalogue variant,pending source review,https://www.rolex.com/en-gb/watches/datejust/m278288rbr-0022,pending,pending,
CATALOGUE:M278288RBR-0024,ROLEX,m278288rbr-0024,catalogue variant,pending source review,https://www.rolex.com/en-gb/watches/datejust/m278288rbr-0024,pending,pending,
CATALOGUE:M278288RBR-0026,ROLEX,m278288rbr-0026,catalogue variant,pending source review,https://www.rolex.com/en-gb/watches/datejust/m278288rbr-0026,pending,pending,
CATALOGUE:M278288RBR-0028,ROLEX,m278288rbr-0028,catalogue variant,pending source review,https://www.rolex.com/en-gb/watches/datejust/m278288rbr-0028,pending,pending,
CATALOGUE:M278288RBR-0030,ROLEX,m278288rbr-0030,catalogue variant,pending source review,https://www.rolex.com/en-gb/watches/datejust/m278288rbr-0030,pending,pending,
CATALOGUE:M278288RBR-0032,ROLEX,m278288rbr-0032,catalogue variant,pending source review,https://www.rolex.com/en-gb/watches/datejust/m278288rbr-0032,pending,pending,
CATALOGUE:M278288RBR-0041,ROLEX,m278288rbr-0041,catalogue variant,pending source review,https://www.rolex.com/en-gb/watches/datejust/m278288rbr-0041,pending,pending,
CATALOGUE:M278289RBR-0005,ROLEX,m278289rbr-0005,catalogue variant,pending source review,https://www.rolex.com/en-gb/watches/datejust/m278289rbr-0005,pending,pending,
CATALOGUE:M278289RBR-0006,ROLEX,m278289rbr-0006,catalogue variant,pending source review,https://www.rolex.com/en-gb/watches/datejust/m278289rbr-0006,pending,pending,
CATALOGUE:M278289RBR-0007,ROLEX,m278289rbr-0007,catalogue variant,pending source review,https://www.rolex.com/en-gb/watches/datejust/m278289rbr-0007,pending,pending,
CATALOGUE:M278289RBR-0011,ROLEX,m278289rbr-0011,catalogue variant,pending source review,https://www.rolex.com/en-gb/watches/datejust/m278289rbr-0011,pending,pending,
CATALOGUE:M278289RBR-0012,ROLEX,m278289rbr-0012,catalogue variant,pending source review,https://www.rolex.com/en-gb/watches/datejust/m278289rbr-0012,pending,pending,
CATALOGUE:M278289RBR-0013,ROLEX,m278289rbr-0013,catalogue variant,pending source review,https://www.rolex.com/en-gb/watches/datejust/m278289rbr-0013,pending,pending,
CATALOGUE:M278289RBR-0014,ROLEX,m278289rbr-0014,catalogue variant,pending source review,https://www.rolex.com/en-gb/watches/datejust/m278289rbr-0014,pending,pending,
CATALOGUE:M278289RBR-0015,ROLEX,m278289rbr-0015,catalogue variant,pending source review,https://www.rolex.com/en-gb/watches/datejust/m278289rbr-0015,pending,pending,
CATALOGUE:M278289RBR-0016,ROLEX,m278289rbr-0016,catalogue variant,pending source review,https://www.rolex.com/en-gb/watches/datejust/m278289rbr-0016,pending,pending,
CATALOGUE:M278289RBR-0017,ROLEX,m278289rbr-0017,catalogue variant,pending source review,https://www.rolex.com/en-gb/watches/datejust/m278289rbr-0017,pending,pending,
CATALOGUE:M278289RBR-0018,ROLEX,m278289rbr-0018,catalogue variant,pending source review,https://www.rolex.com/en-gb/watches/datejust/m278289rbr-0018,pending,pending,
CATALOGUE:M278289RBR-0019,ROLEX,m278289rbr-0019,catalogue variant,pending source review,https://www.rolex.com/en-gb/watches/datejust/m278289rbr-0019,pending,pending,
CATALOGUE:M278289RBR-0020,ROLEX,m278289rbr-0020,catalogue variant,pending source review,https://www.rolex.com/en-gb/watches/datejust/m278289rbr-0020,pending,pending,
CATALOGUE:M278289RBR-0021,ROLEX,m278289rbr-0021,catalogue variant,pending source review,https://www.rolex.com/en-gb/watches/datejust/m278289rbr-0021,pending,pending,
CATALOGUE:M278289RBR-0022,ROLEX,m278289rbr-0022,catalogue variant,pending source review,https://www.rolex.com/en-gb/watches/datejust/m278289rbr-0022,pending,pending,
CATALOGUE:M278289RBR-0023,ROLEX,m278289rbr-0023,catalogue variant,pending source review,https://www.rolex.com/en-gb/watches/datejust/m278289rbr-0023,pending,pending,
CATALOGUE:M278289RBR-0028,ROLEX,m278289rbr-0028,catalogue variant,pending source review,https://www.rolex.com/en-gb/watches/datejust/m278289rbr-0028,pending,pending,
CATALOGUE:M278341RBR-0001,ROLEX,m278341rbr-0001,catalogue variant,pending source review,https://www.rolex.com/en-gb/watches/datejust/m278341rbr-0001,pending,pending,
CATALOGUE:M278341RBR-0002,ROLEX,m278341rbr-0002,catalogue variant,pending source review,https://www.rolex.com/en-gb/watches/datejust/m278341rbr-0002,pending,pending,
CATALOGUE:M278341RBR-0003,ROLEX,m278341rbr-0003,catalogue variant,pending source review,https://www.rolex.com/en-gb/watches/datejust/m278341rbr-0003,pending,pending,
CATALOGUE:M278341RBR-0004,ROLEX,m278341rbr-0004,catalogue variant,pending source review,https://www.rolex.com/en-gb/watches/datejust/m278341rbr-0004,pending,pending,
CATALOGUE:M278341RBR-0005,ROLEX,m278341rbr-0005,catalogue variant,pending source review,https://www.rolex.com/en-gb/watches/datejust/m278341rbr-0005,pending,pending,
CATALOGUE:M278341RBR-0006,ROLEX,m278341rbr-0006,catalogue variant,pending source review,https://www.rolex.com/en-gb/watches/datejust/m278341rbr-0006,pending,pending,
CATALOGUE:M278341RBR-0009,ROLEX,m278341rbr-0009,catalogue variant,pending source review,https://www.rolex.com/en-gb/watches/datejust/m278341rbr-0009,pending,pending,
CATALOGUE:M278341RBR-0010,ROLEX,m278341rbr-0010,catalogue variant,pending source review,https://www.rolex.com/en-gb/watches/datejust/m278341rbr-0010,pending,pending,
CATALOGUE:M278341RBR-0015,ROLEX,m278341rbr-0015,catalogue variant,pending source review,https://www.rolex.com/en-gb/watches/datejust/m278341rbr-0015,pending,pending,
CATALOGUE:M278341RBR-0016,ROLEX,m278341rbr-0016,catalogue variant,pending source review,https://www.rolex.com/en-gb/watches/datejust/m278341rbr-0016,pending,pending,
CATALOGUE:M278341RBR-0017,ROLEX,m278341rbr-0017,catalogue variant,pending source review,https://www.rolex.com/en-gb/watches/datejust/m278341rbr-0017,pending,pending,
CATALOGUE:M278341RBR-0018,ROLEX,m278341rbr-0018,catalogue variant,pending source review,https://www.rolex.com/en-gb/watches/datejust/m278341rbr-0018,pending,pending,
CATALOGUE:M278341RBR-0019,ROLEX,m278341rbr-0019,catalogue variant,pending source review,https://www.rolex.com/en-gb/watches/datejust/m278341rbr-0019,pending,pending,
CATALOGUE:M278341RBR-0020,ROLEX,m278341rbr-0020,catalogue variant,pending source review,https://www.rolex.com/en-gb/watches/datejust/m278341rbr-0020,pending,pending,
CATALOGUE:M278341RBR-0023,ROLEX,m278341rbr-0023,catalogue variant,pending source review,https://www.rolex.com/en-gb/watches/datejust/m278341rbr-0023,pending,pending,
CATALOGUE:M278341RBR-0024,ROLEX,m278341rbr-0024,catalogue variant,pending source review,https://www.rolex.com/en-gb/watches/datejust/m278341rbr-0024,pending,pending,
CATALOGUE:M278341RBR-0025,ROLEX,m278341rbr-0025,catalogue variant,pending source review,https://www.rolex.com/en-gb/watches/datejust/m278341rbr-0025,pending,pending,
CATALOGUE:M278341RBR-0026,ROLEX,m278341rbr-0026,catalogue variant,pending source review,https://www.rolex.com/en-gb/watches/datejust/m278341rbr-0026,pending,pending,
CATALOGUE:M278341RBR-0027,ROLEX,m278341rbr-0027,catalogue variant,pending source review,https://www.rolex.com/en-gb/watches/datejust/m278341rbr-0027,pending,pending,
CATALOGUE:M278341RBR-0028,ROLEX,m278341rbr-0028,catalogue variant,pending source review,https://www.rolex.com/en-gb/watches/datejust/m278341rbr-0028,pending,pending,
CATALOGUE:M278341RBR-0029,ROLEX,m278341rbr-0029,catalogue variant,pending source review,https://www.rolex.com/en-gb/watches/datejust/m278341rbr-0029,pending,pending,
CATALOGUE:M278341RBR-0030,ROLEX,m278341rbr-0030,catalogue variant,pending source review,https://www.rolex.com/en-gb/watches/datejust/m278341rbr-0030,pending,pending,
CATALOGUE:M278343RBR-0001,ROLEX,m278343rbr-0001,catalogue variant,pending source review,https://www.rolex.com/en-gb/watches/datejust/m278343rbr-0001,pending,pending,
CATALOGUE:M278343RBR-0002,ROLEX,m278343rbr-0002,catalogue variant,pending source review,https://www.rolex.com/en-gb/watches/datejust/m278343rbr-0002,pending,pending,
CATALOGUE:M278343RBR-0003,ROLEX,m278343rbr-0003,catalogue variant,pending source review,https://www.rolex.com/en-gb/watches/datejust/m278343rbr-0003,pending,pending,
CATALOGUE:M278343RBR-0004,ROLEX,m278343rbr-0004,catalogue variant,pending source review,https://www.rolex.com/en-gb/watches/datejust/m278343rbr-0004,pending,pending,
CATALOGUE:M278343RBR-0013,ROLEX,m278343rbr-0013,catalogue variant,pending source review,https://www.rolex.com/en-gb/watches/datejust/m278343rbr-0013,pending,pending,
CATALOGUE:M278343RBR-0014,ROLEX,m278343rbr-0014,catalogue variant,pending source review,https://www.rolex.com/en-gb/watches/datejust/m278343rbr-0014,pending,pending,
CATALOGUE:M278343RBR-0015,ROLEX,m278343rbr-0015,catalogue variant,pending source review,https://www.rolex.com/en-gb/watches/datejust/m278343rbr-0015,pending,pending,
CATALOGUE:M278343RBR-0016,ROLEX,m278343rbr-0016,catalogue variant,pending source review,https://www.rolex.com/en-gb/watches/datejust/m278343rbr-0016,pending,pending,
CATALOGUE:M278343RBR-0017,ROLEX,m278343rbr-0017,catalogue variant,pending source review,https://www.rolex.com/en-gb/watches/datejust/m278343rbr-0017,pending,pending,
CATALOGUE:M278343RBR-0018,ROLEX,m278343rbr-0018,catalogue variant,pending source review,https://www.rolex.com/en-gb/watches/datejust/m278343rbr-0018,pending,pending,
CATALOGUE:M278343RBR-0019,ROLEX,m278343rbr-0019,catalogue variant,pending source review,https://www.rolex.com/en-gb/watches/datejust/m278343rbr-0019,pending,pending,
CATALOGUE:M278343RBR-0020,ROLEX,m278343rbr-0020,catalogue variant,pending source review,https://www.rolex.com/en-gb/watches/datejust/m278343rbr-0020,pending,pending,
CATALOGUE:M278343RBR-0021,ROLEX,m278343rbr-0021,catalogue variant,pending source review,https://www.rolex.com/en-gb/watches/datejust/m278343rbr-0021,pending,pending,
CATALOGUE:M278343RBR-0022,ROLEX,m278343rbr-0022,catalogue variant,pending source review,https://www.rolex.com/en-gb/watches/datejust/m278343rbr-0022,pending,pending,
CATALOGUE:M278343RBR-0023,ROLEX,m278343rbr-0023,catalogue variant,pending source review,https://www.rolex.com/en-gb/watches/datejust/m278343rbr-0023,pending,pending,
CATALOGUE:M278343RBR-0024,ROLEX,m278343rbr-0024,catalogue variant,pending source review,https://www.rolex.com/en-gb/watches/datejust/m278343rbr-0024,pending,pending,
CATALOGUE:M278343RBR-0025,ROLEX,m278343rbr-0025,catalogue variant,pending source review,https://www.rolex.com/en-gb/watches/datejust/m278343rbr-0025,pending,pending,
CATALOGUE:M278343RBR-0026,ROLEX,m278343rbr-0026,catalogue variant,pending source review,https://www.rolex.com/en-gb/watches/datejust/m278343rbr-0026,pending,pending,
CATALOGUE:M278343RBR-0027,ROLEX,m278343rbr-0027,catalogue variant,pending source review,https://www.rolex.com/en-gb/watches/datejust/m278343rbr-0027,pending,pending,
CATALOGUE:M278343RBR-0028,ROLEX,m278343rbr-0028,catalogue variant,pending source review,https://www.rolex.com/en-gb/watches/datejust/m278343rbr-0028,pending,pending,
CATALOGUE:M278343RBR-0029,ROLEX,m278343rbr-0029,catalogue variant,pending source review,https://www.rolex.com/en-gb/watches/datejust/m278343rbr-0029,pending,pending,
CATALOGUE:M278343RBR-0030,ROLEX,m278343rbr-0030,catalogue variant,pending source review,https://www.rolex.com/en-gb/watches/datejust/m278343rbr-0030,pending,pending,
CATALOGUE:M278344RBR-0001,ROLEX,m278344rbr-0001,catalogue variant,pending source review,https://www.rolex.com/en-gb/watches/datejust/m278344rbr-0001,pending,pending,
CATALOGUE:M278344RBR-0002,ROLEX,m278344rbr-0002,catalogue variant,pending source review,https://www.rolex.com/en-gb/watches/datejust/m278344rbr-0002,pending,pending,
CATALOGUE:M278344RBR-0005,ROLEX,m278344rbr-0005,catalogue variant,pending source review,https://www.rolex.com/en-gb/watches/datejust/m278344rbr-0005,pending,pending,
CATALOGUE:M278344RBR-0006,ROLEX,m278344rbr-0006,catalogue variant,pending source review,https://www.rolex.com/en-gb/watches/datejust/m278344rbr-0006,pending,pending,
CATALOGUE:M278344RBR-0007,ROLEX,m278344rbr-0007,catalogue variant,pending source review,https://www.rolex.com/en-gb/watches/datejust/m278344rbr-0007,pending,pending,
CATALOGUE:M278344RBR-0008,ROLEX,m278344rbr-0008,catalogue variant,pending source review,https://www.rolex.com/en-gb/watches/datejust/m278344rbr-0008,pending,pending,
CATALOGUE:M278344RBR-0011,ROLEX,m278344rbr-0011,catalogue variant,pending source review,https://www.rolex.com/en-gb/watches/datejust/m278344rbr-0011,pending,pending,
CATALOGUE:M278344RBR-0012,ROLEX,m278344rbr-0012,catalogue variant,pending source review,https://www.rolex.com/en-gb/watches/datejust/m278344rbr-0012,pending,pending,
CATALOGUE:M278344RBR-0013,ROLEX,m278344rbr-0013,catalogue variant,pending source review,https://www.rolex.com/en-gb/watches/datejust/m278344rbr-0013,pending,pending,
CATALOGUE:M278344RBR-0014,ROLEX,m278344rbr-0014,catalogue variant,pending source review,https://www.rolex.com/en-gb/watches/datejust/m278344rbr-0014,pending,pending,
CATALOGUE:M278344RBR-0015,ROLEX,m278344rbr-0015,catalogue variant,pending source review,https://www.rolex.com/en-gb/watches/datejust/m278344rbr-0015,pending,pending,
CATALOGUE:M278344RBR-0016,ROLEX,m278344rbr-0016,catalogue variant,pending source review,https://www.rolex.com/en-gb/watches/datejust/m278344rbr-0016,pending,pending,
CATALOGUE:M278344RBR-0017,ROLEX,m278344rbr-0017,catalogue variant,pending source review,https://www.rolex.com/en-gb/watches/datejust/m278344rbr-0017,pending,pending,
CATALOGUE:M278344RBR-0018,ROLEX,m278344rbr-0018,catalogue variant,pending source review,https://www.rolex.com/en-gb/watches/datejust/m278344rbr-0018,pending,pending,
CATALOGUE:M278344RBR-0019,ROLEX,m278344rbr-0019,catalogue variant,pending source review,https://www.rolex.com/en-gb/watches/datejust/m278344rbr-0019,pending,pending,
CATALOGUE:M278344RBR-0020,ROLEX,m278344rbr-0020,catalogue variant,pending source review,https://www.rolex.com/en-gb/watches/datejust/m278344rbr-0020,pending,pending,
CATALOGUE:M278344RBR-0021,ROLEX,m278344rbr-0021,catalogue variant,pending source review,https://www.rolex.com/en-gb/watches/datejust/m278344rbr-0021,pending,pending,
CATALOGUE:M278344RBR-0022,ROLEX,m278344rbr-0022,catalogue variant,pending source review,https://www.rolex.com/en-gb/watches/datejust/m278344rbr-0022,pending,pending,
CATALOGUE:M278344RBR-0023,ROLEX,m278344rbr-0023,catalogue variant,pending source review,https://www.rolex.com/en-gb/watches/datejust/m278344rbr-0023,pending,pending,
CATALOGUE:M278344RBR-0024,ROLEX,m278344rbr-0024,catalogue variant,pending source review,https://www.rolex.com/en-gb/watches/datejust/m278344rbr-0024,pending,pending,
CATALOGUE:M278344RBR-0025,ROLEX,m278344rbr-0025,catalogue variant,pending source review,https://www.rolex.com/en-gb/watches/datejust/m278344rbr-0025,pending,pending,
CATALOGUE:M278344RBR-0026,ROLEX,m278344rbr-0026,catalogue variant,pending source review,https://www.rolex.com/en-gb/watches/datejust/m278344rbr-0026,pending,pending,
CATALOGUE:M278344RBR-0027,ROLEX,m278344rbr-0027,catalogue variant,pending source review,https://www.rolex.com/en-gb/watches/datejust/m278344rbr-0027,pending,pending,
CATALOGUE:M278344RBR-0028,ROLEX,m278344rbr-0028,catalogue variant,pending source review,https://www.rolex.com/en-gb/watches/datejust/m278344rbr-0028,pending,pending,
CATALOGUE:M278344RBR-0029,ROLEX,m278344rbr-0029,catalogue variant,pending source review,https://www.rolex.com/en-gb/watches/datejust/m278344rbr-0029,pending,pending,
CATALOGUE:M278344RBR-0030,ROLEX,m278344rbr-0030,catalogue variant,pending source review,https://www.rolex.com/en-gb/watches/datejust/m278344rbr-0030,pending,pending,
CATALOGUE:M278344RBR-0031,ROLEX,m278344rbr-0031,catalogue variant,pending source review,https://www.rolex.com/en-gb/watches/datejust/m278344rbr-0031,pending,pending,
CATALOGUE:M278344RBR-0032,ROLEX,m278344rbr-0032,catalogue variant,pending source review,https://www.rolex.com/en-gb/watches/datejust/m278344rbr-0032,pending,pending,
CATALOGUE:M278344RBR-0033,ROLEX,m278344rbr-0033,catalogue variant,pending source review,https://www.rolex.com/en-gb/watches/datejust/m278344rbr-0033,pending,pending,
CATALOGUE:M278344RBR-0034,ROLEX,m278344rbr-0034,catalogue variant,pending source review,https://www.rolex.com/en-gb/watches/datejust/m278344rbr-0034,pending,pending,
CATALOGUE:M278344RBR-0035,ROLEX,m278344rbr-0035,catalogue variant,pending source review,https://www.rolex.com/en-gb/watches/datejust/m278344rbr-0035,pending,pending,
CATALOGUE:M278344RBR-0036,ROLEX,m278344rbr-0036,catalogue variant,pending source review,https://www.rolex.com/en-gb/watches/datejust/m278344rbr-0036,pending,pending,
CATALOGUE:M278381RBR-0001,ROLEX,m278381rbr-0001,catalogue variant,pending source review,https://www.rolex.com/en-gb/watches/datejust/m278381rbr-0001,pending,pending,
CATALOGUE:M278381RBR-0002,ROLEX,m278381rbr-0002,catalogue variant,pending source review,https://www.rolex.com/en-gb/watches/datejust/m278381rbr-0002,pending,pending,
CATALOGUE:M278381RBR-0003,ROLEX,m278381rbr-0003,catalogue variant,pending source review,https://www.rolex.com/en-gb/watches/datejust/m278381rbr-0003,pending,pending,
CATALOGUE:M278381RBR-0004,ROLEX,m278381rbr-0004,catalogue variant,pending source review,https://www.rolex.com/en-gb/watches/datejust/m278381rbr-0004,pending,pending,
CATALOGUE:M278381RBR-0005,ROLEX,m278381rbr-0005,catalogue variant,pending source review,https://www.rolex.com/en-gb/watches/datejust/m278381rbr-0005,pending,pending,
CATALOGUE:M278381RBR-0006,ROLEX,m278381rbr-0006,catalogue variant,pending source review,https://www.rolex.com/en-gb/watches/datejust/m278381rbr-0006,pending,pending,
CATALOGUE:M278381RBR-0009,ROLEX,m278381rbr-0009,catalogue variant,pending source review,https://www.rolex.com/en-gb/watches/datejust/m278381rbr-0009,pending,pending,
CATALOGUE:M278381RBR-0010,ROLEX,m278381rbr-0010,catalogue variant,pending source review,https://www.rolex.com/en-gb/watches/datejust/m278381rbr-0010,pending,pending,
CATALOGUE:M278381RBR-0015,ROLEX,m278381rbr-0015,catalogue variant,pending source review,https://www.rolex.com/en-gb/watches/datejust/m278381rbr-0015,pending,pending,
CATALOGUE:M278381RBR-0016,ROLEX,m278381rbr-0016,catalogue variant,pending source review,https://www.rolex.com/en-gb/watches/datejust/m278381rbr-0016,pending,pending,
CATALOGUE:M278381RBR-0017,ROLEX,m278381rbr-0017,catalogue variant,pending source review,https://www.rolex.com/en-gb/watches/datejust/m278381rbr-0017,pending,pending,
CATALOGUE:M278381RBR-0018,ROLEX,m278381rbr-0018,catalogue variant,pending source review,https://www.rolex.com/en-gb/watches/datejust/m278381rbr-0018,pending,pending,
CATALOGUE:M278381RBR-0019,ROLEX,m278381rbr-0019,catalogue variant,pending source review,https://www.rolex.com/en-gb/watches/datejust/m278381rbr-0019,pending,pending,
CATALOGUE:M278381RBR-0020,ROLEX,m278381rbr-0020,catalogue variant,pending source review,https://www.rolex.com/en-gb/watches/datejust/m278381rbr-0020,pending,pending,
CATALOGUE:M278381RBR-0023,ROLEX,m278381rbr-0023,catalogue variant,pending source review,https://www.rolex.com/en-gb/watches/datejust/m278381rbr-0023,pending,pending,
CATALOGUE:M278381RBR-0024,ROLEX,m278381rbr-0024,catalogue variant,pending source review,https://www.rolex.com/en-gb/watches/datejust/m278381rbr-0024,pending,pending,
CATALOGUE:M278381RBR-0025,ROLEX,m278381rbr-0025,catalogue variant,pending source review,https://www.rolex.com/en-gb/watches/datejust/m278381rbr-0025,pending,pending,
CATALOGUE:M278381RBR-0026,ROLEX,m278381rbr-0026,catalogue variant,pending source review,https://www.rolex.com/en-gb/watches/datejust/m278381rbr-0026,pending,pending,
CATALOGUE:M278381RBR-0027,ROLEX,m278381rbr-0027,catalogue variant,pending source review,https://www.rolex.com/en-gb/watches/datejust/m278381rbr-0027,pending,pending,
CATALOGUE:M278381RBR-0028,ROLEX,m278381rbr-0028,catalogue variant,pending source review,https://www.rolex.com/en-gb/watches/datejust/m278381rbr-0028,pending,pending,
CATALOGUE:M278381RBR-0029,ROLEX,m278381rbr-0029,catalogue variant,pending source review,https://www.rolex.com/en-gb/watches/datejust/m278381rbr-0029,pending,pending,
CATALOGUE:M278381RBR-0030,ROLEX,m278381rbr-0030,catalogue variant,pending source review,https://www.rolex.com/en-gb/watches/datejust/m278381rbr-0030,pending,pending,
CATALOGUE:M278383RBR-0001,ROLEX,m278383rbr-0001,catalogue variant,pending source review,https://www.rolex.com/en-gb/watches/datejust/m278383rbr-0001,pending,pending,
CATALOGUE:M278383RBR-0002,ROLEX,m278383rbr-0002,catalogue variant,pending source review,https://www.rolex.com/en-gb/watches/datejust/m278383rbr-0002,pending,pending,
CATALOGUE:M278383RBR-0003,ROLEX,m278383rbr-0003,catalogue variant,pending source review,https://www.rolex.com/en-gb/watches/datejust/m278383rbr-0003,pending,pending,
CATALOGUE:M278383RBR-0004,ROLEX,m278383rbr-0004,catalogue variant,pending source review,https://www.rolex.com/en-gb/watches/datejust/m278383rbr-0004,pending,pending,
CATALOGUE:M278383RBR-0013,ROLEX,m278383rbr-0013,catalogue variant,pending source review,https://www.rolex.com/en-gb/watches/datejust/m278383rbr-0013,pending,pending,
CATALOGUE:M278383RBR-0014,ROLEX,m278383rbr-0014,catalogue variant,pending source review,https://www.rolex.com/en-gb/watches/datejust/m278383rbr-0014,pending,pending,
CATALOGUE:M278383RBR-0015,ROLEX,m278383rbr-0015,catalogue variant,pending source review,https://www.rolex.com/en-gb/watches/datejust/m278383rbr-0015,pending,pending,
CATALOGUE:M278383RBR-0016,ROLEX,m278383rbr-0016,catalogue variant,pending source review,https://www.rolex.com/en-gb/watches/datejust/m278383rbr-0016,pending,pending,
CATALOGUE:M278383RBR-0017,ROLEX,m278383rbr-0017,catalogue variant,pending source review,https://www.rolex.com/en-gb/watches/datejust/m278383rbr-0017,pending,pending,
CATALOGUE:M278383RBR-0018,ROLEX,m278383rbr-0018,catalogue variant,pending source review,https://www.rolex.com/en-gb/watches/datejust/m278383rbr-0018,pending,pending,
CATALOGUE:M278383RBR-0019,ROLEX,m278383rbr-0019,catalogue variant,pending source review,https://www.rolex.com/en-gb/watches/datejust/m278383rbr-0019,pending,pending,
CATALOGUE:M278383RBR-0020,ROLEX,m278383rbr-0020,catalogue variant,pending source review,https://www.rolex.com/en-gb/watches/datejust/m278383rbr-0020,pending,pending,
CATALOGUE:M278383RBR-0021,ROLEX,m278383rbr-0021,catalogue variant,pending source review,https://www.rolex.com/en-gb/watches/datejust/m278383rbr-0021,pending,pending,
CATALOGUE:M278383RBR-0022,ROLEX,m278383rbr-0022,catalogue variant,pending source review,https://www.rolex.com/en-gb/watches/datejust/m278383rbr-0022,pending,pending,
CATALOGUE:M278383RBR-0023,ROLEX,m278383rbr-0023,catalogue variant,pending source review,https://www.rolex.com/en-gb/watches/datejust/m278383rbr-0023,pending,pending,
CATALOGUE:M278383RBR-0024,ROLEX,m278383rbr-0024,catalogue variant,pending source review,https://www.rolex.com/en-gb/watches/datejust/m278383rbr-0024,pending,pending,
CATALOGUE:M278383RBR-0025,ROLEX,m278383rbr-0025,catalogue variant,pending source review,https://www.rolex.com/en-gb/watches/datejust/m278383rbr-0025,pending,pending,
CATALOGUE:M278383RBR-0026,ROLEX,m278383rbr-0026,catalogue variant,pending source review,https://www.rolex.com/en-gb/watches/datejust/m278383rbr-0026,pending,pending,
CATALOGUE:M278383RBR-0027,ROLEX,m278383rbr-0027,catalogue variant,pending source review,https://www.rolex.com/en-gb/watches/datejust/m278383rbr-0027,pending,pending,
CATALOGUE:M278383RBR-0028,ROLEX,m278383rbr-0028,catalogue variant,pending source review,https://www.rolex.com/en-gb/watches/datejust/m278383rbr-0028,pending,pending,
CATALOGUE:M278383RBR-0029,ROLEX,m278383rbr-0029,catalogue variant,pending source review,https://www.rolex.com/en-gb/watches/datejust/m278383rbr-0029,pending,pending,
CATALOGUE:M278383RBR-0030,ROLEX,m278383rbr-0030,catalogue variant,pending source review,https://www.rolex.com/en-gb/watches/datejust/m278383rbr-0030,pending,pending,
CATALOGUE:M278384RBR-0001,ROLEX,m278384rbr-0001,catalogue variant,pending source review,https://www.rolex.com/en-gb/watches/datejust/m278384rbr-0001,pending,pending,
CATALOGUE:M278384RBR-0002,ROLEX,m278384rbr-0002,catalogue variant,pending source review,https://www.rolex.com/en-gb/watches/datejust/m278384rbr-0002,pending,pending,
CATALOGUE:M278384RBR-0007,ROLEX,m278384rbr-0007,catalogue variant,pending source review,https://www.rolex.com/en-gb/watches/datejust/m278384rbr-0007,pending,pending,
CATALOGUE:M278384RBR-0008,ROLEX,m278384rbr-0008,catalogue variant,pending source review,https://www.rolex.com/en-gb/watches/datejust/m278384rbr-0008,pending,pending,
CATALOGUE:M278384RBR-0009,ROLEX,m278384rbr-0009,catalogue variant,pending source review,https://www.rolex.com/en-gb/watches/datejust/m278384rbr-0009,pending,pending,
CATALOGUE:M278384RBR-0010,ROLEX,m278384rbr-0010,catalogue variant,pending source review,https://www.rolex.com/en-gb/watches/datejust/m278384rbr-0010,pending,pending,
CATALOGUE:M278384RBR-0013,ROLEX,m278384rbr-0013,catalogue variant,pending source review,https://www.rolex.com/en-gb/watches/datejust/m278384rbr-0013,pending,pending,
CATALOGUE:M278384RBR-0014,ROLEX,m278384rbr-0014,catalogue variant,pending source review,https://www.rolex.com/en-gb/watches/datejust/m278384rbr-0014,pending,pending,
CATALOGUE:M278384RBR-0015,ROLEX,m278384rbr-0015,catalogue variant,pending source review,https://www.rolex.com/en-gb/watches/datejust/m278384rbr-0015,pending,pending,
CATALOGUE:M278384RBR-0016,ROLEX,m278384rbr-0016,catalogue variant,pending source review,https://www.rolex.com/en-gb/watches/datejust/m278384rbr-0016,pending,pending,
CATALOGUE:M278384RBR-0017,ROLEX,m278384rbr-0017,catalogue variant,pending source review,https://www.rolex.com/en-gb/watches/datejust/m278384rbr-0017,pending,pending,
CATALOGUE:M278384RBR-0018,ROLEX,m278384rbr-0018,catalogue variant,pending source review,https://www.rolex.com/en-gb/watches/datejust/m278384rbr-0018,pending,pending,
CATALOGUE:M278384RBR-0019,ROLEX,m278384rbr-0019,catalogue variant,pending source review,https://www.rolex.com/en-gb/watches/datejust/m278384rbr-0019,pending,pending,
CATALOGUE:M278384RBR-0020,ROLEX,m278384rbr-0020,catalogue variant,pending source review,https://www.rolex.com/en-gb/watches/datejust/m278384rbr-0020,pending,pending,
CATALOGUE:M278384RBR-0021,ROLEX,m278384rbr-0021,catalogue variant,pending source review,https://www.rolex.com/en-gb/watches/datejust/m278384rbr-0021,pending,pending,
CATALOGUE:M278384RBR-0022,ROLEX,m278384rbr-0022,catalogue variant,pending source review,https://www.rolex.com/en-gb/watches/datejust/m278384rbr-0022,pending,pending,
CATALOGUE:M278384RBR-0023,ROLEX,m278384rbr-0023,catalogue variant,pending source review,https://www.rolex.com/en-gb/watches/datejust/m278384rbr-0023,pending,pending,
CATALOGUE:M278384RBR-0024,ROLEX,m278384rbr-0024,catalogue variant,pending source review,https://www.rolex.com/en-gb/watches/datejust/m278384rbr-0024,pending,pending,
CATALOGUE:M278384RBR-0025,ROLEX,m278384rbr-0025,catalogue variant,pending source review,https://www.rolex.com/en-gb/watches/datejust/m278384rbr-0025,pending,pending,
CATALOGUE:M278384RBR-0026,ROLEX,m278384rbr-0026,catalogue variant,pending source review,https://www.rolex.com/en-gb/watches/datejust/m278384rbr-0026,pending,pending,
CATALOGUE:M278384RBR-0027,ROLEX,m278384rbr-0027,catalogue variant,pending source review,https://www.rolex.com/en-gb/watches/datejust/m278384rbr-0027,pending,pending,
CATALOGUE:M278384RBR-0028,ROLEX,m278384rbr-0028,catalogue variant,pending source review,https://www.rolex.com/en-gb/watches/datejust/m278384rbr-0028,pending,pending,
CATALOGUE:M278384RBR-0029,ROLEX,m278384rbr-0029,catalogue variant,pending source review,https://www.rolex.com/en-gb/watches/datejust/m278384rbr-0029,pending,pending,
CATALOGUE:M278384RBR-0030,ROLEX,m278384rbr-0030,catalogue variant,pending source review,https://www.rolex.com/en-gb/watches/datejust/m278384rbr-0030,pending,pending,
CATALOGUE:M278384RBR-0031,ROLEX,m278384rbr-0031,catalogue variant,pending source review,https://www.rolex.com/en-gb/watches/datejust/m278384rbr-0031,pending,pending,
CATALOGUE:M278384RBR-0032,ROLEX,m278384rbr-0032,catalogue variant,pending source review,https://www.rolex.com/en-gb/watches/datejust/m278384rbr-0032,pending,pending,
CATALOGUE:M278384RBR-0033,ROLEX,m278384rbr-0033,catalogue variant,pending source review,https://www.rolex.com/en-gb/watches/datejust/m278384rbr-0033,pending,pending,
CATALOGUE:M278384RBR-0034,ROLEX,m278384rbr-0034,catalogue variant,pending source review,https://www.rolex.com/en-gb/watches/datejust/m278384rbr-0034,pending,pending,
CATALOGUE:M278384RBR-0035,ROLEX,m278384rbr-0035,catalogue variant,pending source review,https://www.rolex.com/en-gb/watches/datejust/m278384rbr-0035,pending,pending,
CATALOGUE:M278384RBR-0036,ROLEX,m278384rbr-0036,catalogue variant,pending source review,https://www.rolex.com/en-gb/watches/datejust/m278384rbr-0036,pending,pending,
CATALOGUE:M278384RBR-0037,ROLEX,m278384rbr-0037,catalogue variant,pending source review,https://www.rolex.com/en-gb/watches/datejust/m278384rbr-0037,pending,pending,
CATALOGUE:M278384RBR-0038,ROLEX,m278384rbr-0038,catalogue variant,pending source review,https://www.rolex.com/en-gb/watches/datejust/m278384rbr-0038,pending,pending,
CATALOGUE:M126200-0001,ROLEX,m126200-0001,catalogue variant,pending source review,https://www.rolex.com/en-gb/watches/datejust/m126200-0001,pending,pending,
CATALOGUE:M126200-0002,ROLEX,m126200-0002,catalogue variant,pending source review,https://www.rolex.com/en-gb/watches/datejust/m126200-0002,pending,pending,
CATALOGUE:M126200-0003,ROLEX,m126200-0003,catalogue variant,pending source review,https://www.rolex.com/en-gb/watches/datejust/m126200-0003,pending,pending,
CATALOGUE:M126200-0004,ROLEX,m126200-0004,catalogue variant,pending source review,https://www.rolex.com/en-gb/watches/datejust/m126200-0004,pending,pending,
CATALOGUE:M126200-0005,ROLEX,m126200-0005,catalogue variant,pending source review,https://www.rolex.com/en-gb/watches/datejust/m126200-0005,pending,pending,
CATALOGUE:M126200-0006,ROLEX,m126200-0006,catalogue variant,pending source review,https://www.rolex.com/en-gb/watches/datejust/m126200-0006,pending,pending,
CATALOGUE:M126200-0017,ROLEX,m126200-0017,catalogue variant,pending source review,https://www.rolex.com/en-gb/watches/datejust/m126200-0017,pending,pending,
CATALOGUE:M126200-0018,ROLEX,m126200-0018,catalogue variant,pending source review,https://www.rolex.com/en-gb/watches/datejust/m126200-0018,pending,pending,
CATALOGUE:M126200-0023,ROLEX,m126200-0023,catalogue variant,pending source review,https://www.rolex.com/en-gb/watches/datejust/m126200-0023,pending,pending,
CATALOGUE:M126200-0024,ROLEX,m126200-0024,catalogue variant,pending source review,https://www.rolex.com/en-gb/watches/datejust/m126200-0024,pending,pending,
CATALOGUE:M126200-0025,ROLEX,m126200-0025,catalogue variant,pending source review,https://www.rolex.com/en-gb/watches/datejust/m126200-0025,pending,pending,
CATALOGUE:M126200-0026,ROLEX,m126200-0026,catalogue variant,pending source review,https://www.rolex.com/en-gb/watches/datejust/m126200-0026,pending,pending,
CATALOGUE:M126200-0027,ROLEX,m126200-0027,catalogue variant,pending source review,https://www.rolex.com/en-gb/watches/datejust/m126200-0027,pending,pending,
CATALOGUE:M126200-0028,ROLEX,m126200-0028,catalogue variant,pending source review,https://www.rolex.com/en-gb/watches/datejust/m126200-0028,pending,pending,
CATALOGUE:M126200-0029,ROLEX,m126200-0029,catalogue variant,pending source review,https://www.rolex.com/en-gb/watches/datejust/m126200-0029,pending,pending,
CATALOGUE:M126200-0030,ROLEX,m126200-0030,catalogue variant,pending source review,https://www.rolex.com/en-gb/watches/datejust/m126200-0030,pending,pending,
CATALOGUE:M126201-0013,ROLEX,m126201-0013,catalogue variant,pending source review,https://www.rolex.com/en-gb/watches/datejust/m126201-0013,pending,pending,
CATALOGUE:M126201-0014,ROLEX,m126201-0014,catalogue variant,pending source review,https://www.rolex.com/en-gb/watches/datejust/m126201-0014,pending,pending,
CATALOGUE:M126201-0017,ROLEX,m126201-0017,catalogue variant,pending source review,https://www.rolex.com/en-gb/watches/datejust/m126201-0017,pending,pending,
CATALOGUE:M126201-0018,ROLEX,m126201-0018,catalogue variant,pending source review,https://www.rolex.com/en-gb/watches/datejust/m126201-0018,pending,pending,
CATALOGUE:M126201-0019,ROLEX,m126201-0019,catalogue variant,pending source review,https://www.rolex.com/en-gb/watches/datejust/m126201-0019,pending,pending,
CATALOGUE:M126201-0020,ROLEX,m126201-0020,catalogue variant,pending source review,https://www.rolex.com/en-gb/watches/datejust/m126201-0020,pending,pending,
CATALOGUE:M126201-0021,ROLEX,m126201-0021,catalogue variant,pending source review,https://www.rolex.com/en-gb/watches/datejust/m126201-0021,pending,pending,
CATALOGUE:M126201-0022,ROLEX,m126201-0022,catalogue variant,pending source review,https://www.rolex.com/en-gb/watches/datejust/m126201-0022,pending,pending,
CATALOGUE:M126201-0029,ROLEX,m126201-0029,catalogue variant,pending source review,https://www.rolex.com/en-gb/watches/datejust/m126201-0029,pending,pending,
CATALOGUE:M126201-0030,ROLEX,m126201-0030,catalogue variant,pending source review,https://www.rolex.com/en-gb/watches/datejust/m126201-0030,pending,pending,
CATALOGUE:M126201-0043,ROLEX,m126201-0043,catalogue variant,pending source review,https://www.rolex.com/en-gb/watches/datejust/m126201-0043,pending,pending,
CATALOGUE:M126201-0044,ROLEX,m126201-0044,catalogue variant,pending source review,https://www.rolex.com/en-gb/watches/datejust/m126201-0044,pending,pending,
CATALOGUE:M126201-0045,ROLEX,m126201-0045,catalogue variant,pending source review,https://www.rolex.com/en-gb/watches/datejust/m126201-0045,pending,pending,
CATALOGUE:M126201-0046,ROLEX,m126201-0046,catalogue variant,pending source review,https://www.rolex.com/en-gb/watches/datejust/m126201-0046,pending,pending,
CATALOGUE:M126201-0047,ROLEX,m126201-0047,catalogue variant,pending source review,https://www.rolex.com/en-gb/watches/datejust/m126201-0047,pending,pending,
CATALOGUE:M126201-0048,ROLEX,m126201-0048,catalogue variant,pending source review,https://www.rolex.com/en-gb/watches/datejust/m126201-0048,pending,pending,
CATALOGUE:M126201-0049,ROLEX,m126201-0049,catalogue variant,pending source review,https://www.rolex.com/en-gb/watches/datejust/m126201-0049,pending,pending,
CATALOGUE:M126201-0050,ROLEX,m126201-0050,catalogue variant,pending source review,https://www.rolex.com/en-gb/watches/datejust/m126201-0050,pending,pending,
CATALOGUE:M126201-0051,ROLEX,m126201-0051,catalogue variant,pending source review,https://www.rolex.com/en-gb/watches/datejust/m126201-0051,pending,pending,
CATALOGUE:M126201-0052,ROLEX,m126201-0052,catalogue variant,pending source review,https://www.rolex.com/en-gb/watches/datejust/m126201-0052,pending,pending,
CATALOGUE:M126201-0053,ROLEX,m126201-0053,catalogue variant,pending source review,https://www.rolex.com/en-gb/watches/datejust/m126201-0053,pending,pending,
CATALOGUE:M126201-0054,ROLEX,m126201-0054,catalogue variant,pending source review,https://www.rolex.com/en-gb/watches/datejust/m126201-0054,pending,pending,
CATALOGUE:M126203-0015,ROLEX,m126203-0015,catalogue variant,pending source review,https://www.rolex.com/en-gb/watches/datejust/m126203-0015,pending,pending,
CATALOGUE:M126203-0016,ROLEX,m126203-0016,catalogue variant,pending source review,https://www.rolex.com/en-gb/watches/datejust/m126203-0016,pending,pending,
CATALOGUE:M126203-0017,ROLEX,m126203-0017,catalogue variant,pending source review,https://www.rolex.com/en-gb/watches/datejust/m126203-0017,pending,pending,
CATALOGUE:M126203-0018,ROLEX,m126203-0018,catalogue variant,pending source review,https://www.rolex.com/en-gb/watches/datejust/m126203-0018,pending,pending,
CATALOGUE:M126203-0019,ROLEX,m126203-0019,catalogue variant,pending source review,https://www.rolex.com/en-gb/watches/datejust/m126203-0019,pending,pending,
CATALOGUE:M126203-0020,ROLEX,m126203-0020,catalogue variant,pending source review,https://www.rolex.com/en-gb/watches/datejust/m126203-0020,pending,pending,
CATALOGUE:M126203-0021,ROLEX,m126203-0021,catalogue variant,pending source review,https://www.rolex.com/en-gb/watches/datejust/m126203-0021,pending,pending,
CATALOGUE:M126203-0022,ROLEX,m126203-0022,catalogue variant,pending source review,https://www.rolex.com/en-gb/watches/datejust/m126203-0022,pending,pending,
CATALOGUE:M126203-0023,ROLEX,m126203-0023,catalogue variant,pending source review,https://www.rolex.com/en-gb/watches/datejust/m126203-0023,pending,pending,
CATALOGUE:M126203-0024,ROLEX,m126203-0024,catalogue variant,pending source review,https://www.rolex.com/en-gb/watches/datejust/m126203-0024,pending,pending,
CATALOGUE:M126203-0035,ROLEX,m126203-0035,catalogue variant,pending source review,https://www.rolex.com/en-gb/watches/datejust/m126203-0035,pending,pending,
CATALOGUE:M126203-0036,ROLEX,m126203-0036,catalogue variant,pending source review,https://www.rolex.com/en-gb/watches/datejust/m126203-0036,pending,pending,
CATALOGUE:M126203-0047,ROLEX,m126203-0047,catalogue variant,pending source review,https://www.rolex.com/en-gb/watches/datejust/m126203-0047,pending,pending,
CATALOGUE:M126203-0048,ROLEX,m126203-0048,catalogue variant,pending source review,https://www.rolex.com/en-gb/watches/datejust/m126203-0048,pending,pending,
CATALOGUE:M126203-0049,ROLEX,m126203-0049,catalogue variant,pending source review,https://www.rolex.com/en-gb/watches/datejust/m126203-0049,pending,pending,
CATALOGUE:M126203-0050,ROLEX,m126203-0050,catalogue variant,pending source review,https://www.rolex.com/en-gb/watches/datejust/m126203-0050,pending,pending,
CATALOGUE:M126203-0051,ROLEX,m126203-0051,catalogue variant,pending source review,https://www.rolex.com/en-gb/watches/datejust/m126203-0051,pending,pending,
CATALOGUE:M126203-0052,ROLEX,m126203-0052,catalogue variant,pending source review,https://www.rolex.com/en-gb/watches/datejust/m126203-0052,pending,pending,
CATALOGUE:M126203-0053,ROLEX,m126203-0053,catalogue variant,pending source review,https://www.rolex.com/en-gb/watches/datejust/m126203-0053,pending,pending,
CATALOGUE:M126203-0054,ROLEX,m126203-0054,catalogue variant,pending source review,https://www.rolex.com/en-gb/watches/datejust/m126203-0054,pending,pending,
CATALOGUE:M126203-0055,ROLEX,m126203-0055,catalogue variant,pending source review,https://www.rolex.com/en-gb/watches/datejust/m126203-0055,pending,pending,
CATALOGUE:M126203-0056,ROLEX,m126203-0056,catalogue variant,pending source review,https://www.rolex.com/en-gb/watches/datejust/m126203-0056,pending,pending,
CATALOGUE:M126203-0057,ROLEX,m126203-0057,catalogue variant,pending source review,https://www.rolex.com/en-gb/watches/datejust/m126203-0057,pending,pending,
CATALOGUE:M126203-0058,ROLEX,m126203-0058,catalogue variant,pending source review,https://www.rolex.com/en-gb/watches/datejust/m126203-0058,pending,pending,
CATALOGUE:M126231-0013,ROLEX,m126231-0013,catalogue variant,pending source review,https://www.rolex.com/en-gb/watches/datejust/m126231-0013,pending,pending,
CATALOGUE:M126231-0014,ROLEX,m126231-0014,catalogue variant,pending source review,https://www.rolex.com/en-gb/watches/datejust/m126231-0014,pending,pending,
CATALOGUE:M126231-0017,ROLEX,m126231-0017,catalogue variant,pending source review,https://www.rolex.com/en-gb/watches/datejust/m126231-0017,pending,pending,
CATALOGUE:M126231-0018,ROLEX,m126231-0018,catalogue variant,pending source review,https://www.rolex.com/en-gb/watches/datejust/m126231-0018,pending,pending,
CATALOGUE:M126231-0019,ROLEX,m126231-0019,catalogue variant,pending source review,https://www.rolex.com/en-gb/watches/datejust/m126231-0019,pending,pending,
CATALOGUE:M126231-0020,ROLEX,m126231-0020,catalogue variant,pending source review,https://www.rolex.com/en-gb/watches/datejust/m126231-0020,pending,pending,
CATALOGUE:M126231-0021,ROLEX,m126231-0021,catalogue variant,pending source review,https://www.rolex.com/en-gb/watches/datejust/m126231-0021,pending,pending,
CATALOGUE:M126231-0022,ROLEX,m126231-0022,catalogue variant,pending source review,https://www.rolex.com/en-gb/watches/datejust/m126231-0022,pending,pending,
CATALOGUE:M126231-0029,ROLEX,m126231-0029,catalogue variant,pending source review,https://www.rolex.com/en-gb/watches/datejust/m126231-0029,pending,pending,
CATALOGUE:M126231-0030,ROLEX,m126231-0030,catalogue variant,pending source review,https://www.rolex.com/en-gb/watches/datejust/m126231-0030,pending,pending,
CATALOGUE:M126231-0043,ROLEX,m126231-0043,catalogue variant,pending source review,https://www.rolex.com/en-gb/watches/datejust/m126231-0043,pending,pending,
CATALOGUE:M126231-0044,ROLEX,m126231-0044,catalogue variant,pending source review,https://www.rolex.com/en-gb/watches/datejust/m126231-0044,pending,pending,
CATALOGUE:M126231-0045,ROLEX,m126231-0045,catalogue variant,pending source review,https://www.rolex.com/en-gb/watches/datejust/m126231-0045,pending,pending,
CATALOGUE:M126231-0046,ROLEX,m126231-0046,catalogue variant,pending source review,https://www.rolex.com/en-gb/watches/datejust/m126231-0046,pending,pending,
CATALOGUE:M126231-0047,ROLEX,m126231-0047,catalogue variant,pending source review,https://www.rolex.com/en-gb/watches/datejust/m126231-0047,pending,pending,
CATALOGUE:M126231-0048,ROLEX,m126231-0048,catalogue variant,pending source review,https://www.rolex.com/en-gb/watches/datejust/m126231-0048,pending,pending,
CATALOGUE:M126231-0049,ROLEX,m126231-0049,catalogue variant,pending source review,https://www.rolex.com/en-gb/watches/datejust/m126231-0049,pending,pending,
CATALOGUE:M126231-0050,ROLEX,m126231-0050,catalogue variant,pending source review,https://www.rolex.com/en-gb/watches/datejust/m126231-0050,pending,pending,
CATALOGUE:M126231-0051,ROLEX,m126231-0051,catalogue variant,pending source review,https://www.rolex.com/en-gb/watches/datejust/m126231-0051,pending,pending,
CATALOGUE:M126231-0052,ROLEX,m126231-0052,catalogue variant,pending source review,https://www.rolex.com/en-gb/watches/datejust/m126231-0052,pending,pending,
CATALOGUE:M126231-0053,ROLEX,m126231-0053,catalogue variant,pending source review,https://www.rolex.com/en-gb/watches/datejust/m126231-0053,pending,pending,
CATALOGUE:M126231-0054,ROLEX,m126231-0054,catalogue variant,pending source review,https://www.rolex.com/en-gb/watches/datejust/m126231-0054,pending,pending,
CATALOGUE:M126233-0015,ROLEX,m126233-0015,catalogue variant,pending source review,https://www.rolex.com/en-gb/watches/datejust/m126233-0015,pending,pending,
CATALOGUE:M126233-0016,ROLEX,m126233-0016,catalogue variant,pending source review,https://www.rolex.com/en-gb/watches/datejust/m126233-0016,pending,pending,
CATALOGUE:M126233-0017,ROLEX,m126233-0017,catalogue variant,pending source review,https://www.rolex.com/en-gb/watches/datejust/m126233-0017,pending,pending,
CATALOGUE:M126233-0018,ROLEX,m126233-0018,catalogue variant,pending source review,https://www.rolex.com/en-gb/watches/datejust/m126233-0018,pending,pending,
CATALOGUE:M126233-0019,ROLEX,m126233-0019,catalogue variant,pending source review,https://www.rolex.com/en-gb/watches/datejust/m126233-0019,pending,pending,
CATALOGUE:M126233-0020,ROLEX,m126233-0020,catalogue variant,pending source review,https://www.rolex.com/en-gb/watches/datejust/m126233-0020,pending,pending,
CATALOGUE:M126233-0021,ROLEX,m126233-0021,catalogue variant,pending source review,https://www.rolex.com/en-gb/watches/datejust/m126233-0021,pending,pending,
CATALOGUE:M126233-0022,ROLEX,m126233-0022,catalogue variant,pending source review,https://www.rolex.com/en-gb/watches/datejust/m126233-0022,pending,pending,
CATALOGUE:M126233-0023,ROLEX,m126233-0023,catalogue variant,pending source review,https://www.rolex.com/en-gb/watches/datejust/m126233-0023,pending,pending,
CATALOGUE:M126233-0024,ROLEX,m126233-0024,catalogue variant,pending source review,https://www.rolex.com/en-gb/watches/datejust/m126233-0024,pending,pending,
CATALOGUE:M126233-0035,ROLEX,m126233-0035,catalogue variant,pending source review,https://www.rolex.com/en-gb/watches/datejust/m126233-0035,pending,pending,
CATALOGUE:M126233-0036,ROLEX,m126233-0036,catalogue variant,pending source review,https://www.rolex.com/en-gb/watches/datejust/m126233-0036,pending,pending,
CATALOGUE:M126233-0047,ROLEX,m126233-0047,catalogue variant,pending source review,https://www.rolex.com/en-gb/watches/datejust/m126233-0047,pending,pending,
CATALOGUE:M126233-0048,ROLEX,m126233-0048,catalogue variant,pending source review,https://www.rolex.com/en-gb/watches/datejust/m126233-0048,pending,pending,
CATALOGUE:M126233-0049,ROLEX,m126233-0049,catalogue variant,pending source review,https://www.rolex.com/en-gb/watches/datejust/m126233-0049,pending,pending,
CATALOGUE:M126233-0050,ROLEX,m126233-0050,catalogue variant,pending source review,https://www.rolex.com/en-gb/watches/datejust/m126233-0050,pending,pending,
CATALOGUE:M126233-0051,ROLEX,m126233-0051,catalogue variant,pending source review,https://www.rolex.com/en-gb/watches/datejust/m126233-0051,pending,pending,
CATALOGUE:M126233-0052,ROLEX,m126233-0052,catalogue variant,pending source review,https://www.rolex.com/en-gb/watches/datejust/m126233-0052,pending,pending,
CATALOGUE:M126233-0053,ROLEX,m126233-0053,catalogue variant,pending source review,https://www.rolex.com/en-gb/watches/datejust/m126233-0053,pending,pending,
CATALOGUE:M126233-0054,ROLEX,m126233-0054,catalogue variant,pending source review,https://www.rolex.com/en-gb/watches/datejust/m126233-0054,pending,pending,
CATALOGUE:M126233-0055,ROLEX,m126233-0055,catalogue variant,pending source review,https://www.rolex.com/en-gb/watches/datejust/m126233-0055,pending,pending,
CATALOGUE:M126233-0056,ROLEX,m126233-0056,catalogue variant,pending source review,https://www.rolex.com/en-gb/watches/datejust/m126233-0056,pending,pending,
CATALOGUE:M126233-0057,ROLEX,m126233-0057,catalogue variant,pending source review,https://www.rolex.com/en-gb/watches/datejust/m126233-0057,pending,pending,
CATALOGUE:M126233-0058,ROLEX,m126233-0058,catalogue variant,pending source review,https://www.rolex.com/en-gb/watches/datejust/m126233-0058,pending,pending,
CATALOGUE:M126234-0013,ROLEX,m126234-0013,catalogue variant,pending source review,https://www.rolex.com/en-gb/watches/datejust/m126234-0013,pending,pending,
CATALOGUE:M126234-0014,ROLEX,m126234-0014,catalogue variant,pending source review,https://www.rolex.com/en-gb/watches/datejust/m126234-0014,pending,pending,
CATALOGUE:M126234-0015,ROLEX,m126234-0015,catalogue variant,pending source review,https://www.rolex.com/en-gb/watches/datejust/m126234-0015,pending,pending,
CATALOGUE:M126234-0016,ROLEX,m126234-0016,catalogue variant,pending source review,https://www.rolex.com/en-gb/watches/datejust/m126234-0016,pending,pending,
CATALOGUE:M126234-0017,ROLEX,m126234-0017,catalogue variant,pending source review,https://www.rolex.com/en-gb/watches/datejust/m126234-0017,pending,pending,
CATALOGUE:M126234-0018,ROLEX,m126234-0018,catalogue variant,pending source review,https://www.rolex.com/en-gb/watches/datejust/m126234-0018,pending,pending,
CATALOGUE:M126234-0019,ROLEX,m126234-0019,catalogue variant,pending source review,https://www.rolex.com/en-gb/watches/datejust/m126234-0019,pending,pending,
CATALOGUE:M126234-0020,ROLEX,m126234-0020,catalogue variant,pending source review,https://www.rolex.com/en-gb/watches/datejust/m126234-0020,pending,pending,
CATALOGUE:M126234-0027,ROLEX,m126234-0027,catalogue variant,pending source review,https://www.rolex.com/en-gb/watches/datejust/m126234-0027,pending,pending,
CATALOGUE:M126234-0028,ROLEX,m126234-0028,catalogue variant,pending source review,https://www.rolex.com/en-gb/watches/datejust/m126234-0028,pending,pending,
CATALOGUE:M126234-0037,ROLEX,m126234-0037,catalogue variant,pending source review,https://www.rolex.com/en-gb/watches/datejust/m126234-0037,pending,pending,
CATALOGUE:M126234-0038,ROLEX,m126234-0038,catalogue variant,pending source review,https://www.rolex.com/en-gb/watches/datejust/m126234-0038,pending,pending,
CATALOGUE:M126234-0045,ROLEX,m126234-0045,catalogue variant,pending source review,https://www.rolex.com/en-gb/watches/datejust/m126234-0045,pending,pending,
CATALOGUE:M126234-0046,ROLEX,m126234-0046,catalogue variant,pending source review,https://www.rolex.com/en-gb/watches/datejust/m126234-0046,pending,pending,
CATALOGUE:M126234-0051,ROLEX,m126234-0051,catalogue variant,pending source review,https://www.rolex.com/en-gb/watches/datejust/m126234-0051,pending,pending,
CATALOGUE:M126234-0052,ROLEX,m126234-0052,catalogue variant,pending source review,https://www.rolex.com/en-gb/watches/datejust/m126234-0052,pending,pending,
CATALOGUE:M126234-0059,ROLEX,m126234-0059,catalogue variant,pending source review,https://www.rolex.com/en-gb/watches/datejust/m126234-0059,pending,pending,
CATALOGUE:M126234-0060,ROLEX,m126234-0060,catalogue variant,pending source review,https://www.rolex.com/en-gb/watches/datejust/m126234-0060,pending,pending,
CATALOGUE:M126234-0061,ROLEX,m126234-0061,catalogue variant,pending source review,https://www.rolex.com/en-gb/watches/datejust/m126234-0061,pending,pending,
CATALOGUE:M126234-0062,ROLEX,m126234-0062,catalogue variant,pending source review,https://www.rolex.com/en-gb/watches/datejust/m126234-0062,pending,pending,
CATALOGUE:M126234-0063,ROLEX,m126234-0063,catalogue variant,pending source review,https://www.rolex.com/en-gb/watches/datejust/m126234-0063,pending,pending,
CATALOGUE:M126234-0064,ROLEX,m126234-0064,catalogue variant,pending source review,https://www.rolex.com/en-gb/watches/datejust/m126234-0064,pending,pending,
CATALOGUE:M126234-0065,ROLEX,m126234-0065,catalogue variant,pending source review,https://www.rolex.com/en-gb/watches/datejust/m126234-0065,pending,pending,
CATALOGUE:M126234-0066,ROLEX,m126234-0066,catalogue variant,pending source review,https://www.rolex.com/en-gb/watches/datejust/m126234-0066,pending,pending,
CATALOGUE:M126234-0067,ROLEX,m126234-0067,catalogue variant,pending source review,https://www.rolex.com/en-gb/watches/datejust/m126234-0067,pending,pending,
CATALOGUE:M126234-0068,ROLEX,m126234-0068,catalogue variant,pending source review,https://www.rolex.com/en-gb/watches/datejust/m126234-0068,pending,pending,
CATALOGUE:M126234-0069,ROLEX,m126234-0069,catalogue variant,pending source review,https://www.rolex.com/en-gb/watches/datejust/m126234-0069,pending,pending,
CATALOGUE:M126234-0070,ROLEX,m126234-0070,catalogue variant,pending source review,https://www.rolex.com/en-gb/watches/datejust/m126234-0070,pending,pending,
CATALOGUE:M126234-0071,ROLEX,m126234-0071,catalogue variant,pending source review,https://www.rolex.com/en-gb/watches/datejust/m126234-0071,pending,pending,
CATALOGUE:M126234-0072,ROLEX,m126234-0072,catalogue variant,pending source review,https://www.rolex.com/en-gb/watches/datejust/m126234-0072,pending,pending,
CATALOGUE:M126281RBR-0001,ROLEX,m126281rbr-0001,catalogue variant,pending source review,https://www.rolex.com/en-gb/watches/datejust/m126281rbr-0001,pending,pending,
CATALOGUE:M126281RBR-0002,ROLEX,m126281rbr-0002,catalogue variant,pending source review,https://www.rolex.com/en-gb/watches/datejust/m126281rbr-0002,pending,pending,
CATALOGUE:M126281RBR-0005,ROLEX,m126281rbr-0005,catalogue variant,pending source review,https://www.rolex.com/en-gb/watches/datejust/m126281rbr-0005,pending,pending,
CATALOGUE:M126281RBR-0006,ROLEX,m126281rbr-0006,catalogue variant,pending source review,https://www.rolex.com/en-gb/watches/datejust/m126281rbr-0006,pending,pending,
CATALOGUE:M126281RBR-0007,ROLEX,m126281rbr-0007,catalogue variant,pending source review,https://www.rolex.com/en-gb/watches/datejust/m126281rbr-0007,pending,pending,
CATALOGUE:M126281RBR-0008,ROLEX,m126281rbr-0008,catalogue variant,pending source review,https://www.rolex.com/en-gb/watches/datejust/m126281rbr-0008,pending,pending,
CATALOGUE:M126281RBR-0009,ROLEX,m126281rbr-0009,catalogue variant,pending source review,https://www.rolex.com/en-gb/watches/datejust/m126281rbr-0009,pending,pending,
CATALOGUE:M126281RBR-0010,ROLEX,m126281rbr-0010,catalogue variant,pending source review,https://www.rolex.com/en-gb/watches/datejust/m126281rbr-0010,pending,pending,
CATALOGUE:M126281RBR-0017,ROLEX,m126281rbr-0017,catalogue variant,pending source review,https://www.rolex.com/en-gb/watches/datejust/m126281rbr-0017,pending,pending,
CATALOGUE:M126281RBR-0018,ROLEX,m126281rbr-0018,catalogue variant,pending source review,https://www.rolex.com/en-gb/watches/datejust/m126281rbr-0018,pending,pending,
CATALOGUE:M126281RBR-0031,ROLEX,m126281rbr-0031,catalogue variant,pending source review,https://www.rolex.com/en-gb/watches/datejust/m126281rbr-0031,pending,pending,
CATALOGUE:M126281RBR-0032,ROLEX,m126281rbr-0032,catalogue variant,pending source review,https://www.rolex.com/en-gb/watches/datejust/m126281rbr-0032,pending,pending,
CATALOGUE:M126281RBR-0033,ROLEX,m126281rbr-0033,catalogue variant,pending source review,https://www.rolex.com/en-gb/watches/datejust/m126281rbr-0033,pending,pending,
CATALOGUE:M126281RBR-0034,ROLEX,m126281rbr-0034,catalogue variant,pending source review,https://www.rolex.com/en-gb/watches/datejust/m126281rbr-0034,pending,pending,
CATALOGUE:M126281RBR-0035,ROLEX,m126281rbr-0035,catalogue variant,pending source review,https://www.rolex.com/en-gb/watches/datejust/m126281rbr-0035,pending,pending,
CATALOGUE:M126281RBR-0036,ROLEX,m126281rbr-0036,catalogue variant,pending source review,https://www.rolex.com/en-gb/watches/datejust/m126281rbr-0036,pending,pending,
CATALOGUE:M126281RBR-0037,ROLEX,m126281rbr-0037,catalogue variant,pending source review,https://www.rolex.com/en-gb/watches/datejust/m126281rbr-0037,pending,pending,
CATALOGUE:M126281RBR-0038,ROLEX,m126281rbr-0038,catalogue variant,pending source review,https://www.rolex.com/en-gb/watches/datejust/m126281rbr-0038,pending,pending,
CATALOGUE:M126281RBR-0039,ROLEX,m126281rbr-0039,catalogue variant,pending source review,https://www.rolex.com/en-gb/watches/datejust/m126281rbr-0039,pending,pending,
CATALOGUE:M126281RBR-0040,ROLEX,m126281rbr-0040,catalogue variant,pending source review,https://www.rolex.com/en-gb/watches/datejust/m126281rbr-0040,pending,pending,
CATALOGUE:M126281RBR-0041,ROLEX,m126281rbr-0041,catalogue variant,pending source review,https://www.rolex.com/en-gb/watches/datejust/m126281rbr-0041,pending,pending,
CATALOGUE:M126281RBR-0042,ROLEX,m126281rbr-0042,catalogue variant,pending source review,https://www.rolex.com/en-gb/watches/datejust/m126281rbr-0042,pending,pending,
CATALOGUE:M126283RBR-0001,ROLEX,m126283rbr-0001,catalogue variant,pending source review,https://www.rolex.com/en-gb/watches/datejust/m126283rbr-0001,pending,pending,
CATALOGUE:M126283RBR-0002,ROLEX,m126283rbr-0002,catalogue variant,pending source review,https://www.rolex.com/en-gb/watches/datejust/m126283rbr-0002,pending,pending,
CATALOGUE:M126283RBR-0003,ROLEX,m126283rbr-0003,catalogue variant,pending source review,https://www.rolex.com/en-gb/watches/datejust/m126283rbr-0003,pending,pending,
CATALOGUE:M126283RBR-0004,ROLEX,m126283rbr-0004,catalogue variant,pending source review,https://www.rolex.com/en-gb/watches/datejust/m126283rbr-0004,pending,pending,
CATALOGUE:M126283RBR-0005,ROLEX,m126283rbr-0005,catalogue variant,pending source review,https://www.rolex.com/en-gb/watches/datejust/m126283rbr-0005,pending,pending,
CATALOGUE:M126283RBR-0006,ROLEX,m126283rbr-0006,catalogue variant,pending source review,https://www.rolex.com/en-gb/watches/datejust/m126283rbr-0006,pending,pending,
CATALOGUE:M126283RBR-0007,ROLEX,m126283rbr-0007,catalogue variant,pending source review,https://www.rolex.com/en-gb/watches/datejust/m126283rbr-0007,pending,pending,
CATALOGUE:M126283RBR-0008,ROLEX,m126283rbr-0008,catalogue variant,pending source review,https://www.rolex.com/en-gb/watches/datejust/m126283rbr-0008,pending,pending,
CATALOGUE:M126283RBR-0009,ROLEX,m126283rbr-0009,catalogue variant,pending source review,https://www.rolex.com/en-gb/watches/datejust/m126283rbr-0009,pending,pending,
CATALOGUE:M126283RBR-0010,ROLEX,m126283rbr-0010,catalogue variant,pending source review,https://www.rolex.com/en-gb/watches/datejust/m126283rbr-0010,pending,pending,
CATALOGUE:M126283RBR-0021,ROLEX,m126283rbr-0021,catalogue variant,pending source review,https://www.rolex.com/en-gb/watches/datejust/m126283rbr-0021,pending,pending,
CATALOGUE:M126283RBR-0022,ROLEX,m126283rbr-0022,catalogue variant,pending source review,https://www.rolex.com/en-gb/watches/datejust/m126283rbr-0022,pending,pending,
CATALOGUE:M126283RBR-0033,ROLEX,m126283rbr-0033,catalogue variant,pending source review,https://www.rolex.com/en-gb/watches/datejust/m126283rbr-0033,pending,pending,
CATALOGUE:M126283RBR-0034,ROLEX,m126283rbr-0034,catalogue variant,pending source review,https://www.rolex.com/en-gb/watches/datejust/m126283rbr-0034,pending,pending,
CATALOGUE:M126283RBR-0035,ROLEX,m126283rbr-0035,catalogue variant,pending source review,https://www.rolex.com/en-gb/watches/datejust/m126283rbr-0035,pending,pending,
CATALOGUE:M126283RBR-0036,ROLEX,m126283rbr-0036,catalogue variant,pending source review,https://www.rolex.com/en-gb/watches/datejust/m126283rbr-0036,pending,pending,
CATALOGUE:M126283RBR-0037,ROLEX,m126283rbr-0037,catalogue variant,pending source review,https://www.rolex.com/en-gb/watches/datejust/m126283rbr-0037,pending,pending,
CATALOGUE:M126283RBR-0038,ROLEX,m126283rbr-0038,catalogue variant,pending source review,https://www.rolex.com/en-gb/watches/datejust/m126283rbr-0038,pending,pending,
CATALOGUE:M126283RBR-0039,ROLEX,m126283rbr-0039,catalogue variant,pending source review,https://www.rolex.com/en-gb/watches/datejust/m126283rbr-0039,pending,pending,
CATALOGUE:M126283RBR-0040,ROLEX,m126283rbr-0040,catalogue variant,pending source review,https://www.rolex.com/en-gb/watches/datejust/m126283rbr-0040,pending,pending,
CATALOGUE:M126283RBR-0041,ROLEX,m126283rbr-0041,catalogue variant,pending source review,https://www.rolex.com/en-gb/watches/datejust/m126283rbr-0041,pending,pending,
CATALOGUE:M126283RBR-0042,ROLEX,m126283rbr-0042,catalogue variant,pending source review,https://www.rolex.com/en-gb/watches/datejust/m126283rbr-0042,pending,pending,
CATALOGUE:M126283RBR-0043,ROLEX,m126283rbr-0043,catalogue variant,pending source review,https://www.rolex.com/en-gb/watches/datejust/m126283rbr-0043,pending,pending,
CATALOGUE:M126283RBR-0044,ROLEX,m126283rbr-0044,catalogue variant,pending source review,https://www.rolex.com/en-gb/watches/datejust/m126283rbr-0044,pending,pending,
CATALOGUE:M126284RBR-0005,ROLEX,m126284rbr-0005,catalogue variant,pending source review,https://www.rolex.com/en-gb/watches/datejust/m126284rbr-0005,pending,pending,
CATALOGUE:M126284RBR-0006,ROLEX,m126284rbr-0006,catalogue variant,pending source review,https://www.rolex.com/en-gb/watches/datejust/m126284rbr-0006,pending,pending,
CATALOGUE:M126284RBR-0007,ROLEX,m126284rbr-0007,catalogue variant,pending source review,https://www.rolex.com/en-gb/watches/datejust/m126284rbr-0007,pending,pending,
CATALOGUE:M126284RBR-0008,ROLEX,m126284rbr-0008,catalogue variant,pending source review,https://www.rolex.com/en-gb/watches/datejust/m126284rbr-0008,pending,pending,
CATALOGUE:M126284RBR-0009,ROLEX,m126284rbr-0009,catalogue variant,pending source review,https://www.rolex.com/en-gb/watches/datejust/m126284rbr-0009,pending,pending,
CATALOGUE:M126284RBR-0010,ROLEX,m126284rbr-0010,catalogue variant,pending source review,https://www.rolex.com/en-gb/watches/datejust/m126284rbr-0010,pending,pending,
CATALOGUE:M126284RBR-0011,ROLEX,m126284rbr-0011,catalogue variant,pending source review,https://www.rolex.com/en-gb/watches/datejust/m126284rbr-0011,pending,pending,
CATALOGUE:M126284RBR-0012,ROLEX,m126284rbr-0012,catalogue variant,pending source review,https://www.rolex.com/en-gb/watches/datejust/m126284rbr-0012,pending,pending,
CATALOGUE:M126284RBR-0019,ROLEX,m126284rbr-0019,catalogue variant,pending source review,https://www.rolex.com/en-gb/watches/datejust/m126284rbr-0019,pending,pending,
CATALOGUE:M126284RBR-0020,ROLEX,m126284rbr-0020,catalogue variant,pending source review,https://www.rolex.com/en-gb/watches/datejust/m126284rbr-0020,pending,pending,
CATALOGUE:M126284RBR-0029,ROLEX,m126284rbr-0029,catalogue variant,pending source review,https://www.rolex.com/en-gb/watches/datejust/m126284rbr-0029,pending,pending,
CATALOGUE:M126284RBR-0030,ROLEX,m126284rbr-0030,catalogue variant,pending source review,https://www.rolex.com/en-gb/watches/datejust/m126284rbr-0030,pending,pending,
CATALOGUE:M126284RBR-0037,ROLEX,m126284rbr-0037,catalogue variant,pending source review,https://www.rolex.com/en-gb/watches/datejust/m126284rbr-0037,pending,pending,
CATALOGUE:M126284RBR-0038,ROLEX,m126284rbr-0038,catalogue variant,pending source review,https://www.rolex.com/en-gb/watches/datejust/m126284rbr-0038,pending,pending,
CATALOGUE:M126284RBR-0043,ROLEX,m126284rbr-0043,catalogue variant,pending source review,https://www.rolex.com/en-gb/watches/datejust/m126284rbr-0043,pending,pending,
CATALOGUE:M126284RBR-0044,ROLEX,m126284rbr-0044,catalogue variant,pending source review,https://www.rolex.com/en-gb/watches/datejust/m126284rbr-0044,pending,pending,
CATALOGUE:M126284RBR-0051,ROLEX,m126284rbr-0051,catalogue variant,pending source review,https://www.rolex.com/en-gb/watches/datejust/m126284rbr-0051,pending,pending,
CATALOGUE:M126284RBR-0052,ROLEX,m126284rbr-0052,catalogue variant,pending source review,https://www.rolex.com/en-gb/watches/datejust/m126284rbr-0052,pending,pending,
CATALOGUE:M126284RBR-0053,ROLEX,m126284rbr-0053,catalogue variant,pending source review,https://www.rolex.com/en-gb/watches/datejust/m126284rbr-0053,pending,pending,
CATALOGUE:M126284RBR-0054,ROLEX,m126284rbr-0054,catalogue variant,pending source review,https://www.rolex.com/en-gb/watches/datejust/m126284rbr-0054,pending,pending,
CATALOGUE:M126284RBR-0055,ROLEX,m126284rbr-0055,catalogue variant,pending source review,https://www.rolex.com/en-gb/watches/datejust/m126284rbr-0055,pending,pending,
CATALOGUE:M126284RBR-0056,ROLEX,m126284rbr-0056,catalogue variant,pending source review,https://www.rolex.com/en-gb/watches/datejust/m126284rbr-0056,pending,pending,
CATALOGUE:M126284RBR-0057,ROLEX,m126284rbr-0057,catalogue variant,pending source review,https://www.rolex.com/en-gb/watches/datejust/m126284rbr-0057,pending,pending,
CATALOGUE:M126284RBR-0058,ROLEX,m126284rbr-0058,catalogue variant,pending source review,https://www.rolex.com/en-gb/watches/datejust/m126284rbr-0058,pending,pending,
CATALOGUE:M126284RBR-0059,ROLEX,m126284rbr-0059,catalogue variant,pending source review,https://www.rolex.com/en-gb/watches/datejust/m126284rbr-0059,pending,pending,
CATALOGUE:M126284RBR-0060,ROLEX,m126284rbr-0060,catalogue variant,pending source review,https://www.rolex.com/en-gb/watches/datejust/m126284rbr-0060,pending,pending,
CATALOGUE:M126284RBR-0061,ROLEX,m126284rbr-0061,catalogue variant,pending source review,https://www.rolex.com/en-gb/watches/datejust/m126284rbr-0061,pending,pending,
CATALOGUE:M126284RBR-0062,ROLEX,m126284rbr-0062,catalogue variant,pending source review,https://www.rolex.com/en-gb/watches/datejust/m126284rbr-0062,pending,pending,
CATALOGUE:M126284RBR-0063,ROLEX,m126284rbr-0063,catalogue variant,pending source review,https://www.rolex.com/en-gb/watches/datejust/m126284rbr-0063,pending,pending,
CATALOGUE:M126284RBR-0064,ROLEX,m126284rbr-0064,catalogue variant,pending source review,https://www.rolex.com/en-gb/watches/datejust/m126284rbr-0064,pending,pending,
CATALOGUE:M126300-0001,ROLEX,m126300-0001,catalogue variant,base reviewed; variant pending,https://www.rolex.com/en-gb/watches/datejust/m126300-0001,pending,pending,
CATALOGUE:M126300-0002,ROLEX,m126300-0002,catalogue variant,base reviewed; variant pending,https://www.rolex.com/en-gb/watches/datejust/m126300-0002,pending,pending,
CATALOGUE:M126300-0003,ROLEX,m126300-0003,catalogue variant,base reviewed; variant pending,https://www.rolex.com/en-gb/watches/datejust/m126300-0003,pending,pending,
CATALOGUE:M126300-0004,ROLEX,m126300-0004,catalogue variant,base reviewed; variant pending,https://www.rolex.com/en-gb/watches/datejust/m126300-0004,pending,pending,
CATALOGUE:M126300-0005,ROLEX,m126300-0005,catalogue variant,base reviewed; variant pending,https://www.rolex.com/en-gb/watches/datejust/m126300-0005,pending,pending,
CATALOGUE:M126300-0006,ROLEX,m126300-0006,catalogue variant,base reviewed; variant pending,https://www.rolex.com/en-gb/watches/datejust/m126300-0006,pending,pending,
CATALOGUE:M126300-0007,ROLEX,m126300-0007,catalogue variant,variant source reviewed,https://www.rolex.com/en-gb/watches/datejust/m126300-0007,available,pending,2026-10-08
CATALOGUE:M126300-0008,ROLEX,m126300-0008,catalogue variant,base reviewed; variant pending,https://www.rolex.com/en-gb/watches/datejust/m126300-0008,pending,pending,
CATALOGUE:M126300-0011,ROLEX,m126300-0011,catalogue variant,base reviewed; variant pending,https://www.rolex.com/en-gb/watches/datejust/m126300-0011,pending,pending,
CATALOGUE:M126300-0012,ROLEX,m126300-0012,catalogue variant,base reviewed; variant pending,https://www.rolex.com/en-gb/watches/datejust/m126300-0012,pending,pending,
CATALOGUE:M126300-0013,ROLEX,m126300-0013,catalogue variant,base reviewed; variant pending,https://www.rolex.com/en-gb/watches/datejust/m126300-0013,pending,pending,
CATALOGUE:M126300-0014,ROLEX,m126300-0014,catalogue variant,base reviewed; variant pending,https://www.rolex.com/en-gb/watches/datejust/m126300-0014,pending,pending,
CATALOGUE:M126300-0019,ROLEX,m126300-0019,catalogue variant,base reviewed; variant pending,https://www.rolex.com/en-gb/watches/datejust/m126300-0019,pending,pending,
CATALOGUE:M126300-0020,ROLEX,m126300-0020,catalogue variant,base reviewed; variant pending,https://www.rolex.com/en-gb/watches/datejust/m126300-0020,pending,pending,
CATALOGUE:M126300-0025,ROLEX,m126300-0025,catalogue variant,base reviewed; variant pending,https://www.rolex.com/en-gb/watches/datejust/m126300-0025,pending,pending,
CATALOGUE:M126300-0026,ROLEX,m126300-0026,catalogue variant,base reviewed; variant pending,https://www.rolex.com/en-gb/watches/datejust/m126300-0026,pending,pending,
CATALOGUE:M126300-0027,ROLEX,m126300-0027,catalogue variant,base reviewed; variant pending,https://www.rolex.com/en-gb/watches/datejust/m126300-0027,pending,pending,
CATALOGUE:M126300-0028,ROLEX,m126300-0028,catalogue variant,base reviewed; variant pending,https://www.rolex.com/en-gb/watches/datejust/m126300-0028,pending,pending,
CATALOGUE:M126300-0029,ROLEX,m126300-0029,catalogue variant,base reviewed; variant pending,https://www.rolex.com/en-gb/watches/datejust/m126300-0029,pending,pending,
CATALOGUE:M126300-0030,ROLEX,m126300-0030,catalogue variant,base reviewed; variant pending,https://www.rolex.com/en-gb/watches/datejust/m126300-0030,pending,pending,
CATALOGUE:M126301-0001,ROLEX,m126301-0001,catalogue variant,pending source review,https://www.rolex.com/en-gb/watches/datejust/m126301-0001,pending,pending,
CATALOGUE:M126301-0002,ROLEX,m126301-0002,catalogue variant,pending source review,https://www.rolex.com/en-gb/watches/datejust/m126301-0002,pending,pending,
CATALOGUE:M126301-0003,ROLEX,m126301-0003,catalogue variant,pending source review,https://www.rolex.com/en-gb/watches/datejust/m126301-0003,pending,pending,
CATALOGUE:M126301-0004,ROLEX,m126301-0004,catalogue variant,pending source review,https://www.rolex.com/en-gb/watches/datejust/m126301-0004,pending,pending,
CATALOGUE:M126301-0007,ROLEX,m126301-0007,catalogue variant,pending source review,https://www.rolex.com/en-gb/watches/datejust/m126301-0007,pending,pending,
CATALOGUE:M126301-0008,ROLEX,m126301-0008,catalogue variant,pending source review,https://www.rolex.com/en-gb/watches/datejust/m126301-0008,pending,pending,
CATALOGUE:M126301-0009,ROLEX,m126301-0009,catalogue variant,pending source review,https://www.rolex.com/en-gb/watches/datejust/m126301-0009,pending,pending,
CATALOGUE:M126301-0010,ROLEX,m126301-0010,catalogue variant,pending source review,https://www.rolex.com/en-gb/watches/datejust/m126301-0010,pending,pending,
CATALOGUE:M126301-0015,ROLEX,m126301-0015,catalogue variant,pending source review,https://www.rolex.com/en-gb/watches/datejust/m126301-0015,pending,pending,
CATALOGUE:M126301-0016,ROLEX,m126301-0016,catalogue variant,pending source review,https://www.rolex.com/en-gb/watches/datejust/m126301-0016,pending,pending,
CATALOGUE:M126301-0021,ROLEX,m126301-0021,catalogue variant,pending source review,https://www.rolex.com/en-gb/watches/datejust/m126301-0021,pending,pending,
CATALOGUE:M126301-0022,ROLEX,m126301-0022,catalogue variant,pending source review,https://www.rolex.com/en-gb/watches/datejust/m126301-0022,pending,pending,
CATALOGUE:M126301-0023,ROLEX,m126301-0023,catalogue variant,pending source review,https://www.rolex.com/en-gb/watches/datejust/m126301-0023,pending,pending,
CATALOGUE:M126301-0024,ROLEX,m126301-0024,catalogue variant,pending source review,https://www.rolex.com/en-gb/watches/datejust/m126301-0024,pending,pending,
CATALOGUE:M126301-0025,ROLEX,m126301-0025,catalogue variant,pending source review,https://www.rolex.com/en-gb/watches/datejust/m126301-0025,pending,pending,
CATALOGUE:M126301-0026,ROLEX,m126301-0026,catalogue variant,pending source review,https://www.rolex.com/en-gb/watches/datejust/m126301-0026,pending,pending,
CATALOGUE:M126303-0001,ROLEX,m126303-0001,catalogue variant,pending source review,https://www.rolex.com/en-gb/watches/datejust/m126303-0001,pending,pending,
CATALOGUE:M126303-0002,ROLEX,m126303-0002,catalogue variant,pending source review,https://www.rolex.com/en-gb/watches/datejust/m126303-0002,pending,pending,
CATALOGUE:M126303-0005,ROLEX,m126303-0005,catalogue variant,pending source review,https://www.rolex.com/en-gb/watches/datejust/m126303-0005,pending,pending,
CATALOGUE:M126303-0006,ROLEX,m126303-0006,catalogue variant,pending source review,https://www.rolex.com/en-gb/watches/datejust/m126303-0006,pending,pending,
CATALOGUE:M126303-0009,ROLEX,m126303-0009,catalogue variant,pending source review,https://www.rolex.com/en-gb/watches/datejust/m126303-0009,pending,pending,
CATALOGUE:M126303-0010,ROLEX,m126303-0010,catalogue variant,pending source review,https://www.rolex.com/en-gb/watches/datejust/m126303-0010,pending,pending,
CATALOGUE:M126303-0011,ROLEX,m126303-0011,catalogue variant,pending source review,https://www.rolex.com/en-gb/watches/datejust/m126303-0011,pending,pending,
CATALOGUE:M126303-0012,ROLEX,m126303-0012,catalogue variant,pending source review,https://www.rolex.com/en-gb/watches/datejust/m126303-0012,pending,pending,
CATALOGUE:M126303-0013,ROLEX,m126303-0013,catalogue variant,pending source review,https://www.rolex.com/en-gb/watches/datejust/m126303-0013,pending,pending,
CATALOGUE:M126303-0014,ROLEX,m126303-0014,catalogue variant,pending source review,https://www.rolex.com/en-gb/watches/datejust/m126303-0014,pending,pending,
CATALOGUE:M126303-0015,ROLEX,m126303-0015,catalogue variant,pending source review,https://www.rolex.com/en-gb/watches/datejust/m126303-0015,pending,pending,
CATALOGUE:M126303-0016,ROLEX,m126303-0016,catalogue variant,pending source review,https://www.rolex.com/en-gb/watches/datejust/m126303-0016,pending,pending,
CATALOGUE:M126303-0019,ROLEX,m126303-0019,catalogue variant,pending source review,https://www.rolex.com/en-gb/watches/datejust/m126303-0019,pending,pending,
CATALOGUE:M126303-0020,ROLEX,m126303-0020,catalogue variant,pending source review,https://www.rolex.com/en-gb/watches/datejust/m126303-0020,pending,pending,
CATALOGUE:M126303-0023,ROLEX,m126303-0023,catalogue variant,pending source review,https://www.rolex.com/en-gb/watches/datejust/m126303-0023,pending,pending,
CATALOGUE:M126303-0024,ROLEX,m126303-0024,catalogue variant,pending source review,https://www.rolex.com/en-gb/watches/datejust/m126303-0024,pending,pending,
CATALOGUE:M126303-0025,ROLEX,m126303-0025,catalogue variant,pending source review,https://www.rolex.com/en-gb/watches/datejust/m126303-0025,pending,pending,
CATALOGUE:M126303-0026,ROLEX,m126303-0026,catalogue variant,pending source review,https://www.rolex.com/en-gb/watches/datejust/m126303-0026,pending,pending,
CATALOGUE:M126331-0001,ROLEX,m126331-0001,catalogue variant,pending source review,https://www.rolex.com/en-gb/watches/datejust/m126331-0001,pending,pending,
CATALOGUE:M126331-0002,ROLEX,m126331-0002,catalogue variant,pending source review,https://www.rolex.com/en-gb/watches/datejust/m126331-0002,pending,pending,
CATALOGUE:M126331-0003,ROLEX,m126331-0003,catalogue variant,pending source review,https://www.rolex.com/en-gb/watches/datejust/m126331-0003,pending,pending,
CATALOGUE:M126331-0004,ROLEX,m126331-0004,catalogue variant,pending source review,https://www.rolex.com/en-gb/watches/datejust/m126331-0004,pending,pending,
CATALOGUE:M126331-0007,ROLEX,m126331-0007,catalogue variant,pending source review,https://www.rolex.com/en-gb/watches/datejust/m126331-0007,pending,pending,
CATALOGUE:M126331-0008,ROLEX,m126331-0008,catalogue variant,pending source review,https://www.rolex.com/en-gb/watches/datejust/m126331-0008,pending,pending,
CATALOGUE:M126331-0009,ROLEX,m126331-0009,catalogue variant,pending source review,https://www.rolex.com/en-gb/watches/datejust/m126331-0009,pending,pending,
CATALOGUE:M126331-0010,ROLEX,m126331-0010,catalogue variant,pending source review,https://www.rolex.com/en-gb/watches/datejust/m126331-0010,pending,pending,
CATALOGUE:M126331-0015,ROLEX,m126331-0015,catalogue variant,pending source review,https://www.rolex.com/en-gb/watches/datejust/m126331-0015,pending,pending,
CATALOGUE:M126331-0016,ROLEX,m126331-0016,catalogue variant,pending source review,https://www.rolex.com/en-gb/watches/datejust/m126331-0016,pending,pending,
CATALOGUE:M126331-0021,ROLEX,m126331-0021,catalogue variant,pending source review,https://www.rolex.com/en-gb/watches/datejust/m126331-0021,pending,pending,
CATALOGUE:M126331-0022,ROLEX,m126331-0022,catalogue variant,pending source review,https://www.rolex.com/en-gb/watches/datejust/m126331-0022,pending,pending,
CATALOGUE:M126331-0023,ROLEX,m126331-0023,catalogue variant,pending source review,https://www.rolex.com/en-gb/watches/datejust/m126331-0023,pending,pending,
CATALOGUE:M126331-0024,ROLEX,m126331-0024,catalogue variant,pending source review,https://www.rolex.com/en-gb/watches/datejust/m126331-0024,pending,pending,
CATALOGUE:M126331-0025,ROLEX,m126331-0025,catalogue variant,pending source review,https://www.rolex.com/en-gb/watches/datejust/m126331-0025,pending,pending,
CATALOGUE:M126331-0026,ROLEX,m126331-0026,catalogue variant,pending source review,https://www.rolex.com/en-gb/watches/datejust/m126331-0026,pending,pending,
CATALOGUE:M126333-0001,ROLEX,m126333-0001,catalogue variant,pending source review,https://www.rolex.com/en-gb/watches/datejust/m126333-0001,pending,pending,
CATALOGUE:M126333-0002,ROLEX,m126333-0002,catalogue variant,pending source review,https://www.rolex.com/en-gb/watches/datejust/m126333-0002,pending,pending,
CATALOGUE:M126333-0005,ROLEX,m126333-0005,catalogue variant,pending source review,https://www.rolex.com/en-gb/watches/datejust/m126333-0005,pending,pending,
CATALOGUE:M126333-0006,ROLEX,m126333-0006,catalogue variant,pending source review,https://www.rolex.com/en-gb/watches/datejust/m126333-0006,pending,pending,
CATALOGUE:M126333-0009,ROLEX,m126333-0009,catalogue variant,pending source review,https://www.rolex.com/en-gb/watches/datejust/m126333-0009,pending,pending,
CATALOGUE:M126333-0010,ROLEX,m126333-0010,catalogue variant,pending source review,https://www.rolex.com/en-gb/watches/datejust/m126333-0010,pending,pending,
CATALOGUE:M126333-0011,ROLEX,m126333-0011,catalogue variant,pending source review,https://www.rolex.com/en-gb/watches/datejust/m126333-0011,pending,pending,
CATALOGUE:M126333-0012,ROLEX,m126333-0012,catalogue variant,pending source review,https://www.rolex.com/en-gb/watches/datejust/m126333-0012,pending,pending,
CATALOGUE:M126333-0013,ROLEX,m126333-0013,catalogue variant,pending source review,https://www.rolex.com/en-gb/watches/datejust/m126333-0013,pending,pending,
CATALOGUE:M126333-0014,ROLEX,m126333-0014,catalogue variant,pending source review,https://www.rolex.com/en-gb/watches/datejust/m126333-0014,pending,pending,
CATALOGUE:M126333-0015,ROLEX,m126333-0015,catalogue variant,pending source review,https://www.rolex.com/en-gb/watches/datejust/m126333-0015,pending,pending,
CATALOGUE:M126333-0016,ROLEX,m126333-0016,catalogue variant,pending source review,https://www.rolex.com/en-gb/watches/datejust/m126333-0016,pending,pending,
CATALOGUE:M126333-0019,ROLEX,m126333-0019,catalogue variant,pending source review,https://www.rolex.com/en-gb/watches/datejust/m126333-0019,pending,pending,
CATALOGUE:M126333-0020,ROLEX,m126333-0020,catalogue variant,pending source review,https://www.rolex.com/en-gb/watches/datejust/m126333-0020,pending,pending,
CATALOGUE:M126333-0023,ROLEX,m126333-0023,catalogue variant,pending source review,https://www.rolex.com/en-gb/watches/datejust/m126333-0023,pending,pending,
CATALOGUE:M126333-0024,ROLEX,m126333-0024,catalogue variant,pending source review,https://www.rolex.com/en-gb/watches/datejust/m126333-0024,pending,pending,
CATALOGUE:M126333-0025,ROLEX,m126333-0025,catalogue variant,pending source review,https://www.rolex.com/en-gb/watches/datejust/m126333-0025,pending,pending,
CATALOGUE:M126333-0026,ROLEX,m126333-0026,catalogue variant,pending source review,https://www.rolex.com/en-gb/watches/datejust/m126333-0026,pending,pending,
CATALOGUE:M126334-0001,ROLEX,m126334-0001,catalogue variant,pending source review,https://www.rolex.com/en-gb/watches/datejust/m126334-0001,pending,pending,
CATALOGUE:M126334-0002,ROLEX,m126334-0002,catalogue variant,pending source review,https://www.rolex.com/en-gb/watches/datejust/m126334-0002,pending,pending,
CATALOGUE:M126334-0003,ROLEX,m126334-0003,catalogue variant,pending source review,https://www.rolex.com/en-gb/watches/datejust/m126334-0003,pending,pending,
CATALOGUE:M126334-0004,ROLEX,m126334-0004,catalogue variant,pending source review,https://www.rolex.com/en-gb/watches/datejust/m126334-0004,pending,pending,
CATALOGUE:M126334-0005,ROLEX,m126334-0005,catalogue variant,pending source review,https://www.rolex.com/en-gb/watches/datejust/m126334-0005,pending,pending,
CATALOGUE:M126334-0006,ROLEX,m126334-0006,catalogue variant,pending source review,https://www.rolex.com/en-gb/watches/datejust/m126334-0006,pending,pending,
CATALOGUE:M126334-0009,ROLEX,m126334-0009,catalogue variant,pending source review,https://www.rolex.com/en-gb/watches/datejust/m126334-0009,pending,pending,
CATALOGUE:M126334-0010,ROLEX,m126334-0010,catalogue variant,pending source review,https://www.rolex.com/en-gb/watches/datejust/m126334-0010,pending,pending,
CATALOGUE:M126334-0011,ROLEX,m126334-0011,catalogue variant,pending source review,https://www.rolex.com/en-gb/watches/datejust/m126334-0011,pending,pending,
CATALOGUE:M126334-0012,ROLEX,m126334-0012,catalogue variant,pending source review,https://www.rolex.com/en-gb/watches/datejust/m126334-0012,pending,pending,
CATALOGUE:M126334-0013,ROLEX,m126334-0013,catalogue variant,pending source review,https://www.rolex.com/en-gb/watches/datejust/m126334-0013,pending,pending,
CATALOGUE:M126334-0014,ROLEX,m126334-0014,catalogue variant,pending source review,https://www.rolex.com/en-gb/watches/datejust/m126334-0014,pending,pending,
CATALOGUE:M126334-0015,ROLEX,m126334-0015,catalogue variant,pending source review,https://www.rolex.com/en-gb/watches/datejust/m126334-0015,pending,pending,
CATALOGUE:M126334-0016,ROLEX,m126334-0016,catalogue variant,pending source review,https://www.rolex.com/en-gb/watches/datejust/m126334-0016,pending,pending,
CATALOGUE:M126334-0017,ROLEX,m126334-0017,catalogue variant,pending source review,https://www.rolex.com/en-gb/watches/datejust/m126334-0017,pending,pending,
CATALOGUE:M126334-0018,ROLEX,m126334-0018,catalogue variant,pending source review,https://www.rolex.com/en-gb/watches/datejust/m126334-0018,pending,pending,
CATALOGUE:M126334-0021,ROLEX,m126334-0021,catalogue variant,pending source review,https://www.rolex.com/en-gb/watches/datejust/m126334-0021,pending,pending,
CATALOGUE:M126334-0022,ROLEX,m126334-0022,catalogue variant,pending source review,https://www.rolex.com/en-gb/watches/datejust/m126334-0022,pending,pending,
CATALOGUE:M126334-0027,ROLEX,m126334-0027,catalogue variant,pending source review,https://www.rolex.com/en-gb/watches/datejust/m126334-0027,pending,pending,
CATALOGUE:M126334-0028,ROLEX,m126334-0028,catalogue variant,pending source review,https://www.rolex.com/en-gb/watches/datejust/m126334-0028,pending,pending,
CATALOGUE:M126334-0033,ROLEX,m126334-0033,catalogue variant,pending source review,https://www.rolex.com/en-gb/watches/datejust/m126334-0033,pending,pending,
CATALOGUE:M126334-0034,ROLEX,m126334-0034,catalogue variant,pending source review,https://www.rolex.com/en-gb/watches/datejust/m126334-0034,pending,pending,
CATALOGUE:M126334-0035,ROLEX,m126334-0035,catalogue variant,pending source review,https://www.rolex.com/en-gb/watches/datejust/m126334-0035,pending,pending,
CATALOGUE:M126334-0036,ROLEX,m126334-0036,catalogue variant,pending source review,https://www.rolex.com/en-gb/watches/datejust/m126334-0036,pending,pending,
CATALOGUE:M126334-0037,ROLEX,m126334-0037,catalogue variant,pending source review,https://www.rolex.com/en-gb/watches/datejust/m126334-0037,pending,pending,
CATALOGUE:M126334-0038,ROLEX,m126334-0038,catalogue variant,pending source review,https://www.rolex.com/en-gb/watches/datejust/m126334-0038,pending,pending,
CATALOGUE:M128235-0009,ROLEX,m128235-0009,catalogue variant,pending source review,https://www.rolex.com/en-gb/watches/day-date/m128235-0009,pending,pending,
CATALOGUE:M128235-0029,ROLEX,m128235-0029,catalogue variant,pending source review,https://www.rolex.com/en-gb/watches/day-date/m128235-0029,pending,pending,
CATALOGUE:M128235-0037,ROLEX,m128235-0037,catalogue variant,pending source review,https://www.rolex.com/en-gb/watches/day-date/m128235-0037,pending,pending,
CATALOGUE:M128235-0039,ROLEX,m128235-0039,catalogue variant,pending source review,https://www.rolex.com/en-gb/watches/day-date/m128235-0039,pending,pending,
CATALOGUE:M128235-0041,ROLEX,m128235-0041,catalogue variant,pending source review,https://www.rolex.com/en-gb/watches/day-date/m128235-0041,pending,pending,
CATALOGUE:M128235-0050,ROLEX,m128235-0050,catalogue variant,pending source review,https://www.rolex.com/en-gb/watches/day-date/m128235-0050,pending,pending,
CATALOGUE:M128235-0068,ROLEX,m128235-0068,catalogue variant,pending source review,https://www.rolex.com/en-gb/watches/day-date/m128235-0068,pending,pending,
CATALOGUE:M128235-0070,ROLEX,m128235-0070,catalogue variant,pending source review,https://www.rolex.com/en-gb/watches/day-date/m128235-0070,pending,pending,
CATALOGUE:M128235-0075,ROLEX,m128235-0075,catalogue variant,pending source review,https://www.rolex.com/en-gb/watches/day-date/m128235-0075,pending,pending,
CATALOGUE:M128235-0078,ROLEX,m128235-0078,catalogue variant,pending source review,https://www.rolex.com/en-gb/watches/day-date/m128235-0078,pending,pending,
CATALOGUE:M128235-0085,ROLEX,m128235-0085,catalogue variant,pending source review,https://www.rolex.com/en-gb/watches/day-date/m128235-0085,pending,pending,
CATALOGUE:M128235-0087,ROLEX,m128235-0087,catalogue variant,pending source review,https://www.rolex.com/en-gb/watches/day-date/m128235-0087,pending,pending,
CATALOGUE:M128235-0089,ROLEX,m128235-0089,catalogue variant,pending source review,https://www.rolex.com/en-gb/watches/day-date/m128235-0089,pending,pending,
CATALOGUE:M128236-0001,ROLEX,m128236-0001,catalogue variant,pending source review,https://www.rolex.com/en-gb/watches/day-date/m128236-0001,pending,pending,
CATALOGUE:M128236-0002,ROLEX,m128236-0002,catalogue variant,pending source review,https://www.rolex.com/en-gb/watches/day-date/m128236-0002,pending,pending,
CATALOGUE:M128236-0003,ROLEX,m128236-0003,catalogue variant,pending source review,https://www.rolex.com/en-gb/watches/day-date/m128236-0003,pending,pending,
CATALOGUE:M128236-0005,ROLEX,m128236-0005,catalogue variant,pending source review,https://www.rolex.com/en-gb/watches/day-date/m128236-0005,pending,pending,
CATALOGUE:M128236-0006,ROLEX,m128236-0006,catalogue variant,pending source review,https://www.rolex.com/en-gb/watches/day-date/m128236-0006,pending,pending,
CATALOGUE:M128236-0009,ROLEX,m128236-0009,catalogue variant,pending source review,https://www.rolex.com/en-gb/watches/day-date/m128236-0009,pending,pending,
CATALOGUE:M128236-0017,ROLEX,m128236-0017,catalogue variant,pending source review,https://www.rolex.com/en-gb/watches/day-date/m128236-0017,pending,pending,
CATALOGUE:M128236-0018,ROLEX,m128236-0018,catalogue variant,pending source review,https://www.rolex.com/en-gb/watches/day-date/m128236-0018,pending,pending,
CATALOGUE:M128236-0020,ROLEX,m128236-0020,catalogue variant,pending source review,https://www.rolex.com/en-gb/watches/day-date/m128236-0020,pending,pending,
CATALOGUE:M128236-0021,ROLEX,m128236-0021,catalogue variant,pending source review,https://www.rolex.com/en-gb/watches/day-date/m128236-0021,pending,pending,
CATALOGUE:M128236-0023,ROLEX,m128236-0023,catalogue variant,pending source review,https://www.rolex.com/en-gb/watches/day-date/m128236-0023,pending,pending,
CATALOGUE:M128236-0024,ROLEX,m128236-0024,catalogue variant,pending source review,https://www.rolex.com/en-gb/watches/day-date/m128236-0024,pending,pending,
CATALOGUE:M128238-0008,ROLEX,m128238-0008,catalogue variant,pending source review,https://www.rolex.com/en-gb/watches/day-date/m128238-0008,pending,pending,
CATALOGUE:M128238-0011,ROLEX,m128238-0011,catalogue variant,pending source review,https://www.rolex.com/en-gb/watches/day-date/m128238-0011,pending,pending,
CATALOGUE:M128238-0022,ROLEX,m128238-0022,catalogue variant,pending source review,https://www.rolex.com/en-gb/watches/day-date/m128238-0022,pending,pending,
CATALOGUE:M128238-0045,ROLEX,m128238-0045,catalogue variant,pending source review,https://www.rolex.com/en-gb/watches/day-date/m128238-0045,pending,pending,
CATALOGUE:M128238-0051,ROLEX,m128238-0051,catalogue variant,pending source review,https://www.rolex.com/en-gb/watches/day-date/m128238-0051,pending,pending,
CATALOGUE:M128238-0069,ROLEX,m128238-0069,catalogue variant,pending source review,https://www.rolex.com/en-gb/watches/day-date/m128238-0069,pending,pending,
CATALOGUE:M128238-0081,ROLEX,m128238-0081,catalogue variant,pending source review,https://www.rolex.com/en-gb/watches/day-date/m128238-0081,pending,pending,
CATALOGUE:M128238-0088,ROLEX,m128238-0088,catalogue variant,pending source review,https://www.rolex.com/en-gb/watches/day-date/m128238-0088,pending,pending,
CATALOGUE:M128238-0113,ROLEX,m128238-0113,catalogue variant,pending source review,https://www.rolex.com/en-gb/watches/day-date/m128238-0113,pending,pending,
CATALOGUE:M128238-0118,ROLEX,m128238-0118,catalogue variant,pending source review,https://www.rolex.com/en-gb/watches/day-date/m128238-0118,pending,pending,
CATALOGUE:M128238-0123,ROLEX,m128238-0123,catalogue variant,pending source review,https://www.rolex.com/en-gb/watches/day-date/m128238-0123,pending,pending,
CATALOGUE:M128238-0130,ROLEX,m128238-0130,catalogue variant,pending source review,https://www.rolex.com/en-gb/watches/day-date/m128238-0130,pending,pending,
CATALOGUE:M128238-0132,ROLEX,m128238-0132,catalogue variant,pending source review,https://www.rolex.com/en-gb/watches/day-date/m128238-0132,pending,pending,
CATALOGUE:M128239-0005,ROLEX,m128239-0005,catalogue variant,pending source review,https://www.rolex.com/en-gb/watches/day-date/m128239-0005,pending,pending,
CATALOGUE:M128239-0007,ROLEX,m128239-0007,catalogue variant,pending source review,https://www.rolex.com/en-gb/watches/day-date/m128239-0007,pending,pending,
CATALOGUE:M128239-0019,ROLEX,m128239-0019,catalogue variant,pending source review,https://www.rolex.com/en-gb/watches/day-date/m128239-0019,pending,pending,
CATALOGUE:M128239-0021,ROLEX,m128239-0021,catalogue variant,pending source review,https://www.rolex.com/en-gb/watches/day-date/m128239-0021,pending,pending,
CATALOGUE:M128239-0023,ROLEX,m128239-0023,catalogue variant,pending source review,https://www.rolex.com/en-gb/watches/day-date/m128239-0023,pending,pending,
CATALOGUE:M128239-0059,ROLEX,m128239-0059,catalogue variant,pending source review,https://www.rolex.com/en-gb/watches/day-date/m128239-0059,pending,pending,
CATALOGUE:M128239-0063,ROLEX,m128239-0063,catalogue variant,pending source review,https://www.rolex.com/en-gb/watches/day-date/m128239-0063,pending,pending,
CATALOGUE:M128239-0065,ROLEX,m128239-0065,catalogue variant,pending source review,https://www.rolex.com/en-gb/watches/day-date/m128239-0065,pending,pending,
CATALOGUE:M128239-0069,ROLEX,m128239-0069,catalogue variant,pending source review,https://www.rolex.com/en-gb/watches/day-date/m128239-0069,pending,pending,
CATALOGUE:M128239-0071,ROLEX,m128239-0071,catalogue variant,pending source review,https://www.rolex.com/en-gb/watches/day-date/m128239-0071,pending,pending,
CATALOGUE:M128345RBR-0009,ROLEX,m128345rbr-0009,catalogue variant,pending source review,https://www.rolex.com/en-gb/watches/day-date/m128345rbr-0009,pending,pending,
CATALOGUE:M128345RBR-0020,ROLEX,m128345rbr-0020,catalogue variant,pending source review,https://www.rolex.com/en-gb/watches/day-date/m128345rbr-0020,pending,pending,
CATALOGUE:M128345RBR-0028,ROLEX,m128345rbr-0028,catalogue variant,pending source review,https://www.rolex.com/en-gb/watches/day-date/m128345rbr-0028,pending,pending,
CATALOGUE:M128345RBR-0030,ROLEX,m128345rbr-0030,catalogue variant,pending source review,https://www.rolex.com/en-gb/watches/day-date/m128345rbr-0030,pending,pending,
CATALOGUE:M128345RBR-0040,ROLEX,m128345rbr-0040,catalogue variant,pending source review,https://www.rolex.com/en-gb/watches/day-date/m128345rbr-0040,pending,pending,
CATALOGUE:M128345RBR-0041,ROLEX,m128345rbr-0041,catalogue variant,pending source review,https://www.rolex.com/en-gb/watches/day-date/m128345rbr-0041,pending,pending,
CATALOGUE:M128345RBR-0042,ROLEX,m128345rbr-0042,catalogue variant,pending source review,https://www.rolex.com/en-gb/watches/day-date/m128345rbr-0042,pending,pending,
CATALOGUE:M128345RBR-0043,ROLEX,m128345rbr-0043,catalogue variant,pending source review,https://www.rolex.com/en-gb/watches/day-date/m128345rbr-0043,pending,pending,
CATALOGUE:M128345RBR-0044,ROLEX,m128345rbr-0044,catalogue variant,pending source review,https://www.rolex.com/en-gb/watches/day-date/m128345rbr-0044,pending,pending,
CATALOGUE:M128345RBR-0045,ROLEX,m128345rbr-0045,catalogue variant,pending source review,https://www.rolex.com/en-gb/watches/day-date/m128345rbr-0045,pending,pending,
CATALOGUE:M128345RBR-0052,ROLEX,m128345rbr-0052,catalogue variant,pending source review,https://www.rolex.com/en-gb/watches/day-date/m128345rbr-0052,pending,pending,
CATALOGUE:M128345RBR-0053,ROLEX,m128345rbr-0053,catalogue variant,pending source review,https://www.rolex.com/en-gb/watches/day-date/m128345rbr-0053,pending,pending,
CATALOGUE:M128345RBR-0068,ROLEX,m128345rbr-0068,catalogue variant,pending source review,https://www.rolex.com/en-gb/watches/day-date/m128345rbr-0068,pending,pending,
CATALOGUE:M128345RBR-0069,ROLEX,m128345rbr-0069,catalogue variant,pending source review,https://www.rolex.com/en-gb/watches/day-date/m128345rbr-0069,pending,pending,
CATALOGUE:M128345RBR-0070,ROLEX,m128345rbr-0070,catalogue variant,pending source review,https://www.rolex.com/en-gb/watches/day-date/m128345rbr-0070,pending,pending,
CATALOGUE:M128345RBR-0071,ROLEX,m128345rbr-0071,catalogue variant,pending source review,https://www.rolex.com/en-gb/watches/day-date/m128345rbr-0071,pending,pending,
CATALOGUE:M128345RBR-0075,ROLEX,m128345rbr-0075,catalogue variant,pending source review,https://www.rolex.com/en-gb/watches/day-date/m128345rbr-0075,pending,pending,
CATALOGUE:M128345RBR-0076,ROLEX,m128345rbr-0076,catalogue variant,pending source review,https://www.rolex.com/en-gb/watches/day-date/m128345rbr-0076,pending,pending,
CATALOGUE:M128345RBR-0077,ROLEX,m128345rbr-0077,catalogue variant,pending source review,https://www.rolex.com/en-gb/watches/day-date/m128345rbr-0077,pending,pending,
CATALOGUE:M128345RBR-0078,ROLEX,m128345rbr-0078,catalogue variant,pending source review,https://www.rolex.com/en-gb/watches/day-date/m128345rbr-0078,pending,pending,
CATALOGUE:M128345RBR-0081,ROLEX,m128345rbr-0081,catalogue variant,pending source review,https://www.rolex.com/en-gb/watches/day-date/m128345rbr-0081,pending,pending,
CATALOGUE:M128345RBR-0082,ROLEX,m128345rbr-0082,catalogue variant,pending source review,https://www.rolex.com/en-gb/watches/day-date/m128345rbr-0082,pending,pending,
CATALOGUE:M128345RBR-0083,ROLEX,m128345rbr-0083,catalogue variant,pending source review,https://www.rolex.com/en-gb/watches/day-date/m128345rbr-0083,pending,pending,
CATALOGUE:M128345RBR-0084,ROLEX,m128345rbr-0084,catalogue variant,pending source review,https://www.rolex.com/en-gb/watches/day-date/m128345rbr-0084,pending,pending,
CATALOGUE:M128345RBR-0085,ROLEX,m128345rbr-0085,catalogue variant,pending source review,https://www.rolex.com/en-gb/watches/day-date/m128345rbr-0085,pending,pending,
CATALOGUE:M128345RBR-0086,ROLEX,m128345rbr-0086,catalogue variant,pending source review,https://www.rolex.com/en-gb/watches/day-date/m128345rbr-0086,pending,pending,
CATALOGUE:M128348RBR-0005,ROLEX,m128348rbr-0005,catalogue variant,pending source review,https://www.rolex.com/en-gb/watches/day-date/m128348rbr-0005,pending,pending,
CATALOGUE:M128348RBR-0007,ROLEX,m128348rbr-0007,catalogue variant,pending source review,https://www.rolex.com/en-gb/watches/day-date/m128348rbr-0007,pending,pending,
CATALOGUE:M128348RBR-0008,ROLEX,m128348rbr-0008,catalogue variant,pending source review,https://www.rolex.com/en-gb/watches/day-date/m128348rbr-0008,pending,pending,
CATALOGUE:M128348RBR-0010,ROLEX,m128348rbr-0010,catalogue variant,pending source review,https://www.rolex.com/en-gb/watches/day-date/m128348rbr-0010,pending,pending,
CATALOGUE:M128348RBR-0017,ROLEX,m128348rbr-0017,catalogue variant,pending source review,https://www.rolex.com/en-gb/watches/day-date/m128348rbr-0017,pending,pending,
CATALOGUE:M128348RBR-0019,ROLEX,m128348rbr-0019,catalogue variant,pending source review,https://www.rolex.com/en-gb/watches/day-date/m128348rbr-0019,pending,pending,
CATALOGUE:M128348RBR-0026,ROLEX,m128348rbr-0026,catalogue variant,pending source review,https://www.rolex.com/en-gb/watches/day-date/m128348rbr-0026,pending,pending,
CATALOGUE:M128348RBR-0027,ROLEX,m128348rbr-0027,catalogue variant,pending source review,https://www.rolex.com/en-gb/watches/day-date/m128348rbr-0027,pending,pending,
CATALOGUE:M128348RBR-0030,ROLEX,m128348rbr-0030,catalogue variant,pending source review,https://www.rolex.com/en-gb/watches/day-date/m128348rbr-0030,pending,pending,
CATALOGUE:M128348RBR-0031,ROLEX,m128348rbr-0031,catalogue variant,pending source review,https://www.rolex.com/en-gb/watches/day-date/m128348rbr-0031,pending,pending,
CATALOGUE:M128348RBR-0035,ROLEX,m128348rbr-0035,catalogue variant,pending source review,https://www.rolex.com/en-gb/watches/day-date/m128348rbr-0035,pending,pending,
CATALOGUE:M128348RBR-0036,ROLEX,m128348rbr-0036,catalogue variant,pending source review,https://www.rolex.com/en-gb/watches/day-date/m128348rbr-0036,pending,pending,
CATALOGUE:M128348RBR-0047,ROLEX,m128348rbr-0047,catalogue variant,pending source review,https://www.rolex.com/en-gb/watches/day-date/m128348rbr-0047,pending,pending,
CATALOGUE:M128348RBR-0048,ROLEX,m128348rbr-0048,catalogue variant,pending source review,https://www.rolex.com/en-gb/watches/day-date/m128348rbr-0048,pending,pending,
CATALOGUE:M128348RBR-0049,ROLEX,m128348rbr-0049,catalogue variant,pending source review,https://www.rolex.com/en-gb/watches/day-date/m128348rbr-0049,pending,pending,
CATALOGUE:M128348RBR-0050,ROLEX,m128348rbr-0050,catalogue variant,pending source review,https://www.rolex.com/en-gb/watches/day-date/m128348rbr-0050,pending,pending,
CATALOGUE:M128348RBR-0064,ROLEX,m128348rbr-0064,catalogue variant,pending source review,https://www.rolex.com/en-gb/watches/day-date/m128348rbr-0064,pending,pending,
CATALOGUE:M128348RBR-0065,ROLEX,m128348rbr-0065,catalogue variant,pending source review,https://www.rolex.com/en-gb/watches/day-date/m128348rbr-0065,pending,pending,
CATALOGUE:M128348RBR-0068,ROLEX,m128348rbr-0068,catalogue variant,pending source review,https://www.rolex.com/en-gb/watches/day-date/m128348rbr-0068,pending,pending,
CATALOGUE:M128348RBR-0069,ROLEX,m128348rbr-0069,catalogue variant,pending source review,https://www.rolex.com/en-gb/watches/day-date/m128348rbr-0069,pending,pending,
CATALOGUE:M128348RBR-0070,ROLEX,m128348rbr-0070,catalogue variant,pending source review,https://www.rolex.com/en-gb/watches/day-date/m128348rbr-0070,pending,pending,
CATALOGUE:M128348RBR-0071,ROLEX,m128348rbr-0071,catalogue variant,pending source review,https://www.rolex.com/en-gb/watches/day-date/m128348rbr-0071,pending,pending,
CATALOGUE:M128348RBR-0078,ROLEX,m128348rbr-0078,catalogue variant,pending source review,https://www.rolex.com/en-gb/watches/day-date/m128348rbr-0078,pending,pending,
CATALOGUE:M128348RBR-0079,ROLEX,m128348rbr-0079,catalogue variant,pending source review,https://www.rolex.com/en-gb/watches/day-date/m128348rbr-0079,pending,pending,
CATALOGUE:M128348RBR-0080,ROLEX,m128348rbr-0080,catalogue variant,pending source review,https://www.rolex.com/en-gb/watches/day-date/m128348rbr-0080,pending,pending,
CATALOGUE:M128348RBR-0081,ROLEX,m128348rbr-0081,catalogue variant,pending source review,https://www.rolex.com/en-gb/watches/day-date/m128348rbr-0081,pending,pending,
CATALOGUE:M128349RBR-0012,ROLEX,m128349rbr-0012,catalogue variant,pending source review,https://www.rolex.com/en-gb/watches/day-date/m128349rbr-0012,pending,pending,
CATALOGUE:M128349RBR-0013,ROLEX,m128349rbr-0013,catalogue variant,pending source review,https://www.rolex.com/en-gb/watches/day-date/m128349rbr-0013,pending,pending,
CATALOGUE:M128349RBR-0014,ROLEX,m128349rbr-0014,catalogue variant,pending source review,https://www.rolex.com/en-gb/watches/day-date/m128349rbr-0014,pending,pending,
CATALOGUE:M128349RBR-0016,ROLEX,m128349rbr-0016,catalogue variant,pending source review,https://www.rolex.com/en-gb/watches/day-date/m128349rbr-0016,pending,pending,
CATALOGUE:M128349RBR-0017,ROLEX,m128349rbr-0017,catalogue variant,pending source review,https://www.rolex.com/en-gb/watches/day-date/m128349rbr-0017,pending,pending,
CATALOGUE:M128349RBR-0044,ROLEX,m128349rbr-0044,catalogue variant,pending source review,https://www.rolex.com/en-gb/watches/day-date/m128349rbr-0044,pending,pending,
CATALOGUE:M128349RBR-0048,ROLEX,m128349rbr-0048,catalogue variant,pending source review,https://www.rolex.com/en-gb/watches/day-date/m128349rbr-0048,pending,pending,
CATALOGUE:M128349RBR-0050,ROLEX,m128349rbr-0050,catalogue variant,pending source review,https://www.rolex.com/en-gb/watches/day-date/m128349rbr-0050,pending,pending,
CATALOGUE:M128349RBR-0052,ROLEX,m128349rbr-0052,catalogue variant,pending source review,https://www.rolex.com/en-gb/watches/day-date/m128349rbr-0052,pending,pending,
CATALOGUE:M128349RBR-0054,ROLEX,m128349rbr-0054,catalogue variant,pending source review,https://www.rolex.com/en-gb/watches/day-date/m128349rbr-0054,pending,pending,
CATALOGUE:M128349RBR-0079,ROLEX,m128349rbr-0079,catalogue variant,pending source review,https://www.rolex.com/en-gb/watches/day-date/m128349rbr-0079,pending,pending,
CATALOGUE:M128349RBR-0080,ROLEX,m128349rbr-0080,catalogue variant,pending source review,https://www.rolex.com/en-gb/watches/day-date/m128349rbr-0080,pending,pending,
CATALOGUE:M128349RBR-0081,ROLEX,m128349rbr-0081,catalogue variant,pending source review,https://www.rolex.com/en-gb/watches/day-date/m128349rbr-0081,pending,pending,
CATALOGUE:M128349RBR-0082,ROLEX,m128349rbr-0082,catalogue variant,pending source review,https://www.rolex.com/en-gb/watches/day-date/m128349rbr-0082,pending,pending,
CATALOGUE:M128349RBR-0083,ROLEX,m128349rbr-0083,catalogue variant,pending source review,https://www.rolex.com/en-gb/watches/day-date/m128349rbr-0083,pending,pending,
CATALOGUE:M128349RBR-0084,ROLEX,m128349rbr-0084,catalogue variant,pending source review,https://www.rolex.com/en-gb/watches/day-date/m128349rbr-0084,pending,pending,
CATALOGUE:M128349RBR-0085,ROLEX,m128349rbr-0085,catalogue variant,pending source review,https://www.rolex.com/en-gb/watches/day-date/m128349rbr-0085,pending,pending,
CATALOGUE:M128349RBR-0086,ROLEX,m128349rbr-0086,catalogue variant,pending source review,https://www.rolex.com/en-gb/watches/day-date/m128349rbr-0086,pending,pending,
CATALOGUE:M128349RBR-0087,ROLEX,m128349rbr-0087,catalogue variant,pending source review,https://www.rolex.com/en-gb/watches/day-date/m128349rbr-0087,pending,pending,
CATALOGUE:M128349RBR-0088,ROLEX,m128349rbr-0088,catalogue variant,pending source review,https://www.rolex.com/en-gb/watches/day-date/m128349rbr-0088,pending,pending,
CATALOGUE:M128395TBR-0002,ROLEX,m128395tbr-0002,catalogue variant,pending source review,https://www.rolex.com/en-gb/watches/day-date/m128395tbr-0002,pending,pending,
CATALOGUE:M128395TBR-0004,ROLEX,m128395tbr-0004,catalogue variant,pending source review,https://www.rolex.com/en-gb/watches/day-date/m128395tbr-0004,pending,pending,
CATALOGUE:M128395TBR-0006,ROLEX,m128395tbr-0006,catalogue variant,pending source review,https://www.rolex.com/en-gb/watches/day-date/m128395tbr-0006,pending,pending,
CATALOGUE:M128395TBR-0008,ROLEX,m128395tbr-0008,catalogue variant,pending source review,https://www.rolex.com/en-gb/watches/day-date/m128395tbr-0008,pending,pending,
CATALOGUE:M128395TBR-0010,ROLEX,m128395tbr-0010,catalogue variant,pending source review,https://www.rolex.com/en-gb/watches/day-date/m128395tbr-0010,pending,pending,
CATALOGUE:M128395TBR-0012,ROLEX,m128395tbr-0012,catalogue variant,pending source review,https://www.rolex.com/en-gb/watches/day-date/m128395tbr-0012,pending,pending,
CATALOGUE:M128395TBR-0020,ROLEX,m128395tbr-0020,catalogue variant,pending source review,https://www.rolex.com/en-gb/watches/day-date/m128395tbr-0020,pending,pending,
CATALOGUE:M128395TBR-0022,ROLEX,m128395tbr-0022,catalogue variant,pending source review,https://www.rolex.com/en-gb/watches/day-date/m128395tbr-0022,pending,pending,
CATALOGUE:M128395TBR-0024,ROLEX,m128395tbr-0024,catalogue variant,pending source review,https://www.rolex.com/en-gb/watches/day-date/m128395tbr-0024,pending,pending,
CATALOGUE:M128395TBR-0026,ROLEX,m128395tbr-0026,catalogue variant,pending source review,https://www.rolex.com/en-gb/watches/day-date/m128395tbr-0026,pending,pending,
CATALOGUE:M128395TBR-0030,ROLEX,m128395tbr-0030,catalogue variant,pending source review,https://www.rolex.com/en-gb/watches/day-date/m128395tbr-0030,pending,pending,
CATALOGUE:M128395TBR-0032,ROLEX,m128395tbr-0032,catalogue variant,pending source review,https://www.rolex.com/en-gb/watches/day-date/m128395tbr-0032,pending,pending,
CATALOGUE:M128395TBR-0033,ROLEX,m128395tbr-0033,catalogue variant,pending source review,https://www.rolex.com/en-gb/watches/day-date/m128395tbr-0033,pending,pending,
CATALOGUE:M128396TBR-0003,ROLEX,m128396tbr-0003,catalogue variant,pending source review,https://www.rolex.com/en-gb/watches/day-date/m128396tbr-0003,pending,pending,
CATALOGUE:M128396TBR-0004,ROLEX,m128396tbr-0004,catalogue variant,pending source review,https://www.rolex.com/en-gb/watches/day-date/m128396tbr-0004,pending,pending,
CATALOGUE:M128396TBR-0005,ROLEX,m128396tbr-0005,catalogue variant,pending source review,https://www.rolex.com/en-gb/watches/day-date/m128396tbr-0005,pending,pending,
CATALOGUE:M128396TBR-0006,ROLEX,m128396tbr-0006,catalogue variant,pending source review,https://www.rolex.com/en-gb/watches/day-date/m128396tbr-0006,pending,pending,
CATALOGUE:M128396TBR-0008,ROLEX,m128396tbr-0008,catalogue variant,pending source review,https://www.rolex.com/en-gb/watches/day-date/m128396tbr-0008,pending,pending,
CATALOGUE:M128396TBR-0009,ROLEX,m128396tbr-0009,catalogue variant,pending source review,https://www.rolex.com/en-gb/watches/day-date/m128396tbr-0009,pending,pending,
CATALOGUE:M128396TBR-0018,ROLEX,m128396tbr-0018,catalogue variant,pending source review,https://www.rolex.com/en-gb/watches/day-date/m128396tbr-0018,pending,pending,
CATALOGUE:M128396TBR-0019,ROLEX,m128396tbr-0019,catalogue variant,pending source review,https://www.rolex.com/en-gb/watches/day-date/m128396tbr-0019,pending,pending,
CATALOGUE:M128396TBR-0021,ROLEX,m128396tbr-0021,catalogue variant,pending source review,https://www.rolex.com/en-gb/watches/day-date/m128396tbr-0021,pending,pending,
CATALOGUE:M128396TBR-0022,ROLEX,m128396tbr-0022,catalogue variant,pending source review,https://www.rolex.com/en-gb/watches/day-date/m128396tbr-0022,pending,pending,
CATALOGUE:M128396TBR-0024,ROLEX,m128396tbr-0024,catalogue variant,pending source review,https://www.rolex.com/en-gb/watches/day-date/m128396tbr-0024,pending,pending,
CATALOGUE:M128396TBR-0025,ROLEX,m128396tbr-0025,catalogue variant,pending source review,https://www.rolex.com/en-gb/watches/day-date/m128396tbr-0025,pending,pending,
CATALOGUE:M128398TBR-0002,ROLEX,m128398tbr-0002,catalogue variant,pending source review,https://www.rolex.com/en-gb/watches/day-date/m128398tbr-0002,pending,pending,
CATALOGUE:M128398TBR-0004,ROLEX,m128398tbr-0004,catalogue variant,pending source review,https://www.rolex.com/en-gb/watches/day-date/m128398tbr-0004,pending,pending,
CATALOGUE:M128398TBR-0006,ROLEX,m128398tbr-0006,catalogue variant,pending source review,https://www.rolex.com/en-gb/watches/day-date/m128398tbr-0006,pending,pending,
CATALOGUE:M128398TBR-0008,ROLEX,m128398tbr-0008,catalogue variant,pending source review,https://www.rolex.com/en-gb/watches/day-date/m128398tbr-0008,pending,pending,
CATALOGUE:M128398TBR-0010,ROLEX,m128398tbr-0010,catalogue variant,pending source review,https://www.rolex.com/en-gb/watches/day-date/m128398tbr-0010,pending,pending,
CATALOGUE:M128398TBR-0012,ROLEX,m128398tbr-0012,catalogue variant,pending source review,https://www.rolex.com/en-gb/watches/day-date/m128398tbr-0012,pending,pending,
CATALOGUE:M128398TBR-0016,ROLEX,m128398tbr-0016,catalogue variant,pending source review,https://www.rolex.com/en-gb/watches/day-date/m128398tbr-0016,pending,pending,
CATALOGUE:M128398TBR-0018,ROLEX,m128398tbr-0018,catalogue variant,pending source review,https://www.rolex.com/en-gb/watches/day-date/m128398tbr-0018,pending,pending,
CATALOGUE:M128398TBR-0026,ROLEX,m128398tbr-0026,catalogue variant,pending source review,https://www.rolex.com/en-gb/watches/day-date/m128398tbr-0026,pending,pending,
CATALOGUE:M128398TBR-0028,ROLEX,m128398tbr-0028,catalogue variant,pending source review,https://www.rolex.com/en-gb/watches/day-date/m128398tbr-0028,pending,pending,
CATALOGUE:M128398TBR-0030,ROLEX,m128398tbr-0030,catalogue variant,pending source review,https://www.rolex.com/en-gb/watches/day-date/m128398tbr-0030,pending,pending,
CATALOGUE:M128398TBR-0035,ROLEX,m128398tbr-0035,catalogue variant,pending source review,https://www.rolex.com/en-gb/watches/day-date/m128398tbr-0035,pending,pending,
CATALOGUE:M128398TBR-0037,ROLEX,m128398tbr-0037,catalogue variant,pending source review,https://www.rolex.com/en-gb/watches/day-date/m128398tbr-0037,pending,pending,
CATALOGUE:M128399TBR-0001,ROLEX,m128399tbr-0001,catalogue variant,pending source review,https://www.rolex.com/en-gb/watches/day-date/m128399tbr-0001,pending,pending,
CATALOGUE:M128399TBR-0003,ROLEX,m128399tbr-0003,catalogue variant,pending source review,https://www.rolex.com/en-gb/watches/day-date/m128399tbr-0003,pending,pending,
CATALOGUE:M128399TBR-0005,ROLEX,m128399tbr-0005,catalogue variant,pending source review,https://www.rolex.com/en-gb/watches/day-date/m128399tbr-0005,pending,pending,
CATALOGUE:M128399TBR-0007,ROLEX,m128399tbr-0007,catalogue variant,pending source review,https://www.rolex.com/en-gb/watches/day-date/m128399tbr-0007,pending,pending,
CATALOGUE:M128399TBR-0009,ROLEX,m128399tbr-0009,catalogue variant,pending source review,https://www.rolex.com/en-gb/watches/day-date/m128399tbr-0009,pending,pending,
CATALOGUE:M128399TBR-0019,ROLEX,m128399tbr-0019,catalogue variant,pending source review,https://www.rolex.com/en-gb/watches/day-date/m128399tbr-0019,pending,pending,
CATALOGUE:M128399TBR-0021,ROLEX,m128399tbr-0021,catalogue variant,pending source review,https://www.rolex.com/en-gb/watches/day-date/m128399tbr-0021,pending,pending,
CATALOGUE:M128399TBR-0023,ROLEX,m128399tbr-0023,catalogue variant,pending source review,https://www.rolex.com/en-gb/watches/day-date/m128399tbr-0023,pending,pending,
CATALOGUE:M128399TBR-0027,ROLEX,m128399tbr-0027,catalogue variant,pending source review,https://www.rolex.com/en-gb/watches/day-date/m128399tbr-0027,pending,pending,
CATALOGUE:M128399TBR-0029,ROLEX,m128399tbr-0029,catalogue variant,pending source review,https://www.rolex.com/en-gb/watches/day-date/m128399tbr-0029,pending,pending,
CATALOGUE:M228235-0001,ROLEX,m228235-0001,catalogue variant,pending source review,https://www.rolex.com/en-gb/watches/day-date/m228235-0001,pending,pending,
CATALOGUE:M228235-0002,ROLEX,m228235-0002,catalogue variant,pending source review,https://www.rolex.com/en-gb/watches/day-date/m228235-0002,pending,pending,
CATALOGUE:M228235-0003,ROLEX,m228235-0003,catalogue variant,pending source review,https://www.rolex.com/en-gb/watches/day-date/m228235-0003,pending,pending,
CATALOGUE:M228235-0004,ROLEX,m228235-0004,catalogue variant,pending source review,https://www.rolex.com/en-gb/watches/day-date/m228235-0004,pending,pending,
CATALOGUE:M228235-0025,ROLEX,m228235-0025,catalogue variant,pending source review,https://www.rolex.com/en-gb/watches/day-date/m228235-0025,pending,pending,
CATALOGUE:M228235-0032,ROLEX,m228235-0032,catalogue variant,pending source review,https://www.rolex.com/en-gb/watches/day-date/m228235-0032,pending,pending,
CATALOGUE:M228235-0036,ROLEX,m228235-0036,catalogue variant,pending source review,https://www.rolex.com/en-gb/watches/day-date/m228235-0036,pending,pending,
CATALOGUE:M228235-0045,ROLEX,m228235-0045,catalogue variant,pending source review,https://www.rolex.com/en-gb/watches/day-date/m228235-0045,pending,pending,
CATALOGUE:M228235-0053,ROLEX,m228235-0053,catalogue variant,pending source review,https://www.rolex.com/en-gb/watches/day-date/m228235-0053,pending,pending,
CATALOGUE:M228235-0055,ROLEX,m228235-0055,catalogue variant,pending source review,https://www.rolex.com/en-gb/watches/day-date/m228235-0055,pending,pending,
CATALOGUE:M228235-0056,ROLEX,m228235-0056,catalogue variant,pending source review,https://www.rolex.com/en-gb/watches/day-date/m228235-0056,pending,pending,
CATALOGUE:M228235JG-0002,ROLEX,m228235jg-0002,catalogue variant,pending source review,https://www.rolex.com/en-gb/watches/day-date/m228235jg-0002,pending,pending,
CATALOGUE:M228235JG-0003,ROLEX,m228235jg-0003,catalogue variant,pending source review,https://www.rolex.com/en-gb/watches/day-date/m228235jg-0003,pending,pending,
CATALOGUE:M228236-0002,ROLEX,m228236-0002,catalogue variant,pending source review,https://www.rolex.com/en-gb/watches/day-date/m228236-0002,pending,pending,
CATALOGUE:M228236-0003,ROLEX,m228236-0003,catalogue variant,pending source review,https://www.rolex.com/en-gb/watches/day-date/m228236-0003,pending,pending,
CATALOGUE:M228236-0004,ROLEX,m228236-0004,catalogue variant,pending source review,https://www.rolex.com/en-gb/watches/day-date/m228236-0004,pending,pending,
CATALOGUE:M228236-0006,ROLEX,m228236-0006,catalogue variant,pending source review,https://www.rolex.com/en-gb/watches/day-date/m228236-0006,pending,pending,
CATALOGUE:M228236-0007,ROLEX,m228236-0007,catalogue variant,pending source review,https://www.rolex.com/en-gb/watches/day-date/m228236-0007,pending,pending,
CATALOGUE:M228236-0008,ROLEX,m228236-0008,catalogue variant,pending source review,https://www.rolex.com/en-gb/watches/day-date/m228236-0008,pending,pending,
CATALOGUE:M228236-0009,ROLEX,m228236-0009,catalogue variant,pending source review,https://www.rolex.com/en-gb/watches/day-date/m228236-0009,pending,pending,
CATALOGUE:M228236-0010,ROLEX,m228236-0010,catalogue variant,pending source review,https://www.rolex.com/en-gb/watches/day-date/m228236-0010,pending,pending,
CATALOGUE:M228236-0011,ROLEX,m228236-0011,catalogue variant,pending source review,https://www.rolex.com/en-gb/watches/day-date/m228236-0011,pending,pending,
CATALOGUE:M228236-0012,ROLEX,m228236-0012,catalogue variant,pending source review,https://www.rolex.com/en-gb/watches/day-date/m228236-0012,pending,pending,
CATALOGUE:M228236-0013,ROLEX,m228236-0013,catalogue variant,pending source review,https://www.rolex.com/en-gb/watches/day-date/m228236-0013,pending,pending,
CATALOGUE:M228236-0018,ROLEX,m228236-0018,catalogue variant,pending source review,https://www.rolex.com/en-gb/watches/day-date/m228236-0018,pending,pending,
CATALOGUE:M228236-0024,ROLEX,m228236-0024,catalogue variant,pending source review,https://www.rolex.com/en-gb/watches/day-date/m228236-0024,pending,pending,
CATALOGUE:M228236-0026,ROLEX,m228236-0026,catalogue variant,pending source review,https://www.rolex.com/en-gb/watches/day-date/m228236-0026,pending,pending,
CATALOGUE:M228238-0002,ROLEX,m228238-0002,catalogue variant,pending source review,https://www.rolex.com/en-gb/watches/day-date/m228238-0002,pending,pending,
CATALOGUE:M228238-0003,ROLEX,m228238-0003,catalogue variant,pending source review,https://www.rolex.com/en-gb/watches/day-date/m228238-0003,pending,pending,
CATALOGUE:M228238-0004,ROLEX,m228238-0004,catalogue variant,pending source review,https://www.rolex.com/en-gb/watches/day-date/m228238-0004,pending,pending,
CATALOGUE:M228238-0005,ROLEX,m228238-0005,catalogue variant,pending source review,https://www.rolex.com/en-gb/watches/day-date/m228238-0005,pending,pending,
CATALOGUE:M228238-0006,ROLEX,m228238-0006,catalogue variant,pending source review,https://www.rolex.com/en-gb/watches/day-date/m228238-0006,pending,pending,
CATALOGUE:M228238-0042,ROLEX,m228238-0042,catalogue variant,pending source review,https://www.rolex.com/en-gb/watches/day-date/m228238-0042,pending,pending,
CATALOGUE:M228238-0054,ROLEX,m228238-0054,catalogue variant,pending source review,https://www.rolex.com/en-gb/watches/day-date/m228238-0054,pending,pending,
CATALOGUE:M228238-0059,ROLEX,m228238-0059,catalogue variant,pending source review,https://www.rolex.com/en-gb/watches/day-date/m228238-0059,pending,pending,
CATALOGUE:M228238-0061,ROLEX,m228238-0061,catalogue variant,pending source review,https://www.rolex.com/en-gb/watches/day-date/m228238-0061,pending,pending,
CATALOGUE:M228238-0066,ROLEX,m228238-0066,catalogue variant,pending source review,https://www.rolex.com/en-gb/watches/day-date/m228238-0066,pending,pending,
CATALOGUE:M228238-0067,ROLEX,m228238-0067,catalogue variant,pending source review,https://www.rolex.com/en-gb/watches/day-date/m228238-0067,pending,pending,
CATALOGUE:M228238-0069,ROLEX,m228238-0069,catalogue variant,pending source review,https://www.rolex.com/en-gb/watches/day-date/m228238-0069,pending,pending,
CATALOGUE:M228238-0071,ROLEX,m228238-0071,catalogue variant,pending source review,https://www.rolex.com/en-gb/watches/day-date/m228238-0071,pending,pending,
CATALOGUE:M228239-0003,ROLEX,m228239-0003,catalogue variant,pending source review,https://www.rolex.com/en-gb/watches/day-date/m228239-0003,pending,pending,
CATALOGUE:M228239-0004,ROLEX,m228239-0004,catalogue variant,pending source review,https://www.rolex.com/en-gb/watches/day-date/m228239-0004,pending,pending,
CATALOGUE:M228239-0005,ROLEX,m228239-0005,catalogue variant,pending source review,https://www.rolex.com/en-gb/watches/day-date/m228239-0005,pending,pending,
CATALOGUE:M228239-0007,ROLEX,m228239-0007,catalogue variant,pending source review,https://www.rolex.com/en-gb/watches/day-date/m228239-0007,pending,pending,
CATALOGUE:M228239-0033,ROLEX,m228239-0033,catalogue variant,pending source review,https://www.rolex.com/en-gb/watches/day-date/m228239-0033,pending,pending,
CATALOGUE:M228239-0046,ROLEX,m228239-0046,catalogue variant,pending source review,https://www.rolex.com/en-gb/watches/day-date/m228239-0046,pending,pending,
CATALOGUE:M228239-0049,ROLEX,m228239-0049,catalogue variant,pending source review,https://www.rolex.com/en-gb/watches/day-date/m228239-0049,pending,pending,
CATALOGUE:M228239-0055,ROLEX,m228239-0055,catalogue variant,pending source review,https://www.rolex.com/en-gb/watches/day-date/m228239-0055,pending,pending,
CATALOGUE:M228239-0060,ROLEX,m228239-0060,catalogue variant,pending source review,https://www.rolex.com/en-gb/watches/day-date/m228239-0060,pending,pending,
CATALOGUE:M228239-0076,ROLEX,m228239-0076,catalogue variant,pending source review,https://www.rolex.com/en-gb/watches/day-date/m228239-0076,pending,pending,
CATALOGUE:M228239-0078,ROLEX,m228239-0078,catalogue variant,pending source review,https://www.rolex.com/en-gb/watches/day-date/m228239-0078,pending,pending,
CATALOGUE:M228345RBR-0002,ROLEX,m228345rbr-0002,catalogue variant,pending source review,https://www.rolex.com/en-gb/watches/day-date/m228345rbr-0002,pending,pending,
CATALOGUE:M228345RBR-0006,ROLEX,m228345rbr-0006,catalogue variant,pending source review,https://www.rolex.com/en-gb/watches/day-date/m228345rbr-0006,pending,pending,
CATALOGUE:M228345RBR-0007,ROLEX,m228345rbr-0007,catalogue variant,pending source review,https://www.rolex.com/en-gb/watches/day-date/m228345rbr-0007,pending,pending,
CATALOGUE:M228345RBR-0008,ROLEX,m228345rbr-0008,catalogue variant,pending source review,https://www.rolex.com/en-gb/watches/day-date/m228345rbr-0008,pending,pending,
CATALOGUE:M228345RBR-0009,ROLEX,m228345rbr-0009,catalogue variant,pending source review,https://www.rolex.com/en-gb/watches/day-date/m228345rbr-0009,pending,pending,
CATALOGUE:M228345RBR-0011,ROLEX,m228345rbr-0011,catalogue variant,pending source review,https://www.rolex.com/en-gb/watches/day-date/m228345rbr-0011,pending,pending,
CATALOGUE:M228345RBR-0012,ROLEX,m228345rbr-0012,catalogue variant,pending source review,https://www.rolex.com/en-gb/watches/day-date/m228345rbr-0012,pending,pending,
CATALOGUE:M228345RBR-0016,ROLEX,m228345rbr-0016,catalogue variant,pending source review,https://www.rolex.com/en-gb/watches/day-date/m228345rbr-0016,pending,pending,
CATALOGUE:M228345RBR-0024,ROLEX,m228345rbr-0024,catalogue variant,pending source review,https://www.rolex.com/en-gb/watches/day-date/m228345rbr-0024,pending,pending,
CATALOGUE:M228345RBR-0025,ROLEX,m228345rbr-0025,catalogue variant,pending source review,https://www.rolex.com/en-gb/watches/day-date/m228345rbr-0025,pending,pending,
CATALOGUE:M228345RBR-0026,ROLEX,m228345rbr-0026,catalogue variant,pending source review,https://www.rolex.com/en-gb/watches/day-date/m228345rbr-0026,pending,pending,
CATALOGUE:M228348RBR-0001,ROLEX,m228348rbr-0001,catalogue variant,pending source review,https://www.rolex.com/en-gb/watches/day-date/m228348rbr-0001,pending,pending,
CATALOGUE:M228348RBR-0002,ROLEX,m228348rbr-0002,catalogue variant,pending source review,https://www.rolex.com/en-gb/watches/day-date/m228348rbr-0002,pending,pending,
CATALOGUE:M228348RBR-0003,ROLEX,m228348rbr-0003,catalogue variant,pending source review,https://www.rolex.com/en-gb/watches/day-date/m228348rbr-0003,pending,pending,
CATALOGUE:M228348RBR-0007,ROLEX,m228348rbr-0007,catalogue variant,pending source review,https://www.rolex.com/en-gb/watches/day-date/m228348rbr-0007,pending,pending,
CATALOGUE:M228348RBR-0008,ROLEX,m228348rbr-0008,catalogue variant,pending source review,https://www.rolex.com/en-gb/watches/day-date/m228348rbr-0008,pending,pending,
CATALOGUE:M228348RBR-0034,ROLEX,m228348rbr-0034,catalogue variant,pending source review,https://www.rolex.com/en-gb/watches/day-date/m228348rbr-0034,pending,pending,
CATALOGUE:M228348RBR-0037,ROLEX,m228348rbr-0037,catalogue variant,pending source review,https://www.rolex.com/en-gb/watches/day-date/m228348rbr-0037,pending,pending,
CATALOGUE:M228348RBR-0039,ROLEX,m228348rbr-0039,catalogue variant,pending source review,https://www.rolex.com/en-gb/watches/day-date/m228348rbr-0039,pending,pending,
CATALOGUE:M228348RBR-0040,ROLEX,m228348rbr-0040,catalogue variant,pending source review,https://www.rolex.com/en-gb/watches/day-date/m228348rbr-0040,pending,pending,
CATALOGUE:M228348RBR-0042,ROLEX,m228348rbr-0042,catalogue variant,pending source review,https://www.rolex.com/en-gb/watches/day-date/m228348rbr-0042,pending,pending,
CATALOGUE:M228348RBR-0043,ROLEX,m228348rbr-0043,catalogue variant,pending source review,https://www.rolex.com/en-gb/watches/day-date/m228348rbr-0043,pending,pending,
CATALOGUE:M228348RBR-0045,ROLEX,m228348rbr-0045,catalogue variant,pending source review,https://www.rolex.com/en-gb/watches/day-date/m228348rbr-0045,pending,pending,
CATALOGUE:M228348RBR-0046,ROLEX,m228348rbr-0046,catalogue variant,pending source review,https://www.rolex.com/en-gb/watches/day-date/m228348rbr-0046,pending,pending,
CATALOGUE:M228349RBR-0001,ROLEX,m228349rbr-0001,catalogue variant,pending source review,https://www.rolex.com/en-gb/watches/day-date/m228349rbr-0001,pending,pending,
CATALOGUE:M228349RBR-0002,ROLEX,m228349rbr-0002,catalogue variant,pending source review,https://www.rolex.com/en-gb/watches/day-date/m228349rbr-0002,pending,pending,
CATALOGUE:M228349RBR-0003,ROLEX,m228349rbr-0003,catalogue variant,pending source review,https://www.rolex.com/en-gb/watches/day-date/m228349rbr-0003,pending,pending,
CATALOGUE:M228349RBR-0005,ROLEX,m228349rbr-0005,catalogue variant,pending source review,https://www.rolex.com/en-gb/watches/day-date/m228349rbr-0005,pending,pending,
CATALOGUE:M228349RBR-0030,ROLEX,m228349rbr-0030,catalogue variant,pending source review,https://www.rolex.com/en-gb/watches/day-date/m228349rbr-0030,pending,pending,
CATALOGUE:M228349RBR-0036,ROLEX,m228349rbr-0036,catalogue variant,pending source review,https://www.rolex.com/en-gb/watches/day-date/m228349rbr-0036,pending,pending,
CATALOGUE:M228349RBR-0039,ROLEX,m228349rbr-0039,catalogue variant,pending source review,https://www.rolex.com/en-gb/watches/day-date/m228349rbr-0039,pending,pending,
CATALOGUE:M228349RBR-0040,ROLEX,m228349rbr-0040,catalogue variant,pending source review,https://www.rolex.com/en-gb/watches/day-date/m228349rbr-0040,pending,pending,
CATALOGUE:M228349RBR-0041,ROLEX,m228349rbr-0041,catalogue variant,pending source review,https://www.rolex.com/en-gb/watches/day-date/m228349rbr-0041,pending,pending,
CATALOGUE:M228349RBR-0045,ROLEX,m228349rbr-0045,catalogue variant,pending source review,https://www.rolex.com/en-gb/watches/day-date/m228349rbr-0045,pending,pending,
CATALOGUE:M228349RBR-0046,ROLEX,m228349rbr-0046,catalogue variant,pending source review,https://www.rolex.com/en-gb/watches/day-date/m228349rbr-0046,pending,pending,
CATALOGUE:M228396TBR-0002,ROLEX,m228396tbr-0002,catalogue variant,pending source review,https://www.rolex.com/en-gb/watches/day-date/m228396tbr-0002,pending,pending,
CATALOGUE:M228396TBR-0011,ROLEX,m228396tbr-0011,catalogue variant,pending source review,https://www.rolex.com/en-gb/watches/day-date/m228396tbr-0011,pending,pending,
CATALOGUE:M228396TBR-0012,ROLEX,m228396tbr-0012,catalogue variant,pending source review,https://www.rolex.com/en-gb/watches/day-date/m228396tbr-0012,pending,pending,
CATALOGUE:M228396TBR-0018,ROLEX,m228396tbr-0018,catalogue variant,pending source review,https://www.rolex.com/en-gb/watches/day-date/m228396tbr-0018,pending,pending,
CATALOGUE:M228396TBR-0020,ROLEX,m228396tbr-0020,catalogue variant,pending source review,https://www.rolex.com/en-gb/watches/day-date/m228396tbr-0020,pending,pending,
CATALOGUE:M228396TBR-0021,ROLEX,m228396tbr-0021,catalogue variant,pending source review,https://www.rolex.com/en-gb/watches/day-date/m228396tbr-0021,pending,pending,
CATALOGUE:M228396TBR-0024,ROLEX,m228396tbr-0024,catalogue variant,pending source review,https://www.rolex.com/en-gb/watches/day-date/m228396tbr-0024,pending,pending,
CATALOGUE:M228396TBR-0026,ROLEX,m228396tbr-0026,catalogue variant,pending source review,https://www.rolex.com/en-gb/watches/day-date/m228396tbr-0026,pending,pending,
CATALOGUE:M228396TBR-0027,ROLEX,m228396tbr-0027,catalogue variant,pending source review,https://www.rolex.com/en-gb/watches/day-date/m228396tbr-0027,pending,pending,
CATALOGUE:M228396TBR-0030,ROLEX,m228396tbr-0030,catalogue variant,pending source review,https://www.rolex.com/en-gb/watches/day-date/m228396tbr-0030,pending,pending,
CATALOGUE:M228396TBR-0031,ROLEX,m228396tbr-0031,catalogue variant,pending source review,https://www.rolex.com/en-gb/watches/day-date/m228396tbr-0031,pending,pending,
CATALOGUE:M228396TBR-0039,ROLEX,m228396tbr-0039,catalogue variant,pending source review,https://www.rolex.com/en-gb/watches/day-date/m228396tbr-0039,pending,pending,
CATALOGUE:M228396TBR-0042,ROLEX,m228396tbr-0042,catalogue variant,pending source review,https://www.rolex.com/en-gb/watches/day-date/m228396tbr-0042,pending,pending,
CATALOGUE:M228396TBR-0043,ROLEX,m228396tbr-0043,catalogue variant,pending source review,https://www.rolex.com/en-gb/watches/day-date/m228396tbr-0043,pending,pending,
CATALOGUE:M228398TBR-0001,ROLEX,m228398tbr-0001,catalogue variant,pending source review,https://www.rolex.com/en-gb/watches/day-date/m228398tbr-0001,pending,pending,
CATALOGUE:M228398TBR-0002,ROLEX,m228398tbr-0002,catalogue variant,pending source review,https://www.rolex.com/en-gb/watches/day-date/m228398tbr-0002,pending,pending,
CATALOGUE:M228398TBR-0003,ROLEX,m228398tbr-0003,catalogue variant,pending source review,https://www.rolex.com/en-gb/watches/day-date/m228398tbr-0003,pending,pending,
CATALOGUE:M228398TBR-0006,ROLEX,m228398tbr-0006,catalogue variant,pending source review,https://www.rolex.com/en-gb/watches/day-date/m228398tbr-0006,pending,pending,
CATALOGUE:M228398TBR-0007,ROLEX,m228398tbr-0007,catalogue variant,pending source review,https://www.rolex.com/en-gb/watches/day-date/m228398tbr-0007,pending,pending,
CATALOGUE:M228398TBR-0033,ROLEX,m228398tbr-0033,catalogue variant,pending source review,https://www.rolex.com/en-gb/watches/day-date/m228398tbr-0033,pending,pending,
CATALOGUE:M228398TBR-0036,ROLEX,m228398tbr-0036,catalogue variant,pending source review,https://www.rolex.com/en-gb/watches/day-date/m228398tbr-0036,pending,pending,
CATALOGUE:M228398TBR-0038,ROLEX,m228398tbr-0038,catalogue variant,pending source review,https://www.rolex.com/en-gb/watches/day-date/m228398tbr-0038,pending,pending,
CATALOGUE:M228398TBR-0039,ROLEX,m228398tbr-0039,catalogue variant,pending source review,https://www.rolex.com/en-gb/watches/day-date/m228398tbr-0039,pending,pending,
CATALOGUE:M228398TBR-0040,ROLEX,m228398tbr-0040,catalogue variant,pending source review,https://www.rolex.com/en-gb/watches/day-date/m228398tbr-0040,pending,pending,
CATALOGUE:M228398TBR-0041,ROLEX,m228398tbr-0041,catalogue variant,pending source review,https://www.rolex.com/en-gb/watches/day-date/m228398tbr-0041,pending,pending,
CATALOGUE:M228398TBR-0042,ROLEX,m228398tbr-0042,catalogue variant,pending source review,https://www.rolex.com/en-gb/watches/day-date/m228398tbr-0042,pending,pending,
CATALOGUE:M228398TBR-0043,ROLEX,m228398tbr-0043,catalogue variant,pending source review,https://www.rolex.com/en-gb/watches/day-date/m228398tbr-0043,pending,pending,
CATALOGUE:M126067-0002,ROLEX,m126067-0002,catalogue variant,pending source review,https://www.rolex.com/en-gb/watches/deepsea/m126067-0002,pending,pending,
CATALOGUE:M136660-0005,ROLEX,m136660-0005,catalogue variant,pending source review,https://www.rolex.com/en-gb/watches/deepsea/m136660-0005,pending,pending,
CATALOGUE:M136660-0006,ROLEX,m136660-0006,catalogue variant,pending source review,https://www.rolex.com/en-gb/watches/deepsea/m136660-0006,pending,pending,
CATALOGUE:M136668LB-0001,ROLEX,m136668lb-0001,catalogue variant,pending source review,https://www.rolex.com/en-gb/watches/deepsea/m136668lb-0001,pending,pending,
CATALOGUE:M124270-0001,ROLEX,m124270-0001,catalogue variant,variant source reviewed,https://www.rolex.com/en-gb/watches/explorer/m124270-0001,available,pending,2026-10-08
CATALOGUE:M124273-0001,ROLEX,m124273-0001,catalogue variant,pending source review,https://www.rolex.com/en-gb/watches/explorer/m124273-0001,pending,pending,
CATALOGUE:M224270-0001,ROLEX,m224270-0001,catalogue variant,pending source review,https://www.rolex.com/en-gb/watches/explorer/m224270-0001,pending,pending,
CATALOGUE:M226570-0001,ROLEX,m226570-0001,catalogue variant,pending source review,https://www.rolex.com/en-gb/watches/explorer-ii/m226570-0001,pending,pending,
CATALOGUE:M226570-0002,ROLEX,m226570-0002,catalogue variant,pending source review,https://www.rolex.com/en-gb/watches/explorer-ii/m226570-0002,pending,pending,
CATALOGUE:M126710BLNR-0002,ROLEX,m126710blnr-0002,catalogue variant,base reviewed; variant pending,https://www.rolex.com/en-gb/watches/gmt-master-ii/m126710blnr-0002,pending,pending,
CATALOGUE:M126710BLNR-0003,ROLEX,m126710blnr-0003,catalogue variant,variant source reviewed,https://www.rolex.com/en-gb/watches/gmt-master-ii/m126710blnr-0003,available,pending,2026-10-08
CATALOGUE:M126710GRNR-0003,ROLEX,m126710grnr-0003,catalogue variant,pending source review,https://www.rolex.com/en-gb/watches/gmt-master-ii/m126710grnr-0003,pending,pending,
CATALOGUE:M126710GRNR-0004,ROLEX,m126710grnr-0004,catalogue variant,pending source review,https://www.rolex.com/en-gb/watches/gmt-master-ii/m126710grnr-0004,pending,pending,
CATALOGUE:M126711CHNR-0002,ROLEX,m126711chnr-0002,catalogue variant,pending source review,https://www.rolex.com/en-gb/watches/gmt-master-ii/m126711chnr-0002,pending,pending,
CATALOGUE:M126713GRNR-0001,ROLEX,m126713grnr-0001,catalogue variant,pending source review,https://www.rolex.com/en-gb/watches/gmt-master-ii/m126713grnr-0001,pending,pending,
CATALOGUE:M126715CHNR-0001,ROLEX,m126715chnr-0001,catalogue variant,pending source review,https://www.rolex.com/en-gb/watches/gmt-master-ii/m126715chnr-0001,pending,pending,
CATALOGUE:M126715CHNR-0002,ROLEX,m126715chnr-0002,catalogue variant,pending source review,https://www.rolex.com/en-gb/watches/gmt-master-ii/m126715chnr-0002,pending,pending,
CATALOGUE:M126718GRNR-0001,ROLEX,m126718grnr-0001,catalogue variant,pending source review,https://www.rolex.com/en-gb/watches/gmt-master-ii/m126718grnr-0001,pending,pending,
CATALOGUE:M126718GRNR-0002,ROLEX,m126718grnr-0002,catalogue variant,pending source review,https://www.rolex.com/en-gb/watches/gmt-master-ii/m126718grnr-0002,pending,pending,
CATALOGUE:M126720VTNR-0001,ROLEX,m126720vtnr-0001,catalogue variant,pending source review,https://www.rolex.com/en-gb/watches/gmt-master-ii/m126720vtnr-0001,pending,pending,
CATALOGUE:M126720VTNR-0002,ROLEX,m126720vtnr-0002,catalogue variant,pending source review,https://www.rolex.com/en-gb/watches/gmt-master-ii/m126720vtnr-0002,pending,pending,
CATALOGUE:M126729VTNR-0001,ROLEX,m126729vtnr-0001,catalogue variant,pending source review,https://www.rolex.com/en-gb/watches/gmt-master-ii/m126729vtnr-0001,pending,pending,
CATALOGUE:M279135RBR-0001,ROLEX,m279135rbr-0001,catalogue variant,pending source review,https://www.rolex.com/en-gb/watches/lady-datejust/m279135rbr-0001,pending,pending,
CATALOGUE:M279135RBR-0002,ROLEX,m279135rbr-0002,catalogue variant,pending source review,https://www.rolex.com/en-gb/watches/lady-datejust/m279135rbr-0002,pending,pending,
CATALOGUE:M279135RBR-0005,ROLEX,m279135rbr-0005,catalogue variant,pending source review,https://www.rolex.com/en-gb/watches/lady-datejust/m279135rbr-0005,pending,pending,
CATALOGUE:M279135RBR-0008,ROLEX,m279135rbr-0008,catalogue variant,pending source review,https://www.rolex.com/en-gb/watches/lady-datejust/m279135rbr-0008,pending,pending,
CATALOGUE:M279135RBR-0010,ROLEX,m279135rbr-0010,catalogue variant,pending source review,https://www.rolex.com/en-gb/watches/lady-datejust/m279135rbr-0010,pending,pending,
CATALOGUE:M279135RBR-0011,ROLEX,m279135rbr-0011,catalogue variant,pending source review,https://www.rolex.com/en-gb/watches/lady-datejust/m279135rbr-0011,pending,pending,
CATALOGUE:M279135RBR-0012,ROLEX,m279135rbr-0012,catalogue variant,pending source review,https://www.rolex.com/en-gb/watches/lady-datejust/m279135rbr-0012,pending,pending,
CATALOGUE:M279135RBR-0014,ROLEX,m279135rbr-0014,catalogue variant,pending source review,https://www.rolex.com/en-gb/watches/lady-datejust/m279135rbr-0014,pending,pending,
CATALOGUE:M279135RBR-0015,ROLEX,m279135rbr-0015,catalogue variant,pending source review,https://www.rolex.com/en-gb/watches/lady-datejust/m279135rbr-0015,pending,pending,
CATALOGUE:M279135RBR-0016,ROLEX,m279135rbr-0016,catalogue variant,pending source review,https://www.rolex.com/en-gb/watches/lady-datejust/m279135rbr-0016,pending,pending,
CATALOGUE:M279135RBR-0017,ROLEX,m279135rbr-0017,catalogue variant,pending source review,https://www.rolex.com/en-gb/watches/lady-datejust/m279135rbr-0017,pending,pending,
CATALOGUE:M279135RBR-0018,ROLEX,m279135rbr-0018,catalogue variant,pending source review,https://www.rolex.com/en-gb/watches/lady-datejust/m279135rbr-0018,pending,pending,
CATALOGUE:M279135RBR-0019,ROLEX,m279135rbr-0019,catalogue variant,pending source review,https://www.rolex.com/en-gb/watches/lady-datejust/m279135rbr-0019,pending,pending,
CATALOGUE:M279135RBR-0020,ROLEX,m279135rbr-0020,catalogue variant,pending source review,https://www.rolex.com/en-gb/watches/lady-datejust/m279135rbr-0020,pending,pending,
CATALOGUE:M279135RBR-0021,ROLEX,m279135rbr-0021,catalogue variant,pending source review,https://www.rolex.com/en-gb/watches/lady-datejust/m279135rbr-0021,pending,pending,
CATALOGUE:M279135RBR-0022,ROLEX,m279135rbr-0022,catalogue variant,pending source review,https://www.rolex.com/en-gb/watches/lady-datejust/m279135rbr-0022,pending,pending,
CATALOGUE:M279135RBR-0023,ROLEX,m279135rbr-0023,catalogue variant,pending source review,https://www.rolex.com/en-gb/watches/lady-datejust/m279135rbr-0023,pending,pending,
CATALOGUE:M279135RBR-0024,ROLEX,m279135rbr-0024,catalogue variant,pending source review,https://www.rolex.com/en-gb/watches/lady-datejust/m279135rbr-0024,pending,pending,
CATALOGUE:M279135RBR-0025,ROLEX,m279135rbr-0025,catalogue variant,pending source review,https://www.rolex.com/en-gb/watches/lady-datejust/m279135rbr-0025,pending,pending,
CATALOGUE:M279135RBR-0026,ROLEX,m279135rbr-0026,catalogue variant,pending source review,https://www.rolex.com/en-gb/watches/lady-datejust/m279135rbr-0026,pending,pending,
CATALOGUE:M279135RBR-0027,ROLEX,m279135rbr-0027,catalogue variant,pending source review,https://www.rolex.com/en-gb/watches/lady-datejust/m279135rbr-0027,pending,pending,
CATALOGUE:M279135RBR-0028,ROLEX,m279135rbr-0028,catalogue variant,pending source review,https://www.rolex.com/en-gb/watches/lady-datejust/m279135rbr-0028,pending,pending,
CATALOGUE:M279135RBR-0029,ROLEX,m279135rbr-0029,catalogue variant,pending source review,https://www.rolex.com/en-gb/watches/lady-datejust/m279135rbr-0029,pending,pending,
CATALOGUE:M279135RBR-0030,ROLEX,m279135rbr-0030,catalogue variant,pending source review,https://www.rolex.com/en-gb/watches/lady-datejust/m279135rbr-0030,pending,pending,
CATALOGUE:M279138RBR-0001,ROLEX,m279138rbr-0001,catalogue variant,pending source review,https://www.rolex.com/en-gb/watches/lady-datejust/m279138rbr-0001,pending,pending,
CATALOGUE:M279138RBR-0002,ROLEX,m279138rbr-0002,catalogue variant,pending source review,https://www.rolex.com/en-gb/watches/lady-datejust/m279138rbr-0002,pending,pending,
CATALOGUE:M279138RBR-0005,ROLEX,m279138rbr-0005,catalogue variant,pending source review,https://www.rolex.com/en-gb/watches/lady-datejust/m279138rbr-0005,pending,pending,
CATALOGUE:M279138RBR-0006,ROLEX,m279138rbr-0006,catalogue variant,pending source review,https://www.rolex.com/en-gb/watches/lady-datejust/m279138rbr-0006,pending,pending,
CATALOGUE:M279138RBR-0007,ROLEX,m279138rbr-0007,catalogue variant,pending source review,https://www.rolex.com/en-gb/watches/lady-datejust/m279138rbr-0007,pending,pending,
CATALOGUE:M279138RBR-0012,ROLEX,m279138rbr-0012,catalogue variant,pending source review,https://www.rolex.com/en-gb/watches/lady-datejust/m279138rbr-0012,pending,pending,
CATALOGUE:M279138RBR-0013,ROLEX,m279138rbr-0013,catalogue variant,pending source review,https://www.rolex.com/en-gb/watches/lady-datejust/m279138rbr-0013,pending,pending,
CATALOGUE:M279138RBR-0014,ROLEX,m279138rbr-0014,catalogue variant,pending source review,https://www.rolex.com/en-gb/watches/lady-datejust/m279138rbr-0014,pending,pending,
CATALOGUE:M279138RBR-0015,ROLEX,m279138rbr-0015,catalogue variant,pending source review,https://www.rolex.com/en-gb/watches/lady-datejust/m279138rbr-0015,pending,pending,
CATALOGUE:M279138RBR-0016,ROLEX,m279138rbr-0016,catalogue variant,pending source review,https://www.rolex.com/en-gb/watches/lady-datejust/m279138rbr-0016,pending,pending,
CATALOGUE:M279138RBR-0017,ROLEX,m279138rbr-0017,catalogue variant,pending source review,https://www.rolex.com/en-gb/watches/lady-datejust/m279138rbr-0017,pending,pending,
CATALOGUE:M279138RBR-0018,ROLEX,m279138rbr-0018,catalogue variant,pending source review,https://www.rolex.com/en-gb/watches/lady-datejust/m279138rbr-0018,pending,pending,
CATALOGUE:M279138RBR-0019,ROLEX,m279138rbr-0019,catalogue variant,pending source review,https://www.rolex.com/en-gb/watches/lady-datejust/m279138rbr-0019,pending,pending,
CATALOGUE:M279138RBR-0020,ROLEX,m279138rbr-0020,catalogue variant,pending source review,https://www.rolex.com/en-gb/watches/lady-datejust/m279138rbr-0020,pending,pending,
CATALOGUE:M279138RBR-0021,ROLEX,m279138rbr-0021,catalogue variant,pending source review,https://www.rolex.com/en-gb/watches/lady-datejust/m279138rbr-0021,pending,pending,
CATALOGUE:M279138RBR-0022,ROLEX,m279138rbr-0022,catalogue variant,pending source review,https://www.rolex.com/en-gb/watches/lady-datejust/m279138rbr-0022,pending,pending,
CATALOGUE:M279138RBR-0023,ROLEX,m279138rbr-0023,catalogue variant,pending source review,https://www.rolex.com/en-gb/watches/lady-datejust/m279138rbr-0023,pending,pending,
CATALOGUE:M279138RBR-0024,ROLEX,m279138rbr-0024,catalogue variant,pending source review,https://www.rolex.com/en-gb/watches/lady-datejust/m279138rbr-0024,pending,pending,
CATALOGUE:M279138RBR-0029,ROLEX,m279138rbr-0029,catalogue variant,pending source review,https://www.rolex.com/en-gb/watches/lady-datejust/m279138rbr-0029,pending,pending,
CATALOGUE:M279138RBR-0030,ROLEX,m279138rbr-0030,catalogue variant,pending source review,https://www.rolex.com/en-gb/watches/lady-datejust/m279138rbr-0030,pending,pending,
CATALOGUE:M279138RBR-0031,ROLEX,m279138rbr-0031,catalogue variant,pending source review,https://www.rolex.com/en-gb/watches/lady-datejust/m279138rbr-0031,pending,pending,
CATALOGUE:M279138RBR-0032,ROLEX,m279138rbr-0032,catalogue variant,pending source review,https://www.rolex.com/en-gb/watches/lady-datejust/m279138rbr-0032,pending,pending,
CATALOGUE:M279139RBR-0002,ROLEX,m279139rbr-0002,catalogue variant,pending source review,https://www.rolex.com/en-gb/watches/lady-datejust/m279139rbr-0002,pending,pending,
CATALOGUE:M279139RBR-0003,ROLEX,m279139rbr-0003,catalogue variant,pending source review,https://www.rolex.com/en-gb/watches/lady-datejust/m279139rbr-0003,pending,pending,
CATALOGUE:M279139RBR-0004,ROLEX,m279139rbr-0004,catalogue variant,pending source review,https://www.rolex.com/en-gb/watches/lady-datejust/m279139rbr-0004,pending,pending,
CATALOGUE:M279139RBR-0005,ROLEX,m279139rbr-0005,catalogue variant,pending source review,https://www.rolex.com/en-gb/watches/lady-datejust/m279139rbr-0005,pending,pending,
CATALOGUE:M279139RBR-0006,ROLEX,m279139rbr-0006,catalogue variant,pending source review,https://www.rolex.com/en-gb/watches/lady-datejust/m279139rbr-0006,pending,pending,
CATALOGUE:M279139RBR-0007,ROLEX,m279139rbr-0007,catalogue variant,pending source review,https://www.rolex.com/en-gb/watches/lady-datejust/m279139rbr-0007,pending,pending,
CATALOGUE:M279139RBR-0008,ROLEX,m279139rbr-0008,catalogue variant,pending source review,https://www.rolex.com/en-gb/watches/lady-datejust/m279139rbr-0008,pending,pending,
CATALOGUE:M279139RBR-0009,ROLEX,m279139rbr-0009,catalogue variant,pending source review,https://www.rolex.com/en-gb/watches/lady-datejust/m279139rbr-0009,pending,pending,
CATALOGUE:M279139RBR-0010,ROLEX,m279139rbr-0010,catalogue variant,pending source review,https://www.rolex.com/en-gb/watches/lady-datejust/m279139rbr-0010,pending,pending,
CATALOGUE:M279139RBR-0011,ROLEX,m279139rbr-0011,catalogue variant,pending source review,https://www.rolex.com/en-gb/watches/lady-datejust/m279139rbr-0011,pending,pending,
CATALOGUE:M279139RBR-0012,ROLEX,m279139rbr-0012,catalogue variant,pending source review,https://www.rolex.com/en-gb/watches/lady-datejust/m279139rbr-0012,pending,pending,
CATALOGUE:M279139RBR-0013,ROLEX,m279139rbr-0013,catalogue variant,pending source review,https://www.rolex.com/en-gb/watches/lady-datejust/m279139rbr-0013,pending,pending,
CATALOGUE:M279139RBR-0014,ROLEX,m279139rbr-0014,catalogue variant,pending source review,https://www.rolex.com/en-gb/watches/lady-datejust/m279139rbr-0014,pending,pending,
CATALOGUE:M279160-0001,ROLEX,m279160-0001,catalogue variant,pending source review,https://www.rolex.com/en-gb/watches/lady-datejust/m279160-0001,pending,pending,
CATALOGUE:M279160-0002,ROLEX,m279160-0002,catalogue variant,pending source review,https://www.rolex.com/en-gb/watches/lady-datejust/m279160-0002,pending,pending,
CATALOGUE:M279160-0005,ROLEX,m279160-0005,catalogue variant,pending source review,https://www.rolex.com/en-gb/watches/lady-datejust/m279160-0005,pending,pending,
CATALOGUE:M279160-0006,ROLEX,m279160-0006,catalogue variant,pending source review,https://www.rolex.com/en-gb/watches/lady-datejust/m279160-0006,pending,pending,
CATALOGUE:M279160-0007,ROLEX,m279160-0007,catalogue variant,pending source review,https://www.rolex.com/en-gb/watches/lady-datejust/m279160-0007,pending,pending,
CATALOGUE:M279160-0008,ROLEX,m279160-0008,catalogue variant,pending source review,https://www.rolex.com/en-gb/watches/lady-datejust/m279160-0008,pending,pending,
CATALOGUE:M279160-0009,ROLEX,m279160-0009,catalogue variant,pending source review,https://www.rolex.com/en-gb/watches/lady-datejust/m279160-0009,pending,pending,
CATALOGUE:M279160-0010,ROLEX,m279160-0010,catalogue variant,pending source review,https://www.rolex.com/en-gb/watches/lady-datejust/m279160-0010,pending,pending,
CATALOGUE:M279160-0011,ROLEX,m279160-0011,catalogue variant,pending source review,https://www.rolex.com/en-gb/watches/lady-datejust/m279160-0011,pending,pending,
CATALOGUE:M279160-0012,ROLEX,m279160-0012,catalogue variant,pending source review,https://www.rolex.com/en-gb/watches/lady-datejust/m279160-0012,pending,pending,
CATALOGUE:M279160-0013,ROLEX,m279160-0013,catalogue variant,pending source review,https://www.rolex.com/en-gb/watches/lady-datejust/m279160-0013,pending,pending,
CATALOGUE:M279160-0014,ROLEX,m279160-0014,catalogue variant,pending source review,https://www.rolex.com/en-gb/watches/lady-datejust/m279160-0014,pending,pending,
CATALOGUE:M279160-0015,ROLEX,m279160-0015,catalogue variant,pending source review,https://www.rolex.com/en-gb/watches/lady-datejust/m279160-0015,pending,pending,
CATALOGUE:M279160-0016,ROLEX,m279160-0016,catalogue variant,pending source review,https://www.rolex.com/en-gb/watches/lady-datejust/m279160-0016,pending,pending,
CATALOGUE:M279161-0003,ROLEX,m279161-0003,catalogue variant,pending source review,https://www.rolex.com/en-gb/watches/lady-datejust/m279161-0003,pending,pending,
CATALOGUE:M279161-0004,ROLEX,m279161-0004,catalogue variant,pending source review,https://www.rolex.com/en-gb/watches/lady-datejust/m279161-0004,pending,pending,
CATALOGUE:M279161-0007,ROLEX,m279161-0007,catalogue variant,pending source review,https://www.rolex.com/en-gb/watches/lady-datejust/m279161-0007,pending,pending,
CATALOGUE:M279161-0008,ROLEX,m279161-0008,catalogue variant,pending source review,https://www.rolex.com/en-gb/watches/lady-datejust/m279161-0008,pending,pending,
CATALOGUE:M279161-0009,ROLEX,m279161-0009,catalogue variant,pending source review,https://www.rolex.com/en-gb/watches/lady-datejust/m279161-0009,pending,pending,
CATALOGUE:M279161-0010,ROLEX,m279161-0010,catalogue variant,pending source review,https://www.rolex.com/en-gb/watches/lady-datejust/m279161-0010,pending,pending,
CATALOGUE:M279161-0011,ROLEX,m279161-0011,catalogue variant,pending source review,https://www.rolex.com/en-gb/watches/lady-datejust/m279161-0011,pending,pending,
CATALOGUE:M279161-0012,ROLEX,m279161-0012,catalogue variant,pending source review,https://www.rolex.com/en-gb/watches/lady-datejust/m279161-0012,pending,pending,
CATALOGUE:M279161-0013,ROLEX,m279161-0013,catalogue variant,pending source review,https://www.rolex.com/en-gb/watches/lady-datejust/m279161-0013,pending,pending,
CATALOGUE:M279161-0014,ROLEX,m279161-0014,catalogue variant,pending source review,https://www.rolex.com/en-gb/watches/lady-datejust/m279161-0014,pending,pending,
CATALOGUE:M279161-0015,ROLEX,m279161-0015,catalogue variant,pending source review,https://www.rolex.com/en-gb/watches/lady-datejust/m279161-0015,pending,pending,
CATALOGUE:M279161-0016,ROLEX,m279161-0016,catalogue variant,pending source review,https://www.rolex.com/en-gb/watches/lady-datejust/m279161-0016,pending,pending,
CATALOGUE:M279161-0017,ROLEX,m279161-0017,catalogue variant,pending source review,https://www.rolex.com/en-gb/watches/lady-datejust/m279161-0017,pending,pending,
CATALOGUE:M279161-0018,ROLEX,m279161-0018,catalogue variant,pending source review,https://www.rolex.com/en-gb/watches/lady-datejust/m279161-0018,pending,pending,
CATALOGUE:M279161-0021,ROLEX,m279161-0021,catalogue variant,pending source review,https://www.rolex.com/en-gb/watches/lady-datejust/m279161-0021,pending,pending,
CATALOGUE:M279161-0022,ROLEX,m279161-0022,catalogue variant,pending source review,https://www.rolex.com/en-gb/watches/lady-datejust/m279161-0022,pending,pending,
CATALOGUE:M279161-0023,ROLEX,m279161-0023,catalogue variant,pending source review,https://www.rolex.com/en-gb/watches/lady-datejust/m279161-0023,pending,pending,
CATALOGUE:M279161-0024,ROLEX,m279161-0024,catalogue variant,pending source review,https://www.rolex.com/en-gb/watches/lady-datejust/m279161-0024,pending,pending,
CATALOGUE:M279161-0025,ROLEX,m279161-0025,catalogue variant,pending source review,https://www.rolex.com/en-gb/watches/lady-datejust/m279161-0025,pending,pending,
CATALOGUE:M279161-0026,ROLEX,m279161-0026,catalogue variant,pending source review,https://www.rolex.com/en-gb/watches/lady-datejust/m279161-0026,pending,pending,
CATALOGUE:M279161-0027,ROLEX,m279161-0027,catalogue variant,pending source review,https://www.rolex.com/en-gb/watches/lady-datejust/m279161-0027,pending,pending,
CATALOGUE:M279161-0028,ROLEX,m279161-0028,catalogue variant,pending source review,https://www.rolex.com/en-gb/watches/lady-datejust/m279161-0028,pending,pending,
CATALOGUE:M279163-0001,ROLEX,m279163-0001,catalogue variant,pending source review,https://www.rolex.com/en-gb/watches/lady-datejust/m279163-0001,pending,pending,
CATALOGUE:M279163-0002,ROLEX,m279163-0002,catalogue variant,pending source review,https://www.rolex.com/en-gb/watches/lady-datejust/m279163-0002,pending,pending,
CATALOGUE:M279163-0003,ROLEX,m279163-0003,catalogue variant,pending source review,https://www.rolex.com/en-gb/watches/lady-datejust/m279163-0003,pending,pending,
CATALOGUE:M279163-0004,ROLEX,m279163-0004,catalogue variant,pending source review,https://www.rolex.com/en-gb/watches/lady-datejust/m279163-0004,pending,pending,
CATALOGUE:M279163-0005,ROLEX,m279163-0005,catalogue variant,pending source review,https://www.rolex.com/en-gb/watches/lady-datejust/m279163-0005,pending,pending,
CATALOGUE:M279163-0006,ROLEX,m279163-0006,catalogue variant,pending source review,https://www.rolex.com/en-gb/watches/lady-datejust/m279163-0006,pending,pending,
CATALOGUE:M279163-0007,ROLEX,m279163-0007,catalogue variant,pending source review,https://www.rolex.com/en-gb/watches/lady-datejust/m279163-0007,pending,pending,
CATALOGUE:M279163-0008,ROLEX,m279163-0008,catalogue variant,pending source review,https://www.rolex.com/en-gb/watches/lady-datejust/m279163-0008,pending,pending,
CATALOGUE:M279163-0009,ROLEX,m279163-0009,catalogue variant,pending source review,https://www.rolex.com/en-gb/watches/lady-datejust/m279163-0009,pending,pending,
CATALOGUE:M279163-0010,ROLEX,m279163-0010,catalogue variant,pending source review,https://www.rolex.com/en-gb/watches/lady-datejust/m279163-0010,pending,pending,
CATALOGUE:M279163-0011,ROLEX,m279163-0011,catalogue variant,pending source review,https://www.rolex.com/en-gb/watches/lady-datejust/m279163-0011,pending,pending,
CATALOGUE:M279163-0012,ROLEX,m279163-0012,catalogue variant,pending source review,https://www.rolex.com/en-gb/watches/lady-datejust/m279163-0012,pending,pending,
CATALOGUE:M279163-0013,ROLEX,m279163-0013,catalogue variant,pending source review,https://www.rolex.com/en-gb/watches/lady-datejust/m279163-0013,pending,pending,
CATALOGUE:M279163-0014,ROLEX,m279163-0014,catalogue variant,pending source review,https://www.rolex.com/en-gb/watches/lady-datejust/m279163-0014,pending,pending,
CATALOGUE:M279163-0019,ROLEX,m279163-0019,catalogue variant,pending source review,https://www.rolex.com/en-gb/watches/lady-datejust/m279163-0019,pending,pending,
CATALOGUE:M279163-0020,ROLEX,m279163-0020,catalogue variant,pending source review,https://www.rolex.com/en-gb/watches/lady-datejust/m279163-0020,pending,pending,
CATALOGUE:M279163-0021,ROLEX,m279163-0021,catalogue variant,pending source review,https://www.rolex.com/en-gb/watches/lady-datejust/m279163-0021,pending,pending,
CATALOGUE:M279163-0022,ROLEX,m279163-0022,catalogue variant,pending source review,https://www.rolex.com/en-gb/watches/lady-datejust/m279163-0022,pending,pending,
CATALOGUE:M279163-0023,ROLEX,m279163-0023,catalogue variant,pending source review,https://www.rolex.com/en-gb/watches/lady-datejust/m279163-0023,pending,pending,
CATALOGUE:M279163-0024,ROLEX,m279163-0024,catalogue variant,pending source review,https://www.rolex.com/en-gb/watches/lady-datejust/m279163-0024,pending,pending,
CATALOGUE:M279171-0003,ROLEX,m279171-0003,catalogue variant,pending source review,https://www.rolex.com/en-gb/watches/lady-datejust/m279171-0003,pending,pending,
CATALOGUE:M279171-0004,ROLEX,m279171-0004,catalogue variant,pending source review,https://www.rolex.com/en-gb/watches/lady-datejust/m279171-0004,pending,pending,
CATALOGUE:M279171-0007,ROLEX,m279171-0007,catalogue variant,pending source review,https://www.rolex.com/en-gb/watches/lady-datejust/m279171-0007,pending,pending,
CATALOGUE:M279171-0008,ROLEX,m279171-0008,catalogue variant,pending source review,https://www.rolex.com/en-gb/watches/lady-datejust/m279171-0008,pending,pending,
CATALOGUE:M279171-0009,ROLEX,m279171-0009,catalogue variant,pending source review,https://www.rolex.com/en-gb/watches/lady-datejust/m279171-0009,pending,pending,
CATALOGUE:M279171-0010,ROLEX,m279171-0010,catalogue variant,pending source review,https://www.rolex.com/en-gb/watches/lady-datejust/m279171-0010,pending,pending,
CATALOGUE:M279171-0011,ROLEX,m279171-0011,catalogue variant,pending source review,https://www.rolex.com/en-gb/watches/lady-datejust/m279171-0011,pending,pending,
CATALOGUE:M279171-0012,ROLEX,m279171-0012,catalogue variant,pending source review,https://www.rolex.com/en-gb/watches/lady-datejust/m279171-0012,pending,pending,
CATALOGUE:M279171-0013,ROLEX,m279171-0013,catalogue variant,pending source review,https://www.rolex.com/en-gb/watches/lady-datejust/m279171-0013,pending,pending,
CATALOGUE:M279171-0014,ROLEX,m279171-0014,catalogue variant,pending source review,https://www.rolex.com/en-gb/watches/lady-datejust/m279171-0014,pending,pending,
CATALOGUE:M279171-0015,ROLEX,m279171-0015,catalogue variant,pending source review,https://www.rolex.com/en-gb/watches/lady-datejust/m279171-0015,pending,pending,
CATALOGUE:M279171-0016,ROLEX,m279171-0016,catalogue variant,pending source review,https://www.rolex.com/en-gb/watches/lady-datejust/m279171-0016,pending,pending,
CATALOGUE:M279171-0017,ROLEX,m279171-0017,catalogue variant,pending source review,https://www.rolex.com/en-gb/watches/lady-datejust/m279171-0017,pending,pending,
CATALOGUE:M279171-0018,ROLEX,m279171-0018,catalogue variant,pending source review,https://www.rolex.com/en-gb/watches/lady-datejust/m279171-0018,pending,pending,
CATALOGUE:M279171-0021,ROLEX,m279171-0021,catalogue variant,pending source review,https://www.rolex.com/en-gb/watches/lady-datejust/m279171-0021,pending,pending,
CATALOGUE:M279171-0022,ROLEX,m279171-0022,catalogue variant,pending source review,https://www.rolex.com/en-gb/watches/lady-datejust/m279171-0022,pending,pending,
CATALOGUE:M279171-0023,ROLEX,m279171-0023,catalogue variant,pending source review,https://www.rolex.com/en-gb/watches/lady-datejust/m279171-0023,pending,pending,
CATALOGUE:M279171-0024,ROLEX,m279171-0024,catalogue variant,pending source review,https://www.rolex.com/en-gb/watches/lady-datejust/m279171-0024,pending,pending,
CATALOGUE:M279171-0025,ROLEX,m279171-0025,catalogue variant,pending source review,https://www.rolex.com/en-gb/watches/lady-datejust/m279171-0025,pending,pending,
CATALOGUE:M279171-0026,ROLEX,m279171-0026,catalogue variant,pending source review,https://www.rolex.com/en-gb/watches/lady-datejust/m279171-0026,pending,pending,
CATALOGUE:M279171-0027,ROLEX,m279171-0027,catalogue variant,pending source review,https://www.rolex.com/en-gb/watches/lady-datejust/m279171-0027,pending,pending,
CATALOGUE:M279171-0028,ROLEX,m279171-0028,catalogue variant,pending source review,https://www.rolex.com/en-gb/watches/lady-datejust/m279171-0028,pending,pending,
CATALOGUE:M279173-0001,ROLEX,m279173-0001,catalogue variant,pending source review,https://www.rolex.com/en-gb/watches/lady-datejust/m279173-0001,pending,pending,
CATALOGUE:M279173-0002,ROLEX,m279173-0002,catalogue variant,pending source review,https://www.rolex.com/en-gb/watches/lady-datejust/m279173-0002,pending,pending,
CATALOGUE:M279173-0003,ROLEX,m279173-0003,catalogue variant,pending source review,https://www.rolex.com/en-gb/watches/lady-datejust/m279173-0003,pending,pending,
CATALOGUE:M279173-0004,ROLEX,m279173-0004,catalogue variant,pending source review,https://www.rolex.com/en-gb/watches/lady-datejust/m279173-0004,pending,pending,
CATALOGUE:M279173-0005,ROLEX,m279173-0005,catalogue variant,pending source review,https://www.rolex.com/en-gb/watches/lady-datejust/m279173-0005,pending,pending,
CATALOGUE:M279173-0006,ROLEX,m279173-0006,catalogue variant,pending source review,https://www.rolex.com/en-gb/watches/lady-datejust/m279173-0006,pending,pending,
CATALOGUE:M279173-0007,ROLEX,m279173-0007,catalogue variant,pending source review,https://www.rolex.com/en-gb/watches/lady-datejust/m279173-0007,pending,pending,
CATALOGUE:M279173-0008,ROLEX,m279173-0008,catalogue variant,pending source review,https://www.rolex.com/en-gb/watches/lady-datejust/m279173-0008,pending,pending,
CATALOGUE:M279173-0009,ROLEX,m279173-0009,catalogue variant,pending source review,https://www.rolex.com/en-gb/watches/lady-datejust/m279173-0009,pending,pending,
CATALOGUE:M279173-0010,ROLEX,m279173-0010,catalogue variant,pending source review,https://www.rolex.com/en-gb/watches/lady-datejust/m279173-0010,pending,pending,
CATALOGUE:M279173-0011,ROLEX,m279173-0011,catalogue variant,pending source review,https://www.rolex.com/en-gb/watches/lady-datejust/m279173-0011,pending,pending,
CATALOGUE:M279173-0012,ROLEX,m279173-0012,catalogue variant,pending source review,https://www.rolex.com/en-gb/watches/lady-datejust/m279173-0012,pending,pending,
CATALOGUE:M279173-0013,ROLEX,m279173-0013,catalogue variant,pending source review,https://www.rolex.com/en-gb/watches/lady-datejust/m279173-0013,pending,pending,
CATALOGUE:M279173-0014,ROLEX,m279173-0014,catalogue variant,pending source review,https://www.rolex.com/en-gb/watches/lady-datejust/m279173-0014,pending,pending,
CATALOGUE:M279173-0019,ROLEX,m279173-0019,catalogue variant,pending source review,https://www.rolex.com/en-gb/watches/lady-datejust/m279173-0019,pending,pending,
CATALOGUE:M279173-0020,ROLEX,m279173-0020,catalogue variant,pending source review,https://www.rolex.com/en-gb/watches/lady-datejust/m279173-0020,pending,pending,
CATALOGUE:M279173-0021,ROLEX,m279173-0021,catalogue variant,pending source review,https://www.rolex.com/en-gb/watches/lady-datejust/m279173-0021,pending,pending,
CATALOGUE:M279173-0022,ROLEX,m279173-0022,catalogue variant,pending source review,https://www.rolex.com/en-gb/watches/lady-datejust/m279173-0022,pending,pending,
CATALOGUE:M279173-0023,ROLEX,m279173-0023,catalogue variant,pending source review,https://www.rolex.com/en-gb/watches/lady-datejust/m279173-0023,pending,pending,
CATALOGUE:M279173-0024,ROLEX,m279173-0024,catalogue variant,pending source review,https://www.rolex.com/en-gb/watches/lady-datejust/m279173-0024,pending,pending,
CATALOGUE:M279174-0001,ROLEX,m279174-0001,catalogue variant,pending source review,https://www.rolex.com/en-gb/watches/lady-datejust/m279174-0001,pending,pending,
CATALOGUE:M279174-0002,ROLEX,m279174-0002,catalogue variant,pending source review,https://www.rolex.com/en-gb/watches/lady-datejust/m279174-0002,pending,pending,
CATALOGUE:M279174-0003,ROLEX,m279174-0003,catalogue variant,pending source review,https://www.rolex.com/en-gb/watches/lady-datejust/m279174-0003,pending,pending,
CATALOGUE:M279174-0004,ROLEX,m279174-0004,catalogue variant,pending source review,https://www.rolex.com/en-gb/watches/lady-datejust/m279174-0004,pending,pending,
CATALOGUE:M279174-0005,ROLEX,m279174-0005,catalogue variant,pending source review,https://www.rolex.com/en-gb/watches/lady-datejust/m279174-0005,pending,pending,
CATALOGUE:M279174-0006,ROLEX,m279174-0006,catalogue variant,pending source review,https://www.rolex.com/en-gb/watches/lady-datejust/m279174-0006,pending,pending,
CATALOGUE:M279174-0007,ROLEX,m279174-0007,catalogue variant,pending source review,https://www.rolex.com/en-gb/watches/lady-datejust/m279174-0007,pending,pending,
CATALOGUE:M279174-0008,ROLEX,m279174-0008,catalogue variant,pending source review,https://www.rolex.com/en-gb/watches/lady-datejust/m279174-0008,pending,pending,
CATALOGUE:M279174-0009,ROLEX,m279174-0009,catalogue variant,pending source review,https://www.rolex.com/en-gb/watches/lady-datejust/m279174-0009,pending,pending,
CATALOGUE:M279174-0010,ROLEX,m279174-0010,catalogue variant,pending source review,https://www.rolex.com/en-gb/watches/lady-datejust/m279174-0010,pending,pending,
CATALOGUE:M279174-0011,ROLEX,m279174-0011,catalogue variant,pending source review,https://www.rolex.com/en-gb/watches/lady-datejust/m279174-0011,pending,pending,
CATALOGUE:M279174-0012,ROLEX,m279174-0012,catalogue variant,pending source review,https://www.rolex.com/en-gb/watches/lady-datejust/m279174-0012,pending,pending,
CATALOGUE:M279174-0013,ROLEX,m279174-0013,catalogue variant,pending source review,https://www.rolex.com/en-gb/watches/lady-datejust/m279174-0013,pending,pending,
CATALOGUE:M279174-0014,ROLEX,m279174-0014,catalogue variant,pending source review,https://www.rolex.com/en-gb/watches/lady-datejust/m279174-0014,pending,pending,
CATALOGUE:M279174-0015,ROLEX,m279174-0015,catalogue variant,pending source review,https://www.rolex.com/en-gb/watches/lady-datejust/m279174-0015,pending,pending,
CATALOGUE:M279174-0016,ROLEX,m279174-0016,catalogue variant,pending source review,https://www.rolex.com/en-gb/watches/lady-datejust/m279174-0016,pending,pending,
CATALOGUE:M279174-0017,ROLEX,m279174-0017,catalogue variant,pending source review,https://www.rolex.com/en-gb/watches/lady-datejust/m279174-0017,pending,pending,
CATALOGUE:M279174-0018,ROLEX,m279174-0018,catalogue variant,pending source review,https://www.rolex.com/en-gb/watches/lady-datejust/m279174-0018,pending,pending,
CATALOGUE:M279174-0019,ROLEX,m279174-0019,catalogue variant,pending source review,https://www.rolex.com/en-gb/watches/lady-datejust/m279174-0019,pending,pending,
CATALOGUE:M279174-0020,ROLEX,m279174-0020,catalogue variant,pending source review,https://www.rolex.com/en-gb/watches/lady-datejust/m279174-0020,pending,pending,
CATALOGUE:M279174-0021,ROLEX,m279174-0021,catalogue variant,pending source review,https://www.rolex.com/en-gb/watches/lady-datejust/m279174-0021,pending,pending,
CATALOGUE:M279174-0022,ROLEX,m279174-0022,catalogue variant,pending source review,https://www.rolex.com/en-gb/watches/lady-datejust/m279174-0022,pending,pending,
CATALOGUE:M279175-0002,ROLEX,m279175-0002,catalogue variant,pending source review,https://www.rolex.com/en-gb/watches/lady-datejust/m279175-0002,pending,pending,
CATALOGUE:M279175-0004,ROLEX,m279175-0004,catalogue variant,pending source review,https://www.rolex.com/en-gb/watches/lady-datejust/m279175-0004,pending,pending,
CATALOGUE:M279175-0007,ROLEX,m279175-0007,catalogue variant,pending source review,https://www.rolex.com/en-gb/watches/lady-datejust/m279175-0007,pending,pending,
CATALOGUE:M279175-0008,ROLEX,m279175-0008,catalogue variant,pending source review,https://www.rolex.com/en-gb/watches/lady-datejust/m279175-0008,pending,pending,
CATALOGUE:M279175-0009,ROLEX,m279175-0009,catalogue variant,pending source review,https://www.rolex.com/en-gb/watches/lady-datejust/m279175-0009,pending,pending,
CATALOGUE:M279175-0010,ROLEX,m279175-0010,catalogue variant,pending source review,https://www.rolex.com/en-gb/watches/lady-datejust/m279175-0010,pending,pending,
CATALOGUE:M279175-0013,ROLEX,m279175-0013,catalogue variant,pending source review,https://www.rolex.com/en-gb/watches/lady-datejust/m279175-0013,pending,pending,
CATALOGUE:M279175-0014,ROLEX,m279175-0014,catalogue variant,pending source review,https://www.rolex.com/en-gb/watches/lady-datejust/m279175-0014,pending,pending,
CATALOGUE:M279175-0015,ROLEX,m279175-0015,catalogue variant,pending source review,https://www.rolex.com/en-gb/watches/lady-datejust/m279175-0015,pending,pending,
CATALOGUE:M279175-0016,ROLEX,m279175-0016,catalogue variant,pending source review,https://www.rolex.com/en-gb/watches/lady-datejust/m279175-0016,pending,pending,
CATALOGUE:M279175-0017,ROLEX,m279175-0017,catalogue variant,pending source review,https://www.rolex.com/en-gb/watches/lady-datejust/m279175-0017,pending,pending,
CATALOGUE:M279175-0018,ROLEX,m279175-0018,catalogue variant,pending source review,https://www.rolex.com/en-gb/watches/lady-datejust/m279175-0018,pending,pending,
CATALOGUE:M279175-0019,ROLEX,m279175-0019,catalogue variant,pending source review,https://www.rolex.com/en-gb/watches/lady-datejust/m279175-0019,pending,pending,
CATALOGUE:M279175-0020,ROLEX,m279175-0020,catalogue variant,pending source review,https://www.rolex.com/en-gb/watches/lady-datejust/m279175-0020,pending,pending,
CATALOGUE:M279175-0021,ROLEX,m279175-0021,catalogue variant,pending source review,https://www.rolex.com/en-gb/watches/lady-datejust/m279175-0021,pending,pending,
CATALOGUE:M279175-0022,ROLEX,m279175-0022,catalogue variant,pending source review,https://www.rolex.com/en-gb/watches/lady-datejust/m279175-0022,pending,pending,
CATALOGUE:M279175-0023,ROLEX,m279175-0023,catalogue variant,pending source review,https://www.rolex.com/en-gb/watches/lady-datejust/m279175-0023,pending,pending,
CATALOGUE:M279175-0024,ROLEX,m279175-0024,catalogue variant,pending source review,https://www.rolex.com/en-gb/watches/lady-datejust/m279175-0024,pending,pending,
CATALOGUE:M279175-0025,ROLEX,m279175-0025,catalogue variant,pending source review,https://www.rolex.com/en-gb/watches/lady-datejust/m279175-0025,pending,pending,
CATALOGUE:M279175-0026,ROLEX,m279175-0026,catalogue variant,pending source review,https://www.rolex.com/en-gb/watches/lady-datejust/m279175-0026,pending,pending,
CATALOGUE:M279175-0027,ROLEX,m279175-0027,catalogue variant,pending source review,https://www.rolex.com/en-gb/watches/lady-datejust/m279175-0027,pending,pending,
CATALOGUE:M279175-0028,ROLEX,m279175-0028,catalogue variant,pending source review,https://www.rolex.com/en-gb/watches/lady-datejust/m279175-0028,pending,pending,
CATALOGUE:M279175-0029,ROLEX,m279175-0029,catalogue variant,pending source review,https://www.rolex.com/en-gb/watches/lady-datejust/m279175-0029,pending,pending,
CATALOGUE:M279175-0030,ROLEX,m279175-0030,catalogue variant,pending source review,https://www.rolex.com/en-gb/watches/lady-datejust/m279175-0030,pending,pending,
CATALOGUE:M279178-0001,ROLEX,m279178-0001,catalogue variant,pending source review,https://www.rolex.com/en-gb/watches/lady-datejust/m279178-0001,pending,pending,
CATALOGUE:M279178-0002,ROLEX,m279178-0002,catalogue variant,pending source review,https://www.rolex.com/en-gb/watches/lady-datejust/m279178-0002,pending,pending,
CATALOGUE:M279178-0003,ROLEX,m279178-0003,catalogue variant,pending source review,https://www.rolex.com/en-gb/watches/lady-datejust/m279178-0003,pending,pending,
CATALOGUE:M279178-0004,ROLEX,m279178-0004,catalogue variant,pending source review,https://www.rolex.com/en-gb/watches/lady-datejust/m279178-0004,pending,pending,
CATALOGUE:M279178-0005,ROLEX,m279178-0005,catalogue variant,pending source review,https://www.rolex.com/en-gb/watches/lady-datejust/m279178-0005,pending,pending,
CATALOGUE:M279178-0006,ROLEX,m279178-0006,catalogue variant,pending source review,https://www.rolex.com/en-gb/watches/lady-datejust/m279178-0006,pending,pending,
CATALOGUE:M279178-0013,ROLEX,m279178-0013,catalogue variant,pending source review,https://www.rolex.com/en-gb/watches/lady-datejust/m279178-0013,pending,pending,
CATALOGUE:M279178-0014,ROLEX,m279178-0014,catalogue variant,pending source review,https://www.rolex.com/en-gb/watches/lady-datejust/m279178-0014,pending,pending,
CATALOGUE:M279178-0015,ROLEX,m279178-0015,catalogue variant,pending source review,https://www.rolex.com/en-gb/watches/lady-datejust/m279178-0015,pending,pending,
CATALOGUE:M279178-0016,ROLEX,m279178-0016,catalogue variant,pending source review,https://www.rolex.com/en-gb/watches/lady-datejust/m279178-0016,pending,pending,
CATALOGUE:M279178-0017,ROLEX,m279178-0017,catalogue variant,pending source review,https://www.rolex.com/en-gb/watches/lady-datejust/m279178-0017,pending,pending,
CATALOGUE:M279178-0020,ROLEX,m279178-0020,catalogue variant,pending source review,https://www.rolex.com/en-gb/watches/lady-datejust/m279178-0020,pending,pending,
CATALOGUE:M279178-0021,ROLEX,m279178-0021,catalogue variant,pending source review,https://www.rolex.com/en-gb/watches/lady-datejust/m279178-0021,pending,pending,
CATALOGUE:M279178-0022,ROLEX,m279178-0022,catalogue variant,pending source review,https://www.rolex.com/en-gb/watches/lady-datejust/m279178-0022,pending,pending,
CATALOGUE:M279178-0023,ROLEX,m279178-0023,catalogue variant,pending source review,https://www.rolex.com/en-gb/watches/lady-datejust/m279178-0023,pending,pending,
CATALOGUE:M279178-0024,ROLEX,m279178-0024,catalogue variant,pending source review,https://www.rolex.com/en-gb/watches/lady-datejust/m279178-0024,pending,pending,
CATALOGUE:M279178-0025,ROLEX,m279178-0025,catalogue variant,pending source review,https://www.rolex.com/en-gb/watches/lady-datejust/m279178-0025,pending,pending,
CATALOGUE:M279178-0026,ROLEX,m279178-0026,catalogue variant,pending source review,https://www.rolex.com/en-gb/watches/lady-datejust/m279178-0026,pending,pending,
CATALOGUE:M279178-0029,ROLEX,m279178-0029,catalogue variant,pending source review,https://www.rolex.com/en-gb/watches/lady-datejust/m279178-0029,pending,pending,
CATALOGUE:M279178-0030,ROLEX,m279178-0030,catalogue variant,pending source review,https://www.rolex.com/en-gb/watches/lady-datejust/m279178-0030,pending,pending,
CATALOGUE:M279178-0031,ROLEX,m279178-0031,catalogue variant,pending source review,https://www.rolex.com/en-gb/watches/lady-datejust/m279178-0031,pending,pending,
CATALOGUE:M279178-0032,ROLEX,m279178-0032,catalogue variant,pending source review,https://www.rolex.com/en-gb/watches/lady-datejust/m279178-0032,pending,pending,
CATALOGUE:M279381RBR-0003,ROLEX,m279381rbr-0003,catalogue variant,pending source review,https://www.rolex.com/en-gb/watches/lady-datejust/m279381rbr-0003,pending,pending,
CATALOGUE:M279381RBR-0004,ROLEX,m279381rbr-0004,catalogue variant,pending source review,https://www.rolex.com/en-gb/watches/lady-datejust/m279381rbr-0004,pending,pending,
CATALOGUE:M279381RBR-0007,ROLEX,m279381rbr-0007,catalogue variant,pending source review,https://www.rolex.com/en-gb/watches/lady-datejust/m279381rbr-0007,pending,pending,
CATALOGUE:M279381RBR-0008,ROLEX,m279381rbr-0008,catalogue variant,pending source review,https://www.rolex.com/en-gb/watches/lady-datejust/m279381rbr-0008,pending,pending,
CATALOGUE:M279381RBR-0009,ROLEX,m279381rbr-0009,catalogue variant,pending source review,https://www.rolex.com/en-gb/watches/lady-datejust/m279381rbr-0009,pending,pending,
CATALOGUE:M279381RBR-0010,ROLEX,m279381rbr-0010,catalogue variant,pending source review,https://www.rolex.com/en-gb/watches/lady-datejust/m279381rbr-0010,pending,pending,
CATALOGUE:M279381RBR-0011,ROLEX,m279381rbr-0011,catalogue variant,pending source review,https://www.rolex.com/en-gb/watches/lady-datejust/m279381rbr-0011,pending,pending,
CATALOGUE:M279381RBR-0012,ROLEX,m279381rbr-0012,catalogue variant,pending source review,https://www.rolex.com/en-gb/watches/lady-datejust/m279381rbr-0012,pending,pending,
CATALOGUE:M279381RBR-0013,ROLEX,m279381rbr-0013,catalogue variant,pending source review,https://www.rolex.com/en-gb/watches/lady-datejust/m279381rbr-0013,pending,pending,
CATALOGUE:M279381RBR-0014,ROLEX,m279381rbr-0014,catalogue variant,pending source review,https://www.rolex.com/en-gb/watches/lady-datejust/m279381rbr-0014,pending,pending,
CATALOGUE:M279381RBR-0015,ROLEX,m279381rbr-0015,catalogue variant,pending source review,https://www.rolex.com/en-gb/watches/lady-datejust/m279381rbr-0015,pending,pending,
CATALOGUE:M279381RBR-0016,ROLEX,m279381rbr-0016,catalogue variant,pending source review,https://www.rolex.com/en-gb/watches/lady-datejust/m279381rbr-0016,pending,pending,
CATALOGUE:M279381RBR-0017,ROLEX,m279381rbr-0017,catalogue variant,pending source review,https://www.rolex.com/en-gb/watches/lady-datejust/m279381rbr-0017,pending,pending,
CATALOGUE:M279381RBR-0018,ROLEX,m279381rbr-0018,catalogue variant,pending source review,https://www.rolex.com/en-gb/watches/lady-datejust/m279381rbr-0018,pending,pending,
CATALOGUE:M279381RBR-0021,ROLEX,m279381rbr-0021,catalogue variant,pending source review,https://www.rolex.com/en-gb/watches/lady-datejust/m279381rbr-0021,pending,pending,
CATALOGUE:M279381RBR-0022,ROLEX,m279381rbr-0022,catalogue variant,pending source review,https://www.rolex.com/en-gb/watches/lady-datejust/m279381rbr-0022,pending,pending,
CATALOGUE:M279381RBR-0023,ROLEX,m279381rbr-0023,catalogue variant,pending source review,https://www.rolex.com/en-gb/watches/lady-datejust/m279381rbr-0023,pending,pending,
CATALOGUE:M279381RBR-0024,ROLEX,m279381rbr-0024,catalogue variant,pending source review,https://www.rolex.com/en-gb/watches/lady-datejust/m279381rbr-0024,pending,pending,
CATALOGUE:M279381RBR-0025,ROLEX,m279381rbr-0025,catalogue variant,pending source review,https://www.rolex.com/en-gb/watches/lady-datejust/m279381rbr-0025,pending,pending,
CATALOGUE:M279381RBR-0026,ROLEX,m279381rbr-0026,catalogue variant,pending source review,https://www.rolex.com/en-gb/watches/lady-datejust/m279381rbr-0026,pending,pending,
CATALOGUE:M279381RBR-0027,ROLEX,m279381rbr-0027,catalogue variant,pending source review,https://www.rolex.com/en-gb/watches/lady-datejust/m279381rbr-0027,pending,pending,
CATALOGUE:M279381RBR-0028,ROLEX,m279381rbr-0028,catalogue variant,pending source review,https://www.rolex.com/en-gb/watches/lady-datejust/m279381rbr-0028,pending,pending,
CATALOGUE:M279383RBR-0001,ROLEX,m279383rbr-0001,catalogue variant,pending source review,https://www.rolex.com/en-gb/watches/lady-datejust/m279383rbr-0001,pending,pending,
CATALOGUE:M279383RBR-0002,ROLEX,m279383rbr-0002,catalogue variant,pending source review,https://www.rolex.com/en-gb/watches/lady-datejust/m279383rbr-0002,pending,pending,
CATALOGUE:M279383RBR-0003,ROLEX,m279383rbr-0003,catalogue variant,pending source review,https://www.rolex.com/en-gb/watches/lady-datejust/m279383rbr-0003,pending,pending,
CATALOGUE:M279383RBR-0004,ROLEX,m279383rbr-0004,catalogue variant,pending source review,https://www.rolex.com/en-gb/watches/lady-datejust/m279383rbr-0004,pending,pending,
CATALOGUE:M279383RBR-0005,ROLEX,m279383rbr-0005,catalogue variant,pending source review,https://www.rolex.com/en-gb/watches/lady-datejust/m279383rbr-0005,pending,pending,
CATALOGUE:M279383RBR-0006,ROLEX,m279383rbr-0006,catalogue variant,pending source review,https://www.rolex.com/en-gb/watches/lady-datejust/m279383rbr-0006,pending,pending,
CATALOGUE:M279383RBR-0007,ROLEX,m279383rbr-0007,catalogue variant,pending source review,https://www.rolex.com/en-gb/watches/lady-datejust/m279383rbr-0007,pending,pending,
CATALOGUE:M279383RBR-0008,ROLEX,m279383rbr-0008,catalogue variant,pending source review,https://www.rolex.com/en-gb/watches/lady-datejust/m279383rbr-0008,pending,pending,
CATALOGUE:M279383RBR-0009,ROLEX,m279383rbr-0009,catalogue variant,pending source review,https://www.rolex.com/en-gb/watches/lady-datejust/m279383rbr-0009,pending,pending,
CATALOGUE:M279383RBR-0010,ROLEX,m279383rbr-0010,catalogue variant,pending source review,https://www.rolex.com/en-gb/watches/lady-datejust/m279383rbr-0010,pending,pending,
CATALOGUE:M279383RBR-0011,ROLEX,m279383rbr-0011,catalogue variant,pending source review,https://www.rolex.com/en-gb/watches/lady-datejust/m279383rbr-0011,pending,pending,
CATALOGUE:M279383RBR-0012,ROLEX,m279383rbr-0012,catalogue variant,pending source review,https://www.rolex.com/en-gb/watches/lady-datejust/m279383rbr-0012,pending,pending,
CATALOGUE:M279383RBR-0017,ROLEX,m279383rbr-0017,catalogue variant,pending source review,https://www.rolex.com/en-gb/watches/lady-datejust/m279383rbr-0017,pending,pending,
CATALOGUE:M279383RBR-0018,ROLEX,m279383rbr-0018,catalogue variant,pending source review,https://www.rolex.com/en-gb/watches/lady-datejust/m279383rbr-0018,pending,pending,
CATALOGUE:M279383RBR-0019,ROLEX,m279383rbr-0019,catalogue variant,pending source review,https://www.rolex.com/en-gb/watches/lady-datejust/m279383rbr-0019,pending,pending,
CATALOGUE:M279383RBR-0020,ROLEX,m279383rbr-0020,catalogue variant,pending source review,https://www.rolex.com/en-gb/watches/lady-datejust/m279383rbr-0020,pending,pending,
CATALOGUE:M279383RBR-0021,ROLEX,m279383rbr-0021,catalogue variant,pending source review,https://www.rolex.com/en-gb/watches/lady-datejust/m279383rbr-0021,pending,pending,
CATALOGUE:M279383RBR-0022,ROLEX,m279383rbr-0022,catalogue variant,pending source review,https://www.rolex.com/en-gb/watches/lady-datejust/m279383rbr-0022,pending,pending,
CATALOGUE:M279383RBR-0023,ROLEX,m279383rbr-0023,catalogue variant,pending source review,https://www.rolex.com/en-gb/watches/lady-datejust/m279383rbr-0023,pending,pending,
CATALOGUE:M279383RBR-0024,ROLEX,m279383rbr-0024,catalogue variant,pending source review,https://www.rolex.com/en-gb/watches/lady-datejust/m279383rbr-0024,pending,pending,
CATALOGUE:M279384RBR-0001,ROLEX,m279384rbr-0001,catalogue variant,pending source review,https://www.rolex.com/en-gb/watches/lady-datejust/m279384rbr-0001,pending,pending,
CATALOGUE:M279384RBR-0002,ROLEX,m279384rbr-0002,catalogue variant,pending source review,https://www.rolex.com/en-gb/watches/lady-datejust/m279384rbr-0002,pending,pending,
CATALOGUE:M279384RBR-0003,ROLEX,m279384rbr-0003,catalogue variant,pending source review,https://www.rolex.com/en-gb/watches/lady-datejust/m279384rbr-0003,pending,pending,
CATALOGUE:M279384RBR-0004,ROLEX,m279384rbr-0004,catalogue variant,pending source review,https://www.rolex.com/en-gb/watches/lady-datejust/m279384rbr-0004,pending,pending,
CATALOGUE:M279384RBR-0005,ROLEX,m279384rbr-0005,catalogue variant,pending source review,https://www.rolex.com/en-gb/watches/lady-datejust/m279384rbr-0005,pending,pending,
CATALOGUE:M279384RBR-0006,ROLEX,m279384rbr-0006,catalogue variant,pending source review,https://www.rolex.com/en-gb/watches/lady-datejust/m279384rbr-0006,pending,pending,
CATALOGUE:M279384RBR-0007,ROLEX,m279384rbr-0007,catalogue variant,pending source review,https://www.rolex.com/en-gb/watches/lady-datejust/m279384rbr-0007,pending,pending,
CATALOGUE:M279384RBR-0008,ROLEX,m279384rbr-0008,catalogue variant,pending source review,https://www.rolex.com/en-gb/watches/lady-datejust/m279384rbr-0008,pending,pending,
CATALOGUE:M279384RBR-0009,ROLEX,m279384rbr-0009,catalogue variant,pending source review,https://www.rolex.com/en-gb/watches/lady-datejust/m279384rbr-0009,pending,pending,
CATALOGUE:M279384RBR-0010,ROLEX,m279384rbr-0010,catalogue variant,pending source review,https://www.rolex.com/en-gb/watches/lady-datejust/m279384rbr-0010,pending,pending,
CATALOGUE:M279384RBR-0011,ROLEX,m279384rbr-0011,catalogue variant,pending source review,https://www.rolex.com/en-gb/watches/lady-datejust/m279384rbr-0011,pending,pending,
CATALOGUE:M279384RBR-0012,ROLEX,m279384rbr-0012,catalogue variant,pending source review,https://www.rolex.com/en-gb/watches/lady-datejust/m279384rbr-0012,pending,pending,
CATALOGUE:M279384RBR-0013,ROLEX,m279384rbr-0013,catalogue variant,pending source review,https://www.rolex.com/en-gb/watches/lady-datejust/m279384rbr-0013,pending,pending,
CATALOGUE:M279384RBR-0014,ROLEX,m279384rbr-0014,catalogue variant,pending source review,https://www.rolex.com/en-gb/watches/lady-datejust/m279384rbr-0014,pending,pending,
CATALOGUE:M279384RBR-0015,ROLEX,m279384rbr-0015,catalogue variant,pending source review,https://www.rolex.com/en-gb/watches/lady-datejust/m279384rbr-0015,pending,pending,
CATALOGUE:M279384RBR-0016,ROLEX,m279384rbr-0016,catalogue variant,pending source review,https://www.rolex.com/en-gb/watches/lady-datejust/m279384rbr-0016,pending,pending,
CATALOGUE:M279384RBR-0017,ROLEX,m279384rbr-0017,catalogue variant,pending source review,https://www.rolex.com/en-gb/watches/lady-datejust/m279384rbr-0017,pending,pending,
CATALOGUE:M279384RBR-0018,ROLEX,m279384rbr-0018,catalogue variant,pending source review,https://www.rolex.com/en-gb/watches/lady-datejust/m279384rbr-0018,pending,pending,
CATALOGUE:M279384RBR-0019,ROLEX,m279384rbr-0019,catalogue variant,pending source review,https://www.rolex.com/en-gb/watches/lady-datejust/m279384rbr-0019,pending,pending,
CATALOGUE:M279384RBR-0020,ROLEX,m279384rbr-0020,catalogue variant,pending source review,https://www.rolex.com/en-gb/watches/lady-datejust/m279384rbr-0020,pending,pending,
CATALOGUE:M279384RBR-0021,ROLEX,m279384rbr-0021,catalogue variant,pending source review,https://www.rolex.com/en-gb/watches/lady-datejust/m279384rbr-0021,pending,pending,
CATALOGUE:M279384RBR-0022,ROLEX,m279384rbr-0022,catalogue variant,pending source review,https://www.rolex.com/en-gb/watches/lady-datejust/m279384rbr-0022,pending,pending,
CATALOGUE:M279458RBR-0001,ROLEX,m279458rbr-0001,catalogue variant,pending source review,https://www.rolex.com/en-gb/watches/lady-datejust/m279458rbr-0001,pending,pending,
CATALOGUE:M279459RBR-0001,ROLEX,m279459rbr-0001,catalogue variant,pending source review,https://www.rolex.com/en-gb/watches/lady-datejust/m279459rbr-0001,pending,pending,
CATALOGUE:M127234-0001,ROLEX,m127234-0001,catalogue variant,pending source review,https://www.rolex.com/en-gb/watches/land-dweller/m127234-0001,pending,pending,
CATALOGUE:M127235-0001,ROLEX,m127235-0001,catalogue variant,pending source review,https://www.rolex.com/en-gb/watches/land-dweller/m127235-0001,pending,pending,
CATALOGUE:M127236-0001,ROLEX,m127236-0001,catalogue variant,pending source review,https://www.rolex.com/en-gb/watches/land-dweller/m127236-0001,pending,pending,
CATALOGUE:M127285TBR-0002,ROLEX,m127285tbr-0002,catalogue variant,pending source review,https://www.rolex.com/en-gb/watches/land-dweller/m127285tbr-0002,pending,pending,
CATALOGUE:M127286TBR-0001,ROLEX,m127286tbr-0001,catalogue variant,pending source review,https://www.rolex.com/en-gb/watches/land-dweller/m127286tbr-0001,pending,pending,
CATALOGUE:M127334-0001,ROLEX,m127334-0001,catalogue variant,pending source review,https://www.rolex.com/en-gb/watches/land-dweller/m127334-0001,pending,pending,
CATALOGUE:M127335-0001,ROLEX,m127335-0001,catalogue variant,pending source review,https://www.rolex.com/en-gb/watches/land-dweller/m127335-0001,pending,pending,
CATALOGUE:M127336-0001,ROLEX,m127336-0001,catalogue variant,pending source review,https://www.rolex.com/en-gb/watches/land-dweller/m127336-0001,pending,pending,
CATALOGUE:M127385TBR-0003,ROLEX,m127385tbr-0003,catalogue variant,pending source review,https://www.rolex.com/en-gb/watches/land-dweller/m127385tbr-0003,pending,pending,
CATALOGUE:M127386TBR-0001,ROLEX,m127386tbr-0001,catalogue variant,pending source review,https://www.rolex.com/en-gb/watches/land-dweller/m127386tbr-0001,pending,pending,
CATALOGUE:M276200-0001,ROLEX,m276200-0001,catalogue variant,pending source review,https://www.rolex.com/en-gb/watches/oyster-perpetual/m276200-0001,pending,pending,
CATALOGUE:M276200-0006,ROLEX,m276200-0006,catalogue variant,pending source review,https://www.rolex.com/en-gb/watches/oyster-perpetual/m276200-0006,pending,pending,
CATALOGUE:M276200-0007,ROLEX,m276200-0007,catalogue variant,pending source review,https://www.rolex.com/en-gb/watches/oyster-perpetual/m276200-0007,pending,pending,
CATALOGUE:M276200-0008,ROLEX,m276200-0008,catalogue variant,pending source review,https://www.rolex.com/en-gb/watches/oyster-perpetual/m276200-0008,pending,pending,
CATALOGUE:M276200-0009,ROLEX,m276200-0009,catalogue variant,pending source review,https://www.rolex.com/en-gb/watches/oyster-perpetual/m276200-0009,pending,pending,
CATALOGUE:M276200-0010,ROLEX,m276200-0010,catalogue variant,pending source review,https://www.rolex.com/en-gb/watches/oyster-perpetual/m276200-0010,pending,pending,
CATALOGUE:M276200-0011,ROLEX,m276200-0011,catalogue variant,pending source review,https://www.rolex.com/en-gb/watches/oyster-perpetual/m276200-0011,pending,pending,
CATALOGUE:M276205-0001,ROLEX,m276205-0001,catalogue variant,pending source review,https://www.rolex.com/en-gb/watches/oyster-perpetual/m276205-0001,pending,pending,
CATALOGUE:M276205-0002,ROLEX,m276205-0002,catalogue variant,pending source review,https://www.rolex.com/en-gb/watches/oyster-perpetual/m276205-0002,pending,pending,
CATALOGUE:M276208-0001,ROLEX,m276208-0001,catalogue variant,pending source review,https://www.rolex.com/en-gb/watches/oyster-perpetual/m276208-0001,pending,pending,
CATALOGUE:M276208-0002,ROLEX,m276208-0002,catalogue variant,pending source review,https://www.rolex.com/en-gb/watches/oyster-perpetual/m276208-0002,pending,pending,
CATALOGUE:M276245RBR-0001,ROLEX,m276245rbr-0001,catalogue variant,pending source review,https://www.rolex.com/en-gb/watches/oyster-perpetual/m276245rbr-0001,pending,pending,
CATALOGUE:M276245RBR-0002,ROLEX,m276245rbr-0002,catalogue variant,pending source review,https://www.rolex.com/en-gb/watches/oyster-perpetual/m276245rbr-0002,pending,pending,
CATALOGUE:M276248RBR-0001,ROLEX,m276248rbr-0001,catalogue variant,pending source review,https://www.rolex.com/en-gb/watches/oyster-perpetual/m276248rbr-0001,pending,pending,
CATALOGUE:M276248RBR-0002,ROLEX,m276248rbr-0002,catalogue variant,pending source review,https://www.rolex.com/en-gb/watches/oyster-perpetual/m276248rbr-0002,pending,pending,
CATALOGUE:M277200-0001,ROLEX,m277200-0001,catalogue variant,pending source review,https://www.rolex.com/en-gb/watches/oyster-perpetual/m277200-0001,pending,pending,
CATALOGUE:M277200-0006,ROLEX,m277200-0006,catalogue variant,pending source review,https://www.rolex.com/en-gb/watches/oyster-perpetual/m277200-0006,pending,pending,
CATALOGUE:M277200-0007,ROLEX,m277200-0007,catalogue variant,pending source review,https://www.rolex.com/en-gb/watches/oyster-perpetual/m277200-0007,pending,pending,
CATALOGUE:M277200-0009,ROLEX,m277200-0009,catalogue variant,pending source review,https://www.rolex.com/en-gb/watches/oyster-perpetual/m277200-0009,pending,pending,
CATALOGUE:M277200-0012,ROLEX,m277200-0012,catalogue variant,pending source review,https://www.rolex.com/en-gb/watches/oyster-perpetual/m277200-0012,pending,pending,
CATALOGUE:M277200-0013,ROLEX,m277200-0013,catalogue variant,pending source review,https://www.rolex.com/en-gb/watches/oyster-perpetual/m277200-0013,pending,pending,
CATALOGUE:M277200-0014,ROLEX,m277200-0014,catalogue variant,pending source review,https://www.rolex.com/en-gb/watches/oyster-perpetual/m277200-0014,pending,pending,
CATALOGUE:M277200-0016,ROLEX,m277200-0016,catalogue variant,pending source review,https://www.rolex.com/en-gb/watches/oyster-perpetual/m277200-0016,pending,pending,
CATALOGUE:M277200-0017,ROLEX,m277200-0017,catalogue variant,pending source review,https://www.rolex.com/en-gb/watches/oyster-perpetual/m277200-0017,pending,pending,
CATALOGUE:M277200-0019,ROLEX,m277200-0019,catalogue variant,pending source review,https://www.rolex.com/en-gb/watches/oyster-perpetual/m277200-0019,pending,pending,
CATALOGUE:M277203-0001,ROLEX,m277203-0001,catalogue variant,pending source review,https://www.rolex.com/en-gb/watches/oyster-perpetual/m277203-0001,pending,pending,
CATALOGUE:M124200-0001,ROLEX,m124200-0001,catalogue variant,pending source review,https://www.rolex.com/en-gb/watches/oyster-perpetual/m124200-0001,pending,pending,
CATALOGUE:M124200-0006,ROLEX,m124200-0006,catalogue variant,pending source review,https://www.rolex.com/en-gb/watches/oyster-perpetual/m124200-0006,pending,pending,
CATALOGUE:M124200-0007,ROLEX,m124200-0007,catalogue variant,pending source review,https://www.rolex.com/en-gb/watches/oyster-perpetual/m124200-0007,pending,pending,
CATALOGUE:M124200-0008,ROLEX,m124200-0008,catalogue variant,pending source review,https://www.rolex.com/en-gb/watches/oyster-perpetual/m124200-0008,pending,pending,
CATALOGUE:M124200-0009,ROLEX,m124200-0009,catalogue variant,pending source review,https://www.rolex.com/en-gb/watches/oyster-perpetual/m124200-0009,pending,pending,
CATALOGUE:M124200-0010,ROLEX,m124200-0010,catalogue variant,pending source review,https://www.rolex.com/en-gb/watches/oyster-perpetual/m124200-0010,pending,pending,
CATALOGUE:M124200-0011,ROLEX,m124200-0011,catalogue variant,pending source review,https://www.rolex.com/en-gb/watches/oyster-perpetual/m124200-0011,pending,pending,
CATALOGUE:M124205-0001,ROLEX,m124205-0001,catalogue variant,pending source review,https://www.rolex.com/en-gb/watches/oyster-perpetual/m124205-0001,pending,pending,
CATALOGUE:M124205-0002,ROLEX,m124205-0002,catalogue variant,pending source review,https://www.rolex.com/en-gb/watches/oyster-perpetual/m124205-0002,pending,pending,
CATALOGUE:M124208-0001,ROLEX,m124208-0001,catalogue variant,pending source review,https://www.rolex.com/en-gb/watches/oyster-perpetual/m124208-0001,pending,pending,
CATALOGUE:M124208-0002,ROLEX,m124208-0002,catalogue variant,pending source review,https://www.rolex.com/en-gb/watches/oyster-perpetual/m124208-0002,pending,pending,
CATALOGUE:M124245RBR-0001,ROLEX,m124245rbr-0001,catalogue variant,pending source review,https://www.rolex.com/en-gb/watches/oyster-perpetual/m124245rbr-0001,pending,pending,
CATALOGUE:M124245RBR-0002,ROLEX,m124245rbr-0002,catalogue variant,pending source review,https://www.rolex.com/en-gb/watches/oyster-perpetual/m124245rbr-0002,pending,pending,
CATALOGUE:M124248RBR-0001,ROLEX,m124248rbr-0001,catalogue variant,pending source review,https://www.rolex.com/en-gb/watches/oyster-perpetual/m124248rbr-0001,pending,pending,
CATALOGUE:M124248RBR-0002,ROLEX,m124248rbr-0002,catalogue variant,pending source review,https://www.rolex.com/en-gb/watches/oyster-perpetual/m124248rbr-0002,pending,pending,
CATALOGUE:M126000-0001,ROLEX,m126000-0001,catalogue variant,pending source review,https://www.rolex.com/en-gb/watches/oyster-perpetual/m126000-0001,pending,pending,
CATALOGUE:M126000-0005,ROLEX,m126000-0005,catalogue variant,pending source review,https://www.rolex.com/en-gb/watches/oyster-perpetual/m126000-0005,pending,pending,
CATALOGUE:M126000-0006,ROLEX,m126000-0006,catalogue variant,pending source review,https://www.rolex.com/en-gb/watches/oyster-perpetual/m126000-0006,pending,pending,
CATALOGUE:M126000-0008,ROLEX,m126000-0008,catalogue variant,pending source review,https://www.rolex.com/en-gb/watches/oyster-perpetual/m126000-0008,pending,pending,
CATALOGUE:M126000-0011,ROLEX,m126000-0011,catalogue variant,pending source review,https://www.rolex.com/en-gb/watches/oyster-perpetual/m126000-0011,pending,pending,
CATALOGUE:M126000-0012,ROLEX,m126000-0012,catalogue variant,pending source review,https://www.rolex.com/en-gb/watches/oyster-perpetual/m126000-0012,pending,pending,
CATALOGUE:M126000-0013,ROLEX,m126000-0013,catalogue variant,pending source review,https://www.rolex.com/en-gb/watches/oyster-perpetual/m126000-0013,pending,pending,
CATALOGUE:M126000-0014,ROLEX,m126000-0014,catalogue variant,pending source review,https://www.rolex.com/en-gb/watches/oyster-perpetual/m126000-0014,pending,pending,
CATALOGUE:M126000-0015,ROLEX,m126000-0015,catalogue variant,pending source review,https://www.rolex.com/en-gb/watches/oyster-perpetual/m126000-0015,pending,pending,
CATALOGUE:M126000-0016,ROLEX,m126000-0016,catalogue variant,pending source review,https://www.rolex.com/en-gb/watches/oyster-perpetual/m126000-0016,pending,pending,
CATALOGUE:M126003-0001,ROLEX,m126003-0001,catalogue variant,pending source review,https://www.rolex.com/en-gb/watches/oyster-perpetual/m126003-0001,pending,pending,
CATALOGUE:M134300-0001,ROLEX,m134300-0001,catalogue variant,pending source review,https://www.rolex.com/en-gb/watches/oyster-perpetual/m134300-0001,pending,pending,
CATALOGUE:M134300-0004,ROLEX,m134300-0004,catalogue variant,pending source review,https://www.rolex.com/en-gb/watches/oyster-perpetual/m134300-0004,pending,pending,
CATALOGUE:M134300-0006,ROLEX,m134300-0006,catalogue variant,pending source review,https://www.rolex.com/en-gb/watches/oyster-perpetual/m134300-0006,pending,pending,
CATALOGUE:M134300-0007,ROLEX,m134300-0007,catalogue variant,pending source review,https://www.rolex.com/en-gb/watches/oyster-perpetual/m134300-0007,pending,pending,
CATALOGUE:M134300-0008,ROLEX,m134300-0008,catalogue variant,pending source review,https://www.rolex.com/en-gb/watches/oyster-perpetual/m134300-0008,pending,pending,
CATALOGUE:M134300-0009,ROLEX,m134300-0009,catalogue variant,pending source review,https://www.rolex.com/en-gb/watches/oyster-perpetual/m134300-0009,pending,pending,
CATALOGUE:M134300-0010,ROLEX,m134300-0010,catalogue variant,pending source review,https://www.rolex.com/en-gb/watches/oyster-perpetual/m134300-0010,pending,pending,
CATALOGUE:M134300-0012,ROLEX,m134300-0012,catalogue variant,pending source review,https://www.rolex.com/en-gb/watches/oyster-perpetual/m134300-0012,pending,pending,
CATALOGUE:M134300-0013,ROLEX,m134300-0013,catalogue variant,pending source review,https://www.rolex.com/en-gb/watches/oyster-perpetual/m134300-0013,pending,pending,
CATALOGUE:M134303-0001,ROLEX,m134303-0001,catalogue variant,pending source review,https://www.rolex.com/en-gb/watches/oyster-perpetual/m134303-0001,pending,pending,
CATALOGUE:M126600-0002,ROLEX,m126600-0002,catalogue variant,pending source review,https://www.rolex.com/en-gb/watches/sea-dweller/m126600-0002,pending,pending,
CATALOGUE:M126603-0001,ROLEX,m126603-0001,catalogue variant,pending source review,https://www.rolex.com/en-gb/watches/sea-dweller/m126603-0001,pending,pending,
CATALOGUE:M336235-0002,ROLEX,m336235-0002,catalogue variant,pending source review,https://www.rolex.com/en-gb/watches/sky-dweller/m336235-0002,pending,pending,
CATALOGUE:M336235-0003,ROLEX,m336235-0003,catalogue variant,pending source review,https://www.rolex.com/en-gb/watches/sky-dweller/m336235-0003,pending,pending,
CATALOGUE:M336235-0004,ROLEX,m336235-0004,catalogue variant,pending source review,https://www.rolex.com/en-gb/watches/sky-dweller/m336235-0004,pending,pending,
CATALOGUE:M336238-0001,ROLEX,m336238-0001,catalogue variant,pending source review,https://www.rolex.com/en-gb/watches/sky-dweller/m336238-0001,pending,pending,
CATALOGUE:M336238-0002,ROLEX,m336238-0002,catalogue variant,pending source review,https://www.rolex.com/en-gb/watches/sky-dweller/m336238-0002,pending,pending,
CATALOGUE:M336238-0003,ROLEX,m336238-0003,catalogue variant,pending source review,https://www.rolex.com/en-gb/watches/sky-dweller/m336238-0003,pending,pending,
CATALOGUE:M336238-0004,ROLEX,m336238-0004,catalogue variant,pending source review,https://www.rolex.com/en-gb/watches/sky-dweller/m336238-0004,pending,pending,
CATALOGUE:M336239-0002,ROLEX,m336239-0002,catalogue variant,pending source review,https://www.rolex.com/en-gb/watches/sky-dweller/m336239-0002,pending,pending,
CATALOGUE:M336239-0003,ROLEX,m336239-0003,catalogue variant,pending source review,https://www.rolex.com/en-gb/watches/sky-dweller/m336239-0003,pending,pending,
CATALOGUE:M336933-0001,ROLEX,m336933-0001,catalogue variant,pending source review,https://www.rolex.com/en-gb/watches/sky-dweller/m336933-0001,pending,pending,
CATALOGUE:M336933-0002,ROLEX,m336933-0002,catalogue variant,pending source review,https://www.rolex.com/en-gb/watches/sky-dweller/m336933-0002,pending,pending,
CATALOGUE:M336933-0003,ROLEX,m336933-0003,catalogue variant,pending source review,https://www.rolex.com/en-gb/watches/sky-dweller/m336933-0003,pending,pending,
CATALOGUE:M336933-0004,ROLEX,m336933-0004,catalogue variant,pending source review,https://www.rolex.com/en-gb/watches/sky-dweller/m336933-0004,pending,pending,
CATALOGUE:M336933-0005,ROLEX,m336933-0005,catalogue variant,pending source review,https://www.rolex.com/en-gb/watches/sky-dweller/m336933-0005,pending,pending,
CATALOGUE:M336933-0006,ROLEX,m336933-0006,catalogue variant,pending source review,https://www.rolex.com/en-gb/watches/sky-dweller/m336933-0006,pending,pending,
CATALOGUE:M336934-0001,ROLEX,m336934-0001,catalogue variant,pending source review,https://www.rolex.com/en-gb/watches/sky-dweller/m336934-0001,pending,pending,
CATALOGUE:M336934-0002,ROLEX,m336934-0002,catalogue variant,pending source review,https://www.rolex.com/en-gb/watches/sky-dweller/m336934-0002,pending,pending,
CATALOGUE:M336934-0003,ROLEX,m336934-0003,catalogue variant,pending source review,https://www.rolex.com/en-gb/watches/sky-dweller/m336934-0003,pending,pending,
CATALOGUE:M336934-0004,ROLEX,m336934-0004,catalogue variant,pending source review,https://www.rolex.com/en-gb/watches/sky-dweller/m336934-0004,pending,pending,
CATALOGUE:M336934-0005,ROLEX,m336934-0005,catalogue variant,pending source review,https://www.rolex.com/en-gb/watches/sky-dweller/m336934-0005,pending,pending,
CATALOGUE:M336934-0006,ROLEX,m336934-0006,catalogue variant,pending source review,https://www.rolex.com/en-gb/watches/sky-dweller/m336934-0006,pending,pending,
CATALOGUE:M336934-0007,ROLEX,m336934-0007,catalogue variant,pending source review,https://www.rolex.com/en-gb/watches/sky-dweller/m336934-0007,pending,pending,
CATALOGUE:M336934-0008,ROLEX,m336934-0008,catalogue variant,pending source review,https://www.rolex.com/en-gb/watches/sky-dweller/m336934-0008,pending,pending,
CATALOGUE:M336935-0001,ROLEX,m336935-0001,catalogue variant,pending source review,https://www.rolex.com/en-gb/watches/sky-dweller/m336935-0001,pending,pending,
CATALOGUE:M336935-0002,ROLEX,m336935-0002,catalogue variant,pending source review,https://www.rolex.com/en-gb/watches/sky-dweller/m336935-0002,pending,pending,
CATALOGUE:M336935-0003,ROLEX,m336935-0003,catalogue variant,pending source review,https://www.rolex.com/en-gb/watches/sky-dweller/m336935-0003,pending,pending,
CATALOGUE:M336935-0004,ROLEX,m336935-0004,catalogue variant,pending source review,https://www.rolex.com/en-gb/watches/sky-dweller/m336935-0004,pending,pending,
CATALOGUE:M336935-0005,ROLEX,m336935-0005,catalogue variant,pending source review,https://www.rolex.com/en-gb/watches/sky-dweller/m336935-0005,pending,pending,
CATALOGUE:M336935-0006,ROLEX,m336935-0006,catalogue variant,pending source review,https://www.rolex.com/en-gb/watches/sky-dweller/m336935-0006,pending,pending,
CATALOGUE:M336935-0007,ROLEX,m336935-0007,catalogue variant,pending source review,https://www.rolex.com/en-gb/watches/sky-dweller/m336935-0007,pending,pending,
CATALOGUE:M336935-0008,ROLEX,m336935-0008,catalogue variant,pending source review,https://www.rolex.com/en-gb/watches/sky-dweller/m336935-0008,pending,pending,
CATALOGUE:M336938-0001,ROLEX,m336938-0001,catalogue variant,pending source review,https://www.rolex.com/en-gb/watches/sky-dweller/m336938-0001,pending,pending,
CATALOGUE:M336938-0002,ROLEX,m336938-0002,catalogue variant,pending source review,https://www.rolex.com/en-gb/watches/sky-dweller/m336938-0002,pending,pending,
CATALOGUE:M336938-0003,ROLEX,m336938-0003,catalogue variant,pending source review,https://www.rolex.com/en-gb/watches/sky-dweller/m336938-0003,pending,pending,
CATALOGUE:M336938-0004,ROLEX,m336938-0004,catalogue variant,pending source review,https://www.rolex.com/en-gb/watches/sky-dweller/m336938-0004,pending,pending,
CATALOGUE:M336938-0005,ROLEX,m336938-0005,catalogue variant,pending source review,https://www.rolex.com/en-gb/watches/sky-dweller/m336938-0005,pending,pending,
CATALOGUE:M336938-0006,ROLEX,m336938-0006,catalogue variant,pending source review,https://www.rolex.com/en-gb/watches/sky-dweller/m336938-0006,pending,pending,
CATALOGUE:M336938-0007,ROLEX,m336938-0007,catalogue variant,pending source review,https://www.rolex.com/en-gb/watches/sky-dweller/m336938-0007,pending,pending,
CATALOGUE:M336938-0008,ROLEX,m336938-0008,catalogue variant,pending source review,https://www.rolex.com/en-gb/watches/sky-dweller/m336938-0008,pending,pending,
CATALOGUE:M124060-0001,ROLEX,m124060-0001,catalogue variant,pending source review,https://www.rolex.com/en-gb/watches/submariner/m124060-0001,pending,pending,
CATALOGUE:M126610LN-0001,ROLEX,m126610ln-0001,catalogue variant,variant source reviewed,https://www.rolex.com/en-gb/watches/submariner/m126610ln-0001,available,pending,2026-10-08
CATALOGUE:M126610LV-0002,ROLEX,m126610lv-0002,catalogue variant,pending source review,https://www.rolex.com/en-gb/watches/submariner/m126610lv-0002,pending,pending,
CATALOGUE:M126613LB-0002,ROLEX,m126613lb-0002,catalogue variant,pending source review,https://www.rolex.com/en-gb/watches/submariner/m126613lb-0002,pending,pending,
CATALOGUE:M126613LN-0002,ROLEX,m126613ln-0002,catalogue variant,pending source review,https://www.rolex.com/en-gb/watches/submariner/m126613ln-0002,pending,pending,
CATALOGUE:M126618LB-0002,ROLEX,m126618lb-0002,catalogue variant,pending source review,https://www.rolex.com/en-gb/watches/submariner/m126618lb-0002,pending,pending,
CATALOGUE:M126618LN-0002,ROLEX,m126618ln-0002,catalogue variant,pending source review,https://www.rolex.com/en-gb/watches/submariner/m126618ln-0002,pending,pending,
CATALOGUE:M268621-0003,ROLEX,m268621-0003,catalogue variant,pending source review,https://www.rolex.com/en-gb/watches/yacht-master/m268621-0003,pending,pending,
CATALOGUE:M268621-0004,ROLEX,m268621-0004,catalogue variant,pending source review,https://www.rolex.com/en-gb/watches/yacht-master/m268621-0004,pending,pending,
CATALOGUE:M268622-0002,ROLEX,m268622-0002,catalogue variant,pending source review,https://www.rolex.com/en-gb/watches/yacht-master/m268622-0002,pending,pending,
CATALOGUE:M268655-0017,ROLEX,m268655-0017,catalogue variant,pending source review,https://www.rolex.com/en-gb/watches/yacht-master/m268655-0017,pending,pending,
CATALOGUE:M126621-0001,ROLEX,m126621-0001,catalogue variant,pending source review,https://www.rolex.com/en-gb/watches/yacht-master/m126621-0001,pending,pending,
CATALOGUE:M126621-0002,ROLEX,m126621-0002,catalogue variant,pending source review,https://www.rolex.com/en-gb/watches/yacht-master/m126621-0002,pending,pending,
CATALOGUE:M126622-0001,ROLEX,m126622-0001,catalogue variant,pending source review,https://www.rolex.com/en-gb/watches/yacht-master/m126622-0001,pending,pending,
CATALOGUE:M126622-0002,ROLEX,m126622-0002,catalogue variant,pending source review,https://www.rolex.com/en-gb/watches/yacht-master/m126622-0002,pending,pending,
CATALOGUE:M126655-0002,ROLEX,m126655-0002,catalogue variant,pending source review,https://www.rolex.com/en-gb/watches/yacht-master/m126655-0002,pending,pending,
CATALOGUE:M226627-0001,ROLEX,m226627-0001,catalogue variant,pending source review,https://www.rolex.com/en-gb/watches/yacht-master/m226627-0001,pending,pending,
CATALOGUE:M226658-0001,ROLEX,m226658-0001,catalogue variant,pending source review,https://www.rolex.com/en-gb/watches/yacht-master/m226658-0001,pending,pending,
CATALOGUE:M226659-0002,ROLEX,m226659-0002,catalogue variant,pending source review,https://www.rolex.com/en-gb/watches/yacht-master/m226659-0002,pending,pending,
CATALOGUE:M126680-0001,ROLEX,m126680-0001,catalogue variant,pending source review,https://www.rolex.com/en-gb/watches/yacht-master-ii/m126680-0001,pending,pending,
CATALOGUE:M126688-0001,ROLEX,m126688-0001,catalogue variant,pending source review,https://www.rolex.com/en-gb/watches/yacht-master-ii/m126688-0001,pending,pending,
